source	asset_file	object_type	object_name	path_id	field_path	offset_or_location	confidence	notes
Row	level2	MonoBehaviour		7184	known_string_search	byte 1135092 (utf-8)	medium	known-string raw hit for 'Row'; raw hit falls inside Unity object 7184
Row	level2	MonoBehaviour		7232	known_string_search	byte 1139700 (utf-8)	medium	known-string raw hit for 'Row'; raw hit falls inside Unity object 7232
Row	level2	MonoBehaviour		7388	known_string_search	byte 1152324 (utf-8)	medium	known-string raw hit for 'Row'; raw hit falls inside Unity object 7388
Row	level2	MonoBehaviour		7415	known_string_search	byte 1154436 (utf-8)	medium	known-string raw hit for 'Row'; raw hit falls inside Unity object 7415
Row	level2	MonoBehaviour		7576	known_string_search	byte 1170820 (utf-8)	medium	known-string raw hit for 'Row'; raw hit falls inside Unity object 7576
Row	level2	MonoBehaviour	Who1	7415	raw_length_prefixed_string	byte 1154436	high	length-prefixed MonoBehaviour string; owning GameObject 'Who1'
Row	level2	MonoBehaviour	Who1 (1)	7576	raw_length_prefixed_string	byte 1170820	high	length-prefixed MonoBehaviour string; owning GameObject 'Who1 (1)'
Row	level2	MonoBehaviour	Who1 (2)	7232	raw_length_prefixed_string	byte 1139700	high	length-prefixed MonoBehaviour string; owning GameObject 'Who1 (2)'
Row	level2	MonoBehaviour	Who1 (3)	7184	raw_length_prefixed_string	byte 1135092	high	length-prefixed MonoBehaviour string; owning GameObject 'Who1 (3)'
Row	level2	MonoBehaviour	Who1 (4)	7388	raw_length_prefixed_string	byte 1152324	high	length-prefixed MonoBehaviour string; owning GameObject 'Who1 (4)'
Row	level2	raw_bytes			known_string_search	byte 1135092 (utf-8)	medium	known-string raw hit for 'Row'
Talk	level3	GameObject	TalkDialog	1030	known_string_search	byte 190168 (utf-8)	medium	known-string raw hit for 'Talk'; raw hit falls inside Unity object 1030
Row	level3	GameObject	WaterToRow	563	known_string_search	byte 159819 (utf-8)	medium	known-string raw hit for 'Row'; raw hit falls inside Unity object 563
Talk	level3	GameObject	doTask_friendTalk	933	known_string_search	byte 183925 (utf-8)	medium	known-string raw hit for 'Talk'; raw hit falls inside Unity object 933
Talk	level3	MonoBehaviour		4320	known_string_search	byte 816172 (utf-8)	medium	known-string raw hit for 'Talk'; raw hit falls inside Unity object 4320
Close Journal	level3	MonoBehaviour		4326	known_string_search	byte 819404 (utf-8)	medium	known-string raw hit for 'Close Journal'; raw hit falls inside Unity object 4326
End Day	level3	MonoBehaviour		4341	known_string_search	byte 827404 (utf-8)	medium	known-string raw hit for 'End Day'; raw hit falls inside Unity object 4341
Well, there goes Dorothy	level3	MonoBehaviour		4353	known_string_search	byte 833772 (utf-8)	medium	known-string raw hit for 'Well, there goes Dorothy'; raw hit falls inside Unity object 4353
I feel healthy	level3	MonoBehaviour		4354	known_string_search	byte 834572 (utf-8)	medium	known-string raw hit for 'I feel healthy'; raw hit falls inside Unity object 4354
Happy	level3	MonoBehaviour		4644	known_string_search	byte 895540 (utf-8)	medium	known-string raw hit for 'Happy'; raw hit falls inside Unity object 4644
Talk	level3	MonoBehaviour		4772	known_string_search	byte 919072 (utf-8)	medium	known-string raw hit for 'Talk'; raw hit falls inside Unity object 4772
Talk	level3	MonoBehaviour		4779	known_string_search	byte 920134 (utf-8)	medium	known-string raw hit for 'Talk'; raw hit falls inside Unity object 4779
Talk	level3	MonoBehaviour		4824	known_string_search	byte 926142 (utf-8)	medium	known-string raw hit for 'Talk'; raw hit falls inside Unity object 4824
Talk	level3	MonoBehaviour		4826	known_string_search	byte 926750 (utf-8)	medium	known-string raw hit for 'Talk'; raw hit falls inside Unity object 4826
Happy	level3	MonoBehaviour	FriendManageUI	4644	raw_length_prefixed_string	byte 895540	high	length-prefixed MonoBehaviour string; owning GameObject 'FriendManageUI'
Well, there goes Dorothy…<br>I’m the only one left, stuck on this old junk of a lifeboat.<br>I have no idea what struck our ship, and judging by the sound, I honestly don’t want to find out.<br>Now all I can do is survive as long as I need. I’m sure help will come soon.	level3	MonoBehaviour	NightDescription	4353	raw_length_prefixed_string	byte 833772	high	length-prefixed MonoBehaviour string; owning GameObject 'NightDescription'
Close Journal	level3	MonoBehaviour	Text (TMP)	4326	raw_length_prefixed_string	byte 819404	high	length-prefixed MonoBehaviour string; owning GameObject 'Text (TMP)'
End Day	level3	MonoBehaviour	Text (TMP)	4341	raw_length_prefixed_string	byte 827404	high	length-prefixed MonoBehaviour string; owning GameObject 'Text (TMP)'
Talk	level3	MonoBehaviour	doTask_friendTalk	4772	raw_length_prefixed_string	byte 919072	high	length-prefixed MonoBehaviour string; owning GameObject 'doTask_friendTalk'
I feel healthy!	level3	MonoBehaviour	mood_info	4354	raw_length_prefixed_string	byte 834572	high	length-prefixed MonoBehaviour string; owning GameObject 'mood_info'
Talk?	level3	MonoBehaviour	text_use	4320	raw_length_prefixed_string	byte 816172	high	length-prefixed MonoBehaviour string; owning GameObject 'text_use'
Close Journal	level3	raw_bytes			known_string_search	byte 819404 (utf-8)	medium	known-string raw hit for 'Close Journal'
End Day	level3	raw_bytes			known_string_search	byte 827404 (utf-8)	medium	known-string raw hit for 'End Day'
Happy	level3	raw_bytes			known_string_search	byte 895540 (utf-8)	medium	known-string raw hit for 'Happy'
I feel healthy	level3	raw_bytes			known_string_search	byte 834572 (utf-8)	medium	known-string raw hit for 'I feel healthy'
Row	level3	raw_bytes			known_string_search	byte 159819 (utf-8)	medium	known-string raw hit for 'Row'
Talk	level3	raw_bytes			known_string_search	byte 183925 (utf-8)	medium	known-string raw hit for 'Talk'
Well, there goes Dorothy	level3	raw_bytes			known_string_search	byte 833772 (utf-8)	medium	known-string raw hit for 'Well, there goes Dorothy'
Happy	level4	GameObject	Canvas_Happy	1127	known_string_search	byte 327183 (utf-8)	medium	known-string raw hit for 'Happy'; raw hit falls inside Unity object 1127
Canvas_Happy	level4	GameObject	Canvas_Happy	1127	m_Name	typetree	high	UnityPy typetree known-string hit
Happy	level4	GameObject	Canvas_Happy	1607	known_string_search	byte 358671 (utf-8)	medium	known-string raw hit for 'Happy'; raw hit falls inside Unity object 1607
Canvas_Happy	level4	GameObject	Canvas_Happy	1607	m_Name	typetree	high	UnityPy typetree known-string hit
Happy	level4	GameObject	Canvas_Happy	196	known_string_search	byte 266207 (utf-8)	medium	known-string raw hit for 'Happy'; raw hit falls inside Unity object 196
Canvas_Happy	level4	GameObject	Canvas_Happy	196	m_Name	typetree	high	UnityPy typetree known-string hit
Happy	level4	GameObject	Canvas_Happy	2224	known_string_search	byte 399535 (utf-8)	medium	known-string raw hit for 'Happy'; raw hit falls inside Unity object 2224
Canvas_Happy	level4	GameObject	Canvas_Happy	2224	m_Name	typetree	high	UnityPy typetree known-string hit
Happy	level4	GameObject	Canvas_Happy	417	known_string_search	byte 280575 (utf-8)	medium	known-string raw hit for 'Happy'; raw hit falls inside Unity object 417
Canvas_Happy	level4	GameObject	Canvas_Happy	417	m_Name	typetree	high	UnityPy typetree known-string hit
Happy	level4	GameObject	Canvas_Happy	857	known_string_search	byte 309439 (utf-8)	medium	known-string raw hit for 'Happy'; raw hit falls inside Unity object 857
Canvas_Happy	level4	GameObject	Canvas_Happy	857	m_Name	typetree	high	UnityPy typetree known-string hit
Happy	level4	raw_bytes			known_string_search	byte 266207 (utf-8)	medium	known-string raw hit for 'Happy'
Row	resources.assets	GameObject	DebugUIRow	420	known_string_search	byte 15651535 (utf-8)	medium	known-string raw hit for 'Row'; raw hit falls inside Unity object 420
Row	resources.assets	MonoBehaviour		2091	known_string_search	byte 16086008 (utf-8)	medium	known-string raw hit for 'Row'; raw hit falls inside Unity object 2091
UnityEngine.Rendering.DebugUI+Table+Row, Unity.RenderPipelines.Core.Runtime, Version=0.0.0.0, Culture=neutral, PublicKeyToken=null	resources.assets	MonoBehaviour	DebugUICanvas	2091	raw_length_prefixed_string	byte 16085972	high	length-prefixed MonoBehaviour string; owning GameObject 'DebugUICanvas'
.. I’m not sold on the idea that all this was a coincidence.	resources.assets	TextAsset	dialogues	160	known_string_search	byte 13672403 (utf-8)	medium	"known-string raw hit for "".. I'm not sold on the idea that all this was a coincidence.""; raw hit falls inside Unity object 160"
… Why did you choose me?	resources.assets	TextAsset	dialogues	160	known_string_search	byte 13669773 (utf-8)	medium	known-string raw hit for '... Why did you choose me?'; raw hit falls inside Unity object 160
ENGLISH	resources.assets	TextAsset	dialogues	160	m_Script[].MAN	csv row 2	high	player-facing TextAsset CSV payload
Ya like fishing? I could make more bait from leftovers. They loove munching on themselves!	resources.assets	TextAsset	dialogues	160	m_Script[bait_from_food_01].MAN	csv row 129	high	player-facing TextAsset CSV payload
…	resources.assets	TextAsset	dialogues	160	m_Script[bait_from_food_01].WHO	csv row 129	high	player-facing TextAsset CSV payload
D- do we want to fish more efficiently? I could make some more bait from fish..	resources.assets	TextAsset	dialogues	160	m_Script[bait_from_food_01].WOMAN	csv row 129	high	player-facing TextAsset CSV payload
So, what do you say?	resources.assets	TextAsset	dialogues	160	m_Script[bait_from_food_02].MAN	csv row 130	high	player-facing TextAsset CSV payload
…	resources.assets	TextAsset	dialogues	160	m_Script[bait_from_food_02].WHO	csv row 130	high	player-facing TextAsset CSV payload
Would that be.. useful?	resources.assets	TextAsset	dialogues	160	m_Script[bait_from_food_02].WOMAN	csv row 130	high	player-facing TextAsset CSV payload
Here you go, friend! Have fun fishing! Catch one bigger than my hat, will ya?	resources.assets	TextAsset	dialogues	160	m_Script[bait_from_food_03].MAN	csv row 131	high	player-facing TextAsset CSV payload
…	resources.assets	TextAsset	dialogues	160	m_Script[bait_from_food_03].WHO	csv row 131	high	player-facing TextAsset CSV payload
Here, I- I think this will do.. We hopefully get a return on this..	resources.assets	TextAsset	dialogues	160	m_Script[bait_from_food_03].WOMAN	csv row 131	high	player-facing TextAsset CSV payload
More food for us, right? Hah, all right then!	resources.assets	TextAsset	dialogues	160	m_Script[bait_from_food_04].MAN	csv row 132	high	player-facing TextAsset CSV payload
…	resources.assets	TextAsset	dialogues	160	m_Script[bait_from_food_04].WHO	csv row 132	high	player-facing TextAsset CSV payload
It’s okay. We might get hungrier later..  I- It’s better to save every bite we can for ourselves.	resources.assets	TextAsset	dialogues	160	m_Script[bait_from_food_04].WOMAN	csv row 132	high	player-facing TextAsset CSV payload
Cap’ Whiskers is just adorable. Watching the fish swim around the boat all day..	resources.assets	TextAsset	dialogues	160	m_Script[cat_01_01].MAN	csv row 175	high	player-facing TextAsset CSV payload
.. The cat tried to eat my hat..	resources.assets	TextAsset	dialogues	160	m_Script[cat_01_01].WHO	csv row 175	high	player-facing TextAsset CSV payload
Whiskers is really cute today.. He sat on my lap for hours, purring away..	resources.assets	TextAsset	dialogues	160	m_Script[cat_01_01].WOMAN	csv row 175	high	player-facing TextAsset CSV payload
Maybe I should teach him how to fish..	resources.assets	TextAsset	dialogues	160	m_Script[cat_01_02].MAN	csv row 176	high	player-facing TextAsset CSV payload
.. Again.	resources.assets	TextAsset	dialogues	160	m_Script[cat_01_02].WHO	csv row 176	high	player-facing TextAsset CSV payload
How.. peaceful... 	resources.assets	TextAsset	dialogues	160	m_Script[cat_01_02].WOMAN	csv row 176	high	player-facing TextAsset CSV payload
Y’know.. I’m really bummed about the ship and the crew.. They were family to me, you get me?	resources.assets	TextAsset	dialogues	160	m_Script[day_one_01_01].MAN	csv row 18	high	player-facing TextAsset CSV payload
There is no chance that the others have survived.	resources.assets	TextAsset	dialogues	160	m_Script[day_one_01_01].WHO	csv row 18	high	player-facing TextAsset CSV payload
I-… I can’t see the others.. This is bad. Did they actually…? No, it can’t be..	resources.assets	TextAsset	dialogues	160	m_Script[day_one_01_01].WOMAN	csv row 18	high	player-facing TextAsset CSV payload
I’m sure they would want us to keep going though, let’s not lose hope so quickly..!	resources.assets	TextAsset	dialogues	160	m_Script[day_one_01_02].MAN	csv row 19	high	player-facing TextAsset CSV payload
… Let’s not be survivors for no reason. We have to keep going now.	resources.assets	TextAsset	dialogues	160	m_Script[day_one_01_02].WHO	csv row 19	high	player-facing TextAsset CSV payload
.. T- the thought of only the two of us surviving.. Terrifying. But it’s a relief that w- we made it..	resources.assets	TextAsset	dialogues	160	m_Script[day_one_01_02].WOMAN	csv row 19	high	player-facing TextAsset CSV payload
Darn! If I’d seen whatever hit our ship a lot earlier, we wouldn’t be stuck here now, would we?	resources.assets	TextAsset	dialogues	160	m_Script[day_one_02_01].MAN	csv row 20	high	player-facing TextAsset CSV payload
Hmm... No icebergs in these waters. Whatever hit us wasn’t natural, that much’s clear.	resources.assets	TextAsset	dialogues	160	m_Script[day_one_02_01].WHO	csv row 20	high	player-facing TextAsset CSV payload
What.. what even hit our ship? I- I didn’t see anything, it all happened so fast…	resources.assets	TextAsset	dialogues	160	m_Script[day_one_02_01].WOMAN	csv row 20	high	player-facing TextAsset CSV payload
This old bucket’s indestructible though… You can bet on that!	resources.assets	TextAsset	dialogues	160	m_Script[day_one_02_02].MAN	csv row 21	high	player-facing TextAsset CSV payload
.. Let’s just hope it doesn’t like small wooden boats.	resources.assets	TextAsset	dialogues	160	m_Script[day_one_02_02].WHO	csv row 21	high	player-facing TextAsset CSV payload
But the sound… I -it's still making me uneasy. What made that sound..?	resources.assets	TextAsset	dialogues	160	m_Script[day_one_02_02].WOMAN	csv row 21	high	player-facing TextAsset CSV payload
So many memories with Dorothy… And now it’s under the ocean..	resources.assets	TextAsset	dialogues	160	m_Script[day_one_03_01].MAN	csv row 22	high	player-facing TextAsset CSV payload
.. I’m not sold on the idea that all this was a coincidence.	resources.assets	TextAsset	dialogues	160	m_Script[day_one_03_01].WHO	csv row 22	high	player-facing TextAsset CSV payload
I- I miss my crew already.. And I really miss my plants. They were everything to me..	resources.assets	TextAsset	dialogues	160	m_Script[day_one_03_01].WOMAN	csv row 22	high	player-facing TextAsset CSV payload
.. With all its shiny, metallic glory. It and the crew meant everything to me, buddy. Ya’ get me?	resources.assets	TextAsset	dialogues	160	m_Script[day_one_03_02].MAN	csv row 23	high	player-facing TextAsset CSV payload
Stay cautious. They might still be onto us.	resources.assets	TextAsset	dialogues	160	m_Script[day_one_03_02].WHO	csv row 23	high	player-facing TextAsset CSV payload
I- I’m sure this much salty water isn’t doing my small seedlings any good, oh dear...	resources.assets	TextAsset	dialogues	160	m_Script[day_one_03_02].WOMAN	csv row 23	high	player-facing TextAsset CSV payload
We’ve got tons of stuff here, by the way! Great job getting it all on the boat, pal!	resources.assets	TextAsset	dialogues	160	m_Script[day_one_04_01].MAN	csv row 24	high	player-facing TextAsset CSV payload
The boat is pretty well-packed. We can manage for a while with what we’ve got.	resources.assets	TextAsset	dialogues	160	m_Script[day_one_04_01].WHO	csv row 24	high	player-facing TextAsset CSV payload
I- I’m glad we have all this stuff on the boat. I can see us going for days with it...	resources.assets	TextAsset	dialogues	160	m_Script[day_one_04_01].WOMAN	csv row 24	high	player-facing TextAsset CSV payload
This boat looks pretty empty, bud. We should’ve brought more stuff with us, shouldn’t we?	resources.assets	TextAsset	dialogues	160	m_Script[day_one_05_01].MAN	csv row 25	high	player-facing TextAsset CSV payload
Not many resources on the boat. We are in for some rough days ahead.	resources.assets	TextAsset	dialogues	160	m_Script[day_one_05_01].WHO	csv row 25	high	player-facing TextAsset CSV payload
I’m worried about the lack of.. stuff.. on the boat. W- We’re going to have a tough time...	resources.assets	TextAsset	dialogues	160	m_Script[day_one_05_01].WOMAN	csv row 25	high	player-facing TextAsset CSV payload
Say what ya’ will, but nothing beats the taste of sea air in the morning. Clears the mind..	resources.assets	TextAsset	dialogues	160	m_Script[early_days_01_01].MAN	csv row 27	high	player-facing TextAsset CSV payload
We are far from shore. The silence is louder than a loaded gun. No one will hear us here, most likely.	resources.assets	TextAsset	dialogues	160	m_Script[early_days_01_01].WHO	csv row 27	high	player-facing TextAsset CSV payload
At least t- the sea has a calming sound.. It clears my mind.. Makes it easier to sleep, too..	resources.assets	TextAsset	dialogues	160	m_Script[early_days_01_01].WOMAN	csv row 27	high	player-facing TextAsset CSV payload
The sea’s probably just testing us. Or messing with us for fun. Let’s see who gets the last laugh!	resources.assets	TextAsset	dialogues	160	m_Script[early_days_02_01].MAN	csv row 28	high	player-facing TextAsset CSV payload
If there is someone behind this with intent..	resources.assets	TextAsset	dialogues	160	m_Script[early_days_02_01].WHO	csv row 28	high	player-facing TextAsset CSV payload
L-Lots of plants are actually pretty used to harsh environments…	resources.assets	TextAsset	dialogues	160	m_Script[early_days_02_01].WOMAN	csv row 28	high	player-facing TextAsset CSV payload
Ha! Ha! Ha! …It’s me.	resources.assets	TextAsset	dialogues	160	m_Script[early_days_02_02].MAN	csv row 29	high	player-facing TextAsset CSV payload
I will make sure this is the last ship they ever sink.	resources.assets	TextAsset	dialogues	160	m_Script[early_days_02_02].WHO	csv row 29	high	player-facing TextAsset CSV payload
Well, let’s try to be like some really, really sturdy plants.. okay?	resources.assets	TextAsset	dialogues	160	m_Script[early_days_02_02].WOMAN	csv row 29	high	player-facing TextAsset CSV payload
This place is way too quiet, y’know? My sailor’s gut’s telling me we’re drifting toward danger…	resources.assets	TextAsset	dialogues	160	m_Script[early_days_03_01].MAN	csv row 30	high	player-facing TextAsset CSV payload
The ocean… Do not mistake calm for safety. That’s how people disappear.	resources.assets	TextAsset	dialogues	160	m_Script[early_days_03_01].WHO	csv row 30	high	player-facing TextAsset CSV payload
I- I don’t like how empty the ocean is.. It feels wrong. Not even any plants, or just.. kelp.	resources.assets	TextAsset	dialogues	160	m_Script[early_days_03_01].WOMAN	csv row 30	high	player-facing TextAsset CSV payload
Lau’ would’ve already started a small garden on this boat, haha!	resources.assets	TextAsset	dialogues	160	m_Script[early_days_04_01].MAN	csv row 31	high	player-facing TextAsset CSV payload
Frederik was great at giving directions. He would have definitely sped up getting us home.	resources.assets	TextAsset	dialogues	160	m_Script[early_days_04_01].WHO	csv row 31	high	player-facing TextAsset CSV payload
I miss Fred… H- he would have already started singing some dumb sailor’s song for us..	resources.assets	TextAsset	dialogues	160	m_Script[early_days_04_01].WOMAN	csv row 31	high	player-facing TextAsset CSV payload
It’s pretty windy here.. I should’ve brought a spare jacket from.. his wardrobe. Hah!	resources.assets	TextAsset	dialogues	160	m_Script[early_days_05_01].MAN	csv row 32	high	player-facing TextAsset CSV payload
I feel deep grief for Laurel. She didn’t deserve this. Neither of us did. But especially her..	resources.assets	TextAsset	dialogues	160	m_Script[early_days_05_01].WHO	csv row 32	high	player-facing TextAsset CSV payload
I felt safer when.. He.. was there. H- he had a lot of weapons and tools, for any situation..	resources.assets	TextAsset	dialogues	160	m_Script[early_days_05_01].WOMAN	csv row 32	high	player-facing TextAsset CSV payload
Hoping I made a good impression on my crew, what ya’ think?	resources.assets	TextAsset	dialogues	160	m_Script[early_days_06_01].MAN	csv row 33	high	player-facing TextAsset CSV payload
I made a promise to protect them. I failed.	resources.assets	TextAsset	dialogues	160	m_Script[early_days_06_01].WHO	csv row 33	high	player-facing TextAsset CSV payload
I hope that they didn’t think I.. or my hobbies were weird..	resources.assets	TextAsset	dialogues	160	m_Script[early_days_06_01].WOMAN	csv row 33	high	player-facing TextAsset CSV payload
They’re probably laughing at us this moment, watching from the skies..	resources.assets	TextAsset	dialogues	160	m_Script[early_days_06_02].MAN	csv row 34	high	player-facing TextAsset CSV payload
The least I can do now is not give up on them.	resources.assets	TextAsset	dialogues	160	m_Script[early_days_06_02].WHO	csv row 34	high	player-facing TextAsset CSV payload
But I’m sure they’d be proud of us, right now.. We’re managing. We’re s- surviving..	resources.assets	TextAsset	dialogues	160	m_Script[early_days_06_02].WOMAN	csv row 34	high	player-facing TextAsset CSV payload
Sorry if the smoke’s bothering you, pal. I need my pipe wherever I go.. Hope you get me!	resources.assets	TextAsset	dialogues	160	m_Script[early_days_07_01].MAN	csv row 35	high	player-facing TextAsset CSV payload
.. I would rather perish by my own gun than by the sea. What about you..?	resources.assets	TextAsset	dialogues	160	m_Script[early_days_07_01].WHO	csv row 35	high	player-facing TextAsset CSV payload
I- I brought some dried lavender in my bag... I- it helps when I feel anxious.	resources.assets	TextAsset	dialogues	160	m_Script[early_days_07_01].WOMAN	csv row 35	high	player-facing TextAsset CSV payload
Ya’ think you could win an arm wrestle against me?	resources.assets	TextAsset	dialogues	160	m_Script[early_days_08_01].MAN	csv row 36	high	player-facing TextAsset CSV payload
Are you easily startled?	resources.assets	TextAsset	dialogues	160	m_Script[early_days_08_01].WHO	csv row 36	high	player-facing TextAsset CSV payload
Do.. do you have a favorite plant?	resources.assets	TextAsset	dialogues	160	m_Script[early_days_08_01].WOMAN	csv row 36	high	player-facing TextAsset CSV payload
Gutsy! I see why you’re the one doing the fishing, haha!	resources.assets	TextAsset	dialogues	160	m_Script[early_days_08_02].MAN	csv row 37	high	player-facing TextAsset CSV payload
Good. That means you are still paying attention.	resources.assets	TextAsset	dialogues	160	m_Script[early_days_08_02].WHO	csv row 37	high	player-facing TextAsset CSV payload
T- That’s great! Mine are bay leaf trees. I used to collect a lot of bay leaves as a child…	resources.assets	TextAsset	dialogues	160	m_Script[early_days_08_02].WOMAN	csv row 37	high	player-facing TextAsset CSV payload
You’re just being nice. I know I’m the strongest. And humble, of course.	resources.assets	TextAsset	dialogues	160	m_Script[early_days_08_03].MAN	csv row 38	high	player-facing TextAsset CSV payload
Well then, gunshots at night won’t faze you if the sea forces me to act.	resources.assets	TextAsset	dialogues	160	m_Script[early_days_08_03].WHO	csv row 38	high	player-facing TextAsset CSV payload
Oh.. Well, you remind me of sunflowers..	resources.assets	TextAsset	dialogues	160	m_Script[early_days_08_03].WOMAN	csv row 38	high	player-facing TextAsset CSV payload
After all this, I think I’ll be getting a new tattoo. To remember that we made it.	resources.assets	TextAsset	dialogues	160	m_Script[early_days_09_01].MAN	csv row 39	high	player-facing TextAsset CSV payload
Somebody must have seen us by now, stranded out here on this boat.	resources.assets	TextAsset	dialogues	160	m_Script[early_days_09_01].WHO	csv row 39	high	player-facing TextAsset CSV payload
W- when we get home, I’m thinking about opening a flower shop..	resources.assets	TextAsset	dialogues	160	m_Script[early_days_09_01].WOMAN	csv row 39	high	player-facing TextAsset CSV payload
We’ll get you one, too! What ya’ think?	resources.assets	TextAsset	dialogues	160	m_Script[early_days_09_02].MAN	csv row 40	high	player-facing TextAsset CSV payload
Don’t you think?	resources.assets	TextAsset	dialogues	160	m_Script[early_days_09_02].WHO	csv row 40	high	player-facing TextAsset CSV payload
Would you come to visit once?	resources.assets	TextAsset	dialogues	160	m_Script[early_days_09_02].WOMAN	csv row 40	high	player-facing TextAsset CSV payload
Haha, that’s the spirit! I’m thinking about getting one that looks just like this ol’ rack we’re stranded on.	resources.assets	TextAsset	dialogues	160	m_Script[early_days_09_03].MAN	csv row 41	high	player-facing TextAsset CSV payload
Right.. a few planes must have flown over and spotted us already…	resources.assets	TextAsset	dialogues	160	m_Script[early_days_09_03].WHO	csv row 41	high	player-facing TextAsset CSV payload
T- Thanks.. I’d give you a discount on my poppies.	resources.assets	TextAsset	dialogues	160	m_Script[early_days_09_03].WOMAN	csv row 41	high	player-facing TextAsset CSV payload
Come on! It’s gonna make a great story one day! Just let me know if you change your mind, ‘kay?	resources.assets	TextAsset	dialogues	160	m_Script[early_days_09_04].MAN	csv row 42	high	player-facing TextAsset CSV payload
.. Let’s just hope you’re being overly pessimistic.	resources.assets	TextAsset	dialogues	160	m_Script[early_days_09_04].WHO	csv row 42	high	player-facing TextAsset CSV payload
Are you… allergic? If so, I didn’t know, sorry…	resources.assets	TextAsset	dialogues	160	m_Script[early_days_09_04].WOMAN	csv row 42	high	player-facing TextAsset CSV payload
Every time I light this pipe, I think of her…	resources.assets	TextAsset	dialogues	160	m_Script[early_days_10_01].MAN	csv row 43	high	player-facing TextAsset CSV payload
This gun is not for threats, by the way.. It is for warnings.	resources.assets	TextAsset	dialogues	160	m_Script[early_days_10_01].WHO	csv row 43	high	player-facing TextAsset CSV payload
I- I think the sea has moods. She was sad yesterday. I could feel it.	resources.assets	TextAsset	dialogues	160	m_Script[early_days_10_01].WOMAN	csv row 43	high	player-facing TextAsset CSV payload
Tired as a barnacle, my friend..	resources.assets	TextAsset	dialogues	160	m_Script[feels_out_of_energy_01].MAN	csv row 159	high	player-facing TextAsset CSV payload
…	resources.assets	TextAsset	dialogues	160	m_Script[feels_out_of_energy_01].WHO	csv row 159	high	player-facing TextAsset CSV payload
My head feels heavy, I- I’m really tired..	resources.assets	TextAsset	dialogues	160	m_Script[feels_out_of_energy_01].WOMAN	csv row 159	high	player-facing TextAsset CSV payload
I think I’ll just gaze at the clouds for the rest of the day, ‘kay?	resources.assets	TextAsset	dialogues	160	m_Script[feels_out_of_energy_02].MAN	csv row 160	high	player-facing TextAsset CSV payload
…	resources.assets	TextAsset	dialogues	160	m_Script[feels_out_of_energy_02].WHO	csv row 160	high	player-facing TextAsset CSV payload
S- Sorry, I won’t be much of a help today..	resources.assets	TextAsset	dialogues	160	m_Script[feels_out_of_energy_02].WOMAN	csv row 160	high	player-facing TextAsset CSV payload
Buddy, I’ll be honest.. I don’t feel so well… I’m on the verge of throwing up, actually.	resources.assets	TextAsset	dialogues	160	m_Script[feels_sick_01_01].MAN	csv row 155	high	player-facing TextAsset CSV payload
…	resources.assets	TextAsset	dialogues	160	m_Script[feels_sick_01_01].WHO	csv row 155	high	player-facing TextAsset CSV payload
I- I don’t feel so well… I think I am getting seasick. But I’ll manage, don’t worry..	resources.assets	TextAsset	dialogues	160	m_Script[feels_sick_01_01].WOMAN	csv row 155	high	player-facing TextAsset CSV payload
Don’t think I’m giving up that easy, though!	resources.assets	TextAsset	dialogues	160	m_Script[feels_sick_01_02].MAN	csv row 156	high	player-facing TextAsset CSV payload
…	resources.assets	TextAsset	dialogues	160	m_Script[feels_sick_01_02].WHO	csv row 156	high	player-facing TextAsset CSV payload
As long as only one of us feels sick, i- it’s fine. Right?	resources.assets	TextAsset	dialogues	160	m_Script[feels_sick_01_02].WOMAN	csv row 156	high	player-facing TextAsset CSV payload
Eugh… My stomach hurts. Might have been too much seafood, yeah?	resources.assets	TextAsset	dialogues	160	m_Script[feels_sick_02_01].MAN	csv row 157	high	player-facing TextAsset CSV payload
…	resources.assets	TextAsset	dialogues	160	m_Script[feels_sick_02_01].WHO	csv row 157	high	player-facing TextAsset CSV payload
I think.. I feel dizzy and – my h- head hurts… Might be from too much sun exposure..	resources.assets	TextAsset	dialogues	160	m_Script[feels_sick_02_01].WOMAN	csv row 157	high	player-facing TextAsset CSV payload
I can handle a lot.. except stale fish, I suppose.. You better double-check what you eat, ‘kay?	resources.assets	TextAsset	dialogues	160	m_Script[feels_sick_02_02].MAN	csv row 158	high	player-facing TextAsset CSV payload
…	resources.assets	TextAsset	dialogues	160	m_Script[feels_sick_02_02].WHO	csv row 158	high	player-facing TextAsset CSV payload
Anyway… At least you can handle it, as it seems.. One’s better than none. Right?	resources.assets	TextAsset	dialogues	160	m_Script[feels_sick_02_02].WOMAN	csv row 158	high	player-facing TextAsset CSV payload
Morning! I had a weird dream last night.. There was a guy in a gondola, tryin’ to sell me stuff..	resources.assets	TextAsset	dialogues	160	m_Script[flashback_01_01].MAN	csv row 177	high	player-facing TextAsset CSV payload
Once I had a nightmare… I was surrounded by sharks. But they had limbs. Human limbs.	resources.assets	TextAsset	dialogues	160	m_Script[flashback_01_01].WHO	csv row 177	high	player-facing TextAsset CSV payload
I had the weirdest dream of my life.. W- we were surrounded by lily pads. Hundreds of them..	resources.assets	TextAsset	dialogues	160	m_Script[flashback_01_01].WOMAN	csv row 177	high	player-facing TextAsset CSV payload
Mornin’! I had a weird dream last night.. more like a nightmare.. The sea was blood-red..	resources.assets	TextAsset	dialogues	160	m_Script[flashback_02_01].MAN	csv row 178	high	player-facing TextAsset CSV payload
Once I had a nightmare… In it, I found the skeleton of my long-gone crewmate… in the sea.	resources.assets	TextAsset	dialogues	160	m_Script[flashback_02_01].WHO	csv row 178	high	player-facing TextAsset CSV payload
I just had the strangest nightmare.. T- The moon had a face. And it wasn’t a h- happy one..	resources.assets	TextAsset	dialogues	160	m_Script[flashback_02_01].WOMAN	csv row 178	high	player-facing TextAsset CSV payload
Mornin’! I had a weird dream last night.. a bunch of eyes, glowing in the sea, staring.. and then…	resources.assets	TextAsset	dialogues	160	m_Script[flashback_03_01].MAN	csv row 179	high	player-facing TextAsset CSV payload
Once I had a nightmare.. The sea was watching me. With golden, glowing eyes.	resources.assets	TextAsset	dialogues	160	m_Script[flashback_03_01].WHO	csv row 179	high	player-facing TextAsset CSV payload
I had the weirdest dream last night... L- lots of glowing eyes, just staring at me. And then… oh no..	resources.assets	TextAsset	dialogues	160	m_Script[flashback_03_01].WOMAN	csv row 179	high	player-facing TextAsset CSV payload
It felt so real. Like it could’ve actually happened, and I’d believe it.	resources.assets	TextAsset	dialogues	160	m_Script[flashback_question_01].MAN	csv row 180	high	player-facing TextAsset CSV payload
What’s with that look? Had a similar dream before?	resources.assets	TextAsset	dialogues	160	m_Script[flashback_question_01].WHO	csv row 180	high	player-facing TextAsset CSV payload
.. But the dream felt.. real? Do you think it meant something?	resources.assets	TextAsset	dialogues	160	m_Script[flashback_question_01].WOMAN	csv row 180	high	player-facing TextAsset CSV payload
…	resources.assets	TextAsset	dialogues	160	m_Script[found_heart_piece_01_01].MAN	csv row 173	high	player-facing TextAsset CSV payload
.. Are you looking for this?	resources.assets	TextAsset	dialogues	160	m_Script[found_heart_piece_01_01].WHO	csv row 173	high	player-facing TextAsset CSV payload
…	resources.assets	TextAsset	dialogues	160	m_Script[found_heart_piece_01_01].WOMAN	csv row 173	high	player-facing TextAsset CSV payload
…	resources.assets	TextAsset	dialogues	160	m_Script[found_heart_piece_01_02].MAN	csv row 174	high	player-facing TextAsset CSV payload
Don’t ask. Just take it.	resources.assets	TextAsset	dialogues	160	m_Script[found_heart_piece_01_02].WHO	csv row 174	high	player-facing TextAsset CSV payload
…	resources.assets	TextAsset	dialogues	160	m_Script[found_heart_piece_01_02].WOMAN	csv row 174	high	player-facing TextAsset CSV payload
…	resources.assets	TextAsset	dialogues	160	m_Script[help_craftfromjunk_01].MAN	csv row 124	high	player-facing TextAsset CSV payload
…	resources.assets	TextAsset	dialogues	160	m_Script[help_craftfromjunk_01].WHO	csv row 124	high	player-facing TextAsset CSV payload
That box.. Full of useless stuff. C- Could we make something out of it?	resources.assets	TextAsset	dialogues	160	m_Script[help_craftfromjunk_01].WOMAN	csv row 124	high	player-facing TextAsset CSV payload
…	resources.assets	TextAsset	dialogues	160	m_Script[help_craftfromjunk_02].MAN	csv row 125	high	player-facing TextAsset CSV payload
…	resources.assets	TextAsset	dialogues	160	m_Script[help_craftfromjunk_02].WHO	csv row 125	high	player-facing TextAsset CSV payload
I mean, I’ll give it a shot. Let’s see.. hmm...	resources.assets	TextAsset	dialogues	160	m_Script[help_craftfromjunk_02].WOMAN	csv row 125	high	player-facing TextAsset CSV payload
…	resources.assets	TextAsset	dialogues	160	m_Script[help_craftfromjunk_lose_01].MAN	csv row 128	high	player-facing TextAsset CSV payload
…	resources.assets	TextAsset	dialogues	160	m_Script[help_craftfromjunk_lose_01].WHO	csv row 128	high	player-facing TextAsset CSV payload
H- how surprising.. Junk could only be arranged into other junk. Oh well..	resources.assets	TextAsset	dialogues	160	m_Script[help_craftfromjunk_lose_01].WOMAN	csv row 128	high	player-facing TextAsset CSV payload
…	resources.assets	TextAsset	dialogues	160	m_Script[help_craftfromjunk_win_01].MAN	csv row 126	high	player-facing TextAsset CSV payload
…	resources.assets	TextAsset	dialogues	160	m_Script[help_craftfromjunk_win_01].WHO	csv row 126	high	player-facing TextAsset CSV payload
W- wow! I just made that, see? From scrap!	resources.assets	TextAsset	dialogues	160	m_Script[help_craftfromjunk_win_01].WOMAN	csv row 126	high	player-facing TextAsset CSV payload
…	resources.assets	TextAsset	dialogues	160	m_Script[help_craftfromjunk_win_02].MAN	csv row 127	high	player-facing TextAsset CSV payload
…	resources.assets	TextAsset	dialogues	160	m_Script[help_craftfromjunk_win_02].WHO	csv row 127	high	player-facing TextAsset CSV payload
S- surprised myself, too. And I- I wasn’t even a girl scout, or.. anything like that.	resources.assets	TextAsset	dialogues	160	m_Script[help_craftfromjunk_win_02].WOMAN	csv row 127	high	player-facing TextAsset CSV payload
No chest, just kelp and getting my clothes wet. It was fun though, you should try it sometime!	resources.assets	TextAsset	dialogues	160	m_Script[help_explore_lose_01].MAN	csv row 88	high	player-facing TextAsset CSV payload
…	resources.assets	TextAsset	dialogues	160	m_Script[help_explore_lose_01].WHO	csv row 88	high	player-facing TextAsset CSV payload
…	resources.assets	TextAsset	dialogues	160	m_Script[help_explore_lose_01].WOMAN	csv row 88	high	player-facing TextAsset CSV payload
You know what, bud! Let’s try using that map of yours. Maybe we find something useful on it..	resources.assets	TextAsset	dialogues	160	m_Script[help_explore_map_01].MAN	csv row 79	high	player-facing TextAsset CSV payload
Hmm.. Let’s check that map real quick.	resources.assets	TextAsset	dialogues	160	m_Script[help_explore_map_01].WHO	csv row 79	high	player-facing TextAsset CSV payload
Oh, I know..! Let’s try using that map we have so we can find something that could help us..	resources.assets	TextAsset	dialogues	160	m_Script[help_explore_map_01].WOMAN	csv row 79	high	player-facing TextAsset CSV payload
Hand it over, will ya?	resources.assets	TextAsset	dialogues	160	m_Script[help_explore_map_02].MAN	csv row 80	high	player-facing TextAsset CSV payload
Hand it over for a bit.	resources.assets	TextAsset	dialogues	160	m_Script[help_explore_map_02].WHO	csv row 80	high	player-facing TextAsset CSV payload
C- could you lend it to me?	resources.assets	TextAsset	dialogues	160	m_Script[help_explore_map_02].WOMAN	csv row 80	high	player-facing TextAsset CSV payload
You’re the captain!	resources.assets	TextAsset	dialogues	160	m_Script[help_explore_map_03].MAN	csv row 81	high	player-facing TextAsset CSV payload
… OK.	resources.assets	TextAsset	dialogues	160	m_Script[help_explore_map_03].WHO	csv row 81	high	player-facing TextAsset CSV payload
Y- You seem sure about our whereabouts then.. right..?	resources.assets	TextAsset	dialogues	160	m_Script[help_explore_map_03].WOMAN	csv row 81	high	player-facing TextAsset CSV payload
Let me tell ya’, this map is really.. interesting. We should try finding one of the nearby islands!	resources.assets	TextAsset	dialogues	160	m_Script[help_explore_map_04].MAN	csv row 82	high	player-facing TextAsset CSV payload
.. If this has our current location, we should focus on finding one of the islands A.S.A.P… Kay’?	resources.assets	TextAsset	dialogues	160	m_Script[help_explore_map_04].WHO	csv row 82	high	player-facing TextAsset CSV payload
I- it’s not that likely we’re on this map, but if we are, then we should find some islands.. Right?	resources.assets	TextAsset	dialogues	160	m_Script[help_explore_map_04].WOMAN	csv row 82	high	player-facing TextAsset CSV payload
Looking at this, pal, we’re days away from reaching any land, so let’s make ourselves comfortable!	resources.assets	TextAsset	dialogues	160	m_Script[help_explore_map_05].MAN	csv row 83	high	player-facing TextAsset CSV payload
.. Unless someone finds us, we’re expected to be stuck here for a few days. Let’s focus.	resources.assets	TextAsset	dialogues	160	m_Script[help_explore_map_05].WHO	csv row 83	high	player-facing TextAsset CSV payload
It.. It looks like we’re way too far away from any shores.. We’re going to row for a few.. days.	resources.assets	TextAsset	dialogues	160	m_Script[help_explore_map_05].WOMAN	csv row 83	high	player-facing TextAsset CSV payload
Cool diving gear you got there, buddy! Can I give it a go? I could try finding something underwater!	resources.assets	TextAsset	dialogues	160	m_Script[help_explore_scuba_01].MAN	csv row 84	high	player-facing TextAsset CSV payload
…	resources.assets	TextAsset	dialogues	160	m_Script[help_explore_scuba_01].WHO	csv row 84	high	player-facing TextAsset CSV payload
…	resources.assets	TextAsset	dialogues	160	m_Script[help_explore_scuba_01].WOMAN	csv row 84	high	player-facing TextAsset CSV payload
Whatcha say?	resources.assets	TextAsset	dialogues	160	m_Script[help_explore_scuba_02].MAN	csv row 85	high	player-facing TextAsset CSV payload
…	resources.assets	TextAsset	dialogues	160	m_Script[help_explore_scuba_02].WHO	csv row 85	high	player-facing TextAsset CSV payload
…	resources.assets	TextAsset	dialogues	160	m_Script[help_explore_scuba_02].WOMAN	csv row 85	high	player-facing TextAsset CSV payload
Thanks, pal! Let me put this on, and off I go…!	resources.assets	TextAsset	dialogues	160	m_Script[help_explore_scuba_03].MAN	csv row 86	high	player-facing TextAsset CSV payload
…	resources.assets	TextAsset	dialogues	160	m_Script[help_explore_scuba_03].WHO	csv row 86	high	player-facing TextAsset CSV payload
…	resources.assets	TextAsset	dialogues	160	m_Script[help_explore_scuba_03].WOMAN	csv row 86	high	player-facing TextAsset CSV payload
Dang, you’re no fun, bud! Welp, we might need it later for a more important time though…	resources.assets	TextAsset	dialogues	160	m_Script[help_explore_scuba_04].MAN	csv row 87	high	player-facing TextAsset CSV payload
…	resources.assets	TextAsset	dialogues	160	m_Script[help_explore_scuba_04].WHO	csv row 87	high	player-facing TextAsset CSV payload
…	resources.assets	TextAsset	dialogues	160	m_Script[help_explore_scuba_04].WOMAN	csv row 87	high	player-facing TextAsset CSV payload
.. Look what I’ve got! It’s heavy, but might’ve been worth hauling up from the bottom!	resources.assets	TextAsset	dialogues	160	m_Script[help_explore_win_01].MAN	csv row 89	high	player-facing TextAsset CSV payload
…	resources.assets	TextAsset	dialogues	160	m_Script[help_explore_win_01].WHO	csv row 89	high	player-facing TextAsset CSV payload
…	resources.assets	TextAsset	dialogues	160	m_Script[help_explore_win_01].WOMAN	csv row 89	high	player-facing TextAsset CSV payload
..Nevertheless, I broke the gear. This sea’s no joke. I almost got hurt myself, too! Glad I didn’t.	resources.assets	TextAsset	dialogues	160	m_Script[help_explore_win_02].MAN	csv row 90	high	player-facing TextAsset CSV payload
…	resources.assets	TextAsset	dialogues	160	m_Script[help_explore_win_02].WHO	csv row 90	high	player-facing TextAsset CSV payload
…	resources.assets	TextAsset	dialogues	160	m_Script[help_explore_win_02].WOMAN	csv row 90	high	player-facing TextAsset CSV payload
Tell you what! Hand me some of that bait.. I’ll try fishing myself. We’ll eat for days, mark my words!	resources.assets	TextAsset	dialogues	160	m_Script[help_fishing_01].MAN	csv row 91	high	player-facing TextAsset CSV payload
…	resources.assets	TextAsset	dialogues	160	m_Script[help_fishing_01].WHO	csv row 91	high	player-facing TextAsset CSV payload
…	resources.assets	TextAsset	dialogues	160	m_Script[help_fishing_01].WOMAN	csv row 91	high	player-facing TextAsset CSV payload
What do you say?	resources.assets	TextAsset	dialogues	160	m_Script[help_fishing_02].MAN	csv row 92	high	player-facing TextAsset CSV payload
…	resources.assets	TextAsset	dialogues	160	m_Script[help_fishing_02].WHO	csv row 92	high	player-facing TextAsset CSV payload
…	resources.assets	TextAsset	dialogues	160	m_Script[help_fishing_02].WOMAN	csv row 92	high	player-facing TextAsset CSV payload
Ho-ho! Well then.. I wanna see you catching more fish than I could, buddy!	resources.assets	TextAsset	dialogues	160	m_Script[help_fishing_03].MAN	csv row 93	high	player-facing TextAsset CSV payload
Whoops.. The greedy fishes just took our bait… At least they are not hungry anymore, yeah?	resources.assets	TextAsset	dialogues	160	m_Script[help_fishing_lose_01].MAN	csv row 95	high	player-facing TextAsset CSV payload
…	resources.assets	TextAsset	dialogues	160	m_Script[help_fishing_lose_01].WHO	csv row 95	high	player-facing TextAsset CSV payload
…	resources.assets	TextAsset	dialogues	160	m_Script[help_fishing_lose_01].WOMAN	csv row 95	high	player-facing TextAsset CSV payload
Look at that, buddy! That is my catch. Pretty neat, isn’t it?	resources.assets	TextAsset	dialogues	160	m_Script[help_fishing_win_01].MAN	csv row 94	high	player-facing TextAsset CSV payload
…	resources.assets	TextAsset	dialogues	160	m_Script[help_fishing_win_01].WHO	csv row 94	high	player-facing TextAsset CSV payload
…	resources.assets	TextAsset	dialogues	160	m_Script[help_fishing_win_01].WOMAN	csv row 94	high	player-facing TextAsset CSV payload
…	resources.assets	TextAsset	dialogues	160	m_Script[help_fixing_01].MAN	csv row 96	high	player-facing TextAsset CSV payload
…	resources.assets	TextAsset	dialogues	160	m_Script[help_fixing_01].WHO	csv row 96	high	player-facing TextAsset CSV payload
Looks like some of our stuff is broken... I- I think I can help fix it!	resources.assets	TextAsset	dialogues	160	m_Script[help_fixing_01].WOMAN	csv row 96	high	player-facing TextAsset CSV payload
…	resources.assets	TextAsset	dialogues	160	m_Script[help_fixing_02].MAN	csv row 97	high	player-facing TextAsset CSV payload
…	resources.assets	TextAsset	dialogues	160	m_Script[help_fixing_02].WHO	csv row 97	high	player-facing TextAsset CSV payload
Should I give this one a try?	resources.assets	TextAsset	dialogues	160	m_Script[help_fixing_02].WOMAN	csv row 97	high	player-facing TextAsset CSV payload
Oh... s- so you're saying it's beyond repair… right?	resources.assets	TextAsset	dialogues	160	m_Script[help_fixing_03].WOMAN	csv row 98	high	player-facing TextAsset CSV payload
…	resources.assets	TextAsset	dialogues	160	m_Script[help_fixing_lose_01].MAN	csv row 100	high	player-facing TextAsset CSV payload
…	resources.assets	TextAsset	dialogues	160	m_Script[help_fixing_lose_01].WHO	csv row 100	high	player-facing TextAsset CSV payload
All that exhausting work.. and I still couldn’t fix it. I’m sorry…	resources.assets	TextAsset	dialogues	160	m_Script[help_fixing_lose_01].WOMAN	csv row 100	high	player-facing TextAsset CSV payload
…	resources.assets	TextAsset	dialogues	160	m_Script[help_fixing_win_01].MAN	csv row 99	high	player-facing TextAsset CSV payload
…	resources.assets	TextAsset	dialogues	160	m_Script[help_fixing_win_01].WHO	csv row 99	high	player-facing TextAsset CSV payload
Yes! I did it.. Here you go, it’s usable now!	resources.assets	TextAsset	dialogues	160	m_Script[help_fixing_win_01].WOMAN	csv row 99	high	player-facing TextAsset CSV payload
Hey, I think I see something down there.. just beside us in the water!	resources.assets	TextAsset	dialogues	160	m_Script[help_found_neednet_01_01].MAN	csv row 116	high	player-facing TextAsset CSV payload
…	resources.assets	TextAsset	dialogues	160	m_Script[help_found_neednet_01_01].WHO	csv row 116	high	player-facing TextAsset CSV payload
Oh.. I see something.. In the-.. the water! I could pull it up with a fishnet..	resources.assets	TextAsset	dialogues	160	m_Script[help_found_neednet_01_01].WOMAN	csv row 116	high	player-facing TextAsset CSV payload
Quick, hand me the fishnet!	resources.assets	TextAsset	dialogues	160	m_Script[help_found_neednet_01_02].MAN	csv row 117	high	player-facing TextAsset CSV payload
Could you lend me one, please?	resources.assets	TextAsset	dialogues	160	m_Script[help_found_neednet_01_02].WOMAN	csv row 117	high	player-facing TextAsset CSV payload
...Huh? Ah, never mind, I lost sight of it.. Well then…	resources.assets	TextAsset	dialogues	160	m_Script[help_found_neednet_01_03].MAN	csv row 118	high	player-facing TextAsset CSV payload
… Hmm. Now that you mention it, m- maybe it was just some big rocks. Oh well…	resources.assets	TextAsset	dialogues	160	m_Script[help_found_neednet_01_03].WOMAN	csv row 118	high	player-facing TextAsset CSV payload
Wait- ..huff… this thing’s heavy… Look at this chest! What could it be hiding?	resources.assets	TextAsset	dialogues	160	m_Script[help_found_neednet_01_04].MAN	csv row 119	high	player-facing TextAsset CSV payload
… Ugh, s- so heavy… but look! It’s a chest! What’s inside?	resources.assets	TextAsset	dialogues	160	m_Script[help_found_neednet_01_04].WOMAN	csv row 119	high	player-facing TextAsset CSV payload
Well, one thing’s for sure it snapped the fishnet, so it better be worth it!	resources.assets	TextAsset	dialogues	160	m_Script[help_found_neednet_01_05].MAN	csv row 120	high	player-facing TextAsset CSV payload
Oh no.. I broke the net.. Sorry.. I just hope whatever is in this chest makes up for it.	resources.assets	TextAsset	dialogues	160	m_Script[help_found_neednet_01_05].WOMAN	csv row 120	high	player-facing TextAsset CSV payload
Aha! Look what the tide just carried in! I had just long enough arms to grab it..	resources.assets	TextAsset	dialogues	160	m_Script[help_foundsomething_01_01].MAN	csv row 112	high	player-facing TextAsset CSV payload
This thing just got washed up by the waves..	resources.assets	TextAsset	dialogues	160	m_Script[help_foundsomething_01_01].WHO	csv row 112	high	player-facing TextAsset CSV payload
L- look! I found this in the sea this morning. Soaking wet, but still usable..	resources.assets	TextAsset	dialogues	160	m_Script[help_foundsomething_01_01].WOMAN	csv row 112	high	player-facing TextAsset CSV payload
Here, have it!	resources.assets	TextAsset	dialogues	160	m_Script[help_foundsomething_01_02].MAN	csv row 113	high	player-facing TextAsset CSV payload
You can have it.	resources.assets	TextAsset	dialogues	160	m_Script[help_foundsomething_01_02].WHO	csv row 113	high	player-facing TextAsset CSV payload
See?	resources.assets	TextAsset	dialogues	160	m_Script[help_foundsomething_01_02].WOMAN	csv row 113	high	player-facing TextAsset CSV payload
Hmm..? What’s that behind your ear?	resources.assets	TextAsset	dialogues	160	m_Script[help_foundsomething_02_01].MAN	csv row 114	high	player-facing TextAsset CSV payload
Interesting..	resources.assets	TextAsset	dialogues	160	m_Script[help_foundsomething_02_01].WHO	csv row 114	high	player-facing TextAsset CSV payload
Oh.. I- I found something in the water just now..	resources.assets	TextAsset	dialogues	160	m_Script[help_foundsomething_02_01].WOMAN	csv row 114	high	player-facing TextAsset CSV payload
Just kiddin’.. Look what I found in the water, though!	resources.assets	TextAsset	dialogues	160	m_Script[help_foundsomething_02_02].MAN	csv row 115	high	player-facing TextAsset CSV payload
Hey, look at that. Just found it floating around..	resources.assets	TextAsset	dialogues	160	m_Script[help_foundsomething_02_02].WHO	csv row 115	high	player-facing TextAsset CSV payload
Here, take a look! C- can we use this?	resources.assets	TextAsset	dialogues	160	m_Script[help_foundsomething_02_02].WOMAN	csv row 115	high	player-facing TextAsset CSV payload
Sorry bud! I actually fell asleep… 	resources.assets	TextAsset	dialogues	160	m_Script[help_guardyou_fail_01].MAN	csv row 108	high	player-facing TextAsset CSV payload
…	resources.assets	TextAsset	dialogues	160	m_Script[help_guardyou_fail_01].WHO	csv row 108	high	player-facing TextAsset CSV payload
S- Sorry… I fell asleep..	resources.assets	TextAsset	dialogues	160	m_Script[help_guardyou_fail_01].WOMAN	csv row 108	high	player-facing TextAsset CSV payload
But I’m sure you could defend yourself, couldn’t you?	resources.assets	TextAsset	dialogues	160	m_Script[help_guardyou_fail_02].MAN	csv row 109	high	player-facing TextAsset CSV payload
…	resources.assets	TextAsset	dialogues	160	m_Script[help_guardyou_fail_02].WHO	csv row 109	high	player-facing TextAsset CSV payload
I hope nothing bad happened.. Did it?	resources.assets	TextAsset	dialogues	160	m_Script[help_guardyou_fail_02].WOMAN	csv row 109	high	player-facing TextAsset CSV payload
Y’know what? I feel helpful today! I can guard you tonight so you have a restful night’s sleep.	resources.assets	TextAsset	dialogues	160	m_Script[help_guardyou_night_01].MAN	csv row 101	high	player-facing TextAsset CSV payload
Nights getting rough? I can help you get through the next one.	resources.assets	TextAsset	dialogues	160	m_Script[help_guardyou_night_01].WHO	csv row 101	high	player-facing TextAsset CSV payload
I-.. Overslept. So I’ll think I can stay up this night and guard, while you rest..	resources.assets	TextAsset	dialogues	160	m_Script[help_guardyou_night_01].WOMAN	csv row 101	high	player-facing TextAsset CSV payload
Guess what! Night guard duty’s back on the menu. Say the word if ya want a problem-free night!	resources.assets	TextAsset	dialogues	160	m_Script[help_guardyou_night_01_b].MAN	csv row 102	high	player-facing TextAsset CSV payload
You look like someone who has not slept in a while. Let me take the night.	resources.assets	TextAsset	dialogues	160	m_Script[help_guardyou_night_01_b].WHO	csv row 102	high	player-facing TextAsset CSV payload
I overslept again… Do you need rest tomorrow night? I can stay up if you want.	resources.assets	TextAsset	dialogues	160	m_Script[help_guardyou_night_01_b].WOMAN	csv row 102	high	player-facing TextAsset CSV payload
What do you say?	resources.assets	TextAsset	dialogues	160	m_Script[help_guardyou_night_02].MAN	csv row 103	high	player-facing TextAsset CSV payload
What do you say?	resources.assets	TextAsset	dialogues	160	m_Script[help_guardyou_night_02].WHO	csv row 103	high	player-facing TextAsset CSV payload
What do you say?	resources.assets	TextAsset	dialogues	160	m_Script[help_guardyou_night_02].WOMAN	csv row 103	high	player-facing TextAsset CSV payload
Super! You can rest assured to have the best sleep of your life, buddy!	resources.assets	TextAsset	dialogues	160	m_Script[help_guardyou_night_03].MAN	csv row 104	high	player-facing TextAsset CSV payload
Got it. Have a nice sleep today..	resources.assets	TextAsset	dialogues	160	m_Script[help_guardyou_night_03].WHO	csv row 104	high	player-facing TextAsset CSV payload
All right! I- I’ll guard the boat tonight. You can sleep.. n- no worries.	resources.assets	TextAsset	dialogues	160	m_Script[help_guardyou_night_03].WOMAN	csv row 104	high	player-facing TextAsset CSV payload
Okay then! Don’t break our habits, right?	resources.assets	TextAsset	dialogues	160	m_Script[help_guardyou_night_04].MAN	csv row 105	high	player-facing TextAsset CSV payload
.. Confident.	resources.assets	TextAsset	dialogues	160	m_Script[help_guardyou_night_04].WHO	csv row 105	high	player-facing TextAsset CSV payload
Hah, t- that’s fine, too! If you insist.	resources.assets	TextAsset	dialogues	160	m_Script[help_guardyou_night_04].WOMAN	csv row 105	high	player-facing TextAsset CSV payload
Well, friend, the most interesting thing about last night was you talking in your sleep…	resources.assets	TextAsset	dialogues	160	m_Script[help_guardyou_success_01].MAN	csv row 106	high	player-facing TextAsset CSV payload
… You look like someone who had a nightmare.	resources.assets	TextAsset	dialogues	160	m_Script[help_guardyou_success_01].WHO	csv row 106	high	player-facing TextAsset CSV payload
Huh, last night, I swear I heard s- something..	resources.assets	TextAsset	dialogues	160	m_Script[help_guardyou_success_01].WOMAN	csv row 106	high	player-facing TextAsset CSV payload
But hey, nobody got hurt, so I did my duty. Another win for me, yeah?!	resources.assets	TextAsset	dialogues	160	m_Script[help_guardyou_success_02].MAN	csv row 107	high	player-facing TextAsset CSV payload
Anyway, you are unharmed. No need to thank me.	resources.assets	TextAsset	dialogues	160	m_Script[help_guardyou_success_02].WHO	csv row 107	high	player-facing TextAsset CSV payload
But nothing really happened, so there’s that.. Glad y- you could catch up on sleep!	resources.assets	TextAsset	dialogues	160	m_Script[help_guardyou_success_02].WOMAN	csv row 107	high	player-facing TextAsset CSV payload
…	resources.assets	TextAsset	dialogues	160	m_Script[help_healyou_01].MAN	csv row 110	high	player-facing TextAsset CSV payload
…	resources.assets	TextAsset	dialogues	160	m_Script[help_healyou_01].WHO	csv row 110	high	player-facing TextAsset CSV payload
Oh.. You seem hurt. H- Here, let me patch you up! Don’t worry, I- I can handle the sight of blood.	resources.assets	TextAsset	dialogues	160	m_Script[help_healyou_01].WOMAN	csv row 110	high	player-facing TextAsset CSV payload
…	resources.assets	TextAsset	dialogues	160	m_Script[help_healyou_02].MAN	csv row 111	high	player-facing TextAsset CSV payload
…	resources.assets	TextAsset	dialogues	160	m_Script[help_healyou_02].WHO	csv row 111	high	player-facing TextAsset CSV payload
See? And I- it didn’t even hurt, right?	resources.assets	TextAsset	dialogues	160	m_Script[help_healyou_02].WOMAN	csv row 111	high	player-facing TextAsset CSV payload
I just remembered! I have my cigar box with me.. We could send a message in it, couldn’t we?	resources.assets	TextAsset	dialogues	160	m_Script[help_signal_01].MAN	csv row 121	high	player-facing TextAsset CSV payload
…	resources.assets	TextAsset	dialogues	160	m_Script[help_signal_01].WHO	csv row 121	high	player-facing TextAsset CSV payload
…	resources.assets	TextAsset	dialogues	160	m_Script[help_signal_01].WOMAN	csv row 121	high	player-facing TextAsset CSV payload
Well, here goes nothin’..	resources.assets	TextAsset	dialogues	160	m_Script[help_signal_02].MAN	csv row 122	high	player-facing TextAsset CSV payload
…	resources.assets	TextAsset	dialogues	160	m_Script[help_signal_02].WHO	csv row 122	high	player-facing TextAsset CSV payload
…	resources.assets	TextAsset	dialogues	160	m_Script[help_signal_02].WOMAN	csv row 122	high	player-facing TextAsset CSV payload
I hope it finds someone.. Then returns it, of course. It’s my cigar box.	resources.assets	TextAsset	dialogues	160	m_Script[help_signal_03].MAN	csv row 123	high	player-facing TextAsset CSV payload
…	resources.assets	TextAsset	dialogues	160	m_Script[help_signal_03].WHO	csv row 123	high	player-facing TextAsset CSV payload
…	resources.assets	TextAsset	dialogues	160	m_Script[help_signal_03].WOMAN	csv row 123	high	player-facing TextAsset CSV payload
…	resources.assets	TextAsset	dialogues	160	m_Script[hunt_with_gun_01].MAN	csv row 133	high	player-facing TextAsset CSV payload
I could try fishing, but I have my methods, so to say..	resources.assets	TextAsset	dialogues	160	m_Script[hunt_with_gun_01].WHO	csv row 133	high	player-facing TextAsset CSV payload
…	resources.assets	TextAsset	dialogues	160	m_Script[hunt_with_gun_01].WOMAN	csv row 133	high	player-facing TextAsset CSV payload
…	resources.assets	TextAsset	dialogues	160	m_Script[hunt_with_gun_02].MAN	csv row 134	high	player-facing TextAsset CSV payload
Can I?	resources.assets	TextAsset	dialogues	160	m_Script[hunt_with_gun_02].WHO	csv row 134	high	player-facing TextAsset CSV payload
…	resources.assets	TextAsset	dialogues	160	m_Script[hunt_with_gun_02].WOMAN	csv row 134	high	player-facing TextAsset CSV payload
…	resources.assets	TextAsset	dialogues	160	m_Script[hunt_with_gun_03].MAN	csv row 135	high	player-facing TextAsset CSV payload
That’ll do. Hope nothing was alerted in the deep from that.	resources.assets	TextAsset	dialogues	160	m_Script[hunt_with_gun_03].WHO	csv row 135	high	player-facing TextAsset CSV payload
…	resources.assets	TextAsset	dialogues	160	m_Script[hunt_with_gun_03].WOMAN	csv row 135	high	player-facing TextAsset CSV payload
…	resources.assets	TextAsset	dialogues	160	m_Script[hunt_with_gun_04].MAN	csv row 136	high	player-facing TextAsset CSV payload
Okay then. You do you.	resources.assets	TextAsset	dialogues	160	m_Script[hunt_with_gun_04].WHO	csv row 136	high	player-facing TextAsset CSV payload
…	resources.assets	TextAsset	dialogues	160	m_Script[hunt_with_gun_04].WOMAN	csv row 136	high	player-facing TextAsset CSV payload
Next time we get stranded, I’m bringin’ a deck of cards.. And a looooot of beer.	resources.assets	TextAsset	dialogues	160	m_Script[late_days_01_01].MAN	csv row 45	high	player-facing TextAsset CSV payload
If I am ever not on this boat when you wake up… assume the worst.	resources.assets	TextAsset	dialogues	160	m_Script[late_days_01_01].WHO	csv row 45	high	player-facing TextAsset CSV payload
D- Don’t worry, I’m not seasick. I’m just… emotionally wavy today.	resources.assets	TextAsset	dialogues	160	m_Script[late_days_01_01].WOMAN	csv row 45	high	player-facing TextAsset CSV payload
With Dorothy sunk, we need a new name for this dinghy we’re on…	resources.assets	TextAsset	dialogues	160	m_Script[late_days_02_01].MAN	csv row 46	high	player-facing TextAsset CSV payload
Sitting and staring out on this boat is rather boring for you too, I assume…	resources.assets	TextAsset	dialogues	160	m_Script[late_days_02_01].WHO	csv row 46	high	player-facing TextAsset CSV payload
I- I’ve lost track of the days we’ve been here already. If only I had a way to write them down..	resources.assets	TextAsset	dialogues	160	m_Script[late_days_02_01].WOMAN	csv row 46	high	player-facing TextAsset CSV payload
How about ‘The Brown Floater’? Bloater for short, of course. I’m open to better names, though!	resources.assets	TextAsset	dialogues	160	m_Script[late_days_02_02].MAN	csv row 47	high	player-facing TextAsset CSV payload
But if you start singing a sea shanty, I will personally abandon ship.	resources.assets	TextAsset	dialogues	160	m_Script[late_days_02_02].WHO	csv row 47	high	player-facing TextAsset CSV payload
… W- why are you looking at me like that?	resources.assets	TextAsset	dialogues	160	m_Script[late_days_02_02].WOMAN	csv row 47	high	player-facing TextAsset CSV payload
One more day out here and I’m gonna start naming the planks. This one is Jeff. Say hi, Jeff!	resources.assets	TextAsset	dialogues	160	m_Script[late_days_03_01].MAN	csv row 48	high	player-facing TextAsset CSV payload
.. We should compete to see which one of us is more resilient.	resources.assets	TextAsset	dialogues	160	m_Script[late_days_03_01].WHO	csv row 48	high	player-facing TextAsset CSV payload
I think.. I see something green growing between the planks.. t- this can only mean one thing…	resources.assets	TextAsset	dialogues	160	m_Script[late_days_03_01].WOMAN	csv row 48	high	player-facing TextAsset CSV payload
… Jeff says hi.	resources.assets	TextAsset	dialogues	160	m_Script[late_days_03_02].MAN	csv row 49	high	player-facing TextAsset CSV payload
Let’s say… whoever can keep their right leg in the salty ocean the longest. How does that sound?	resources.assets	TextAsset	dialogues	160	m_Script[late_days_03_02].WHO	csv row 49	high	player-facing TextAsset CSV payload
I can have my own small personal garden here..!	resources.assets	TextAsset	dialogues	160	m_Script[late_days_03_02].WOMAN	csv row 49	high	player-facing TextAsset CSV payload
I can’t believe we’re already on day {X}.. At this rate, I might just grow my hair back!	resources.assets	TextAsset	dialogues	160	m_Script[late_days_04_01].MAN	csv row 50	high	player-facing TextAsset CSV payload
Heads up. We have already survived {X} nights.. We may not need many more to do so.	resources.assets	TextAsset	dialogues	160	m_Script[late_days_04_01].WHO	csv row 50	high	player-facing TextAsset CSV payload
Most of my plants at home need water once a week… H- how many days has it been…?	resources.assets	TextAsset	dialogues	160	m_Script[late_days_04_01].WOMAN	csv row 50	high	player-facing TextAsset CSV payload
I’m getting real tired of eating raw fish… I’d even eat a seagull at this point. Ya’ feel me, bud?	resources.assets	TextAsset	dialogues	160	m_Script[late_days_05_01].MAN	csv row 51	high	player-facing TextAsset CSV payload
The air is getting way too humid around here…	resources.assets	TextAsset	dialogues	160	m_Script[late_days_05_01].WHO	csv row 51	high	player-facing TextAsset CSV payload
T- this deck’s getting more and more uncomfortable to sleep on by the day…	resources.assets	TextAsset	dialogues	160	m_Script[late_days_05_01].WOMAN	csv row 51	high	player-facing TextAsset CSV payload
If only we had fire to cook it with… without burning the planks, obviously..	resources.assets	TextAsset	dialogues	160	m_Script[late_days_05_02].MAN	csv row 52	high	player-facing TextAsset CSV payload
Makes my gun more likely to jam.	resources.assets	TextAsset	dialogues	160	m_Script[late_days_05_02].WHO	csv row 52	high	player-facing TextAsset CSV payload
I might have to take something from the junk box to cushion my head tonight…	resources.assets	TextAsset	dialogues	160	m_Script[late_days_05_02].WOMAN	csv row 52	high	player-facing TextAsset CSV payload
Y’know, I’ve been wondering… Why did this ‘company’ offer such a high payout for us?	resources.assets	TextAsset	dialogues	160	m_Script[late_days_06_01].MAN	csv row 53	high	player-facing TextAsset CSV payload
The company told me I was a ‘vital asset’ because of my knowledge of armory.	resources.assets	TextAsset	dialogues	160	m_Script[late_days_06_01].WHO	csv row 53	high	player-facing TextAsset CSV payload
W- why did the company insist we have weapons on board? Were those... n– necessary?	resources.assets	TextAsset	dialogues	160	m_Script[late_days_06_01].WOMAN	csv row 53	high	player-facing TextAsset CSV payload
They had to know the risks, right?	resources.assets	TextAsset	dialogues	160	m_Script[late_days_06_02].MAN	csv row 54	high	player-facing TextAsset CSV payload
Still not sure if that was a compliment or a warning.	resources.assets	TextAsset	dialogues	160	m_Script[late_days_06_02].WHO	csv row 54	high	player-facing TextAsset CSV payload
What were they expecting..?	resources.assets	TextAsset	dialogues	160	m_Script[late_days_06_02].WOMAN	csv row 54	high	player-facing TextAsset CSV payload
Funny how a company this famous hasn’t even tried to find us yet…	resources.assets	TextAsset	dialogues	160	m_Script[late_days_07_01].MAN	csv row 55	high	player-facing TextAsset CSV payload
Do you think the company left us here on purpose?	resources.assets	TextAsset	dialogues	160	m_Script[late_days_07_01].WHO	csv row 55	high	player-facing TextAsset CSV payload
W- why aren’t they looking for us? Did the company just.. abandon us?	resources.assets	TextAsset	dialogues	160	m_Script[late_days_07_01].WOMAN	csv row 55	high	player-facing TextAsset CSV payload
Ya’ think this is why they told us the job had to stay between us and the company?	resources.assets	TextAsset	dialogues	160	m_Script[late_days_08_01].MAN	csv row 56	high	player-facing TextAsset CSV payload
The company told me things they said were just for me to know…	resources.assets	TextAsset	dialogues	160	m_Script[late_days_08_01].WHO	csv row 56	high	player-facing TextAsset CSV payload
They didn’t tell me anything… Were they trying to protect me?	resources.assets	TextAsset	dialogues	160	m_Script[late_days_08_01].WOMAN	csv row 56	high	player-facing TextAsset CSV payload
Now I feel stupid for not telling a single soul.. My momma would already be out here swimming for us!	resources.assets	TextAsset	dialogues	160	m_Script[late_days_08_02].MAN	csv row 57	high	player-facing TextAsset CSV payload
Why be so damn secretive?	resources.assets	TextAsset	dialogues	160	m_Script[late_days_08_02].WHO	csv row 57	high	player-facing TextAsset CSV payload
.. Like they knew this could happen? D- did they think I’d freak out if I knew?	resources.assets	TextAsset	dialogues	160	m_Script[late_days_08_02].WOMAN	csv row 57	high	player-facing TextAsset CSV payload
I wanna see the face of the guy who got us into this mess…	resources.assets	TextAsset	dialogues	160	m_Script[late_days_09_01].MAN	csv row 58	high	player-facing TextAsset CSV payload
They told me ‘The Contractor’ would always be watching us..	resources.assets	TextAsset	dialogues	160	m_Script[late_days_09_01].WHO	csv row 58	high	player-facing TextAsset CSV payload
And we never even knew who our contractor was.. They kept him a secret.	resources.assets	TextAsset	dialogues	160	m_Script[late_days_09_01].WOMAN	csv row 58	high	player-facing TextAsset CSV payload
The only thing we know about him is that he calls himself ‘The Contractor’.. What a weird guy..	resources.assets	TextAsset	dialogues	160	m_Script[late_days_09_02].MAN	csv row 59	high	player-facing TextAsset CSV payload
Was that supposed to be a joke? Or are they actually watching us suffer right now?	resources.assets	TextAsset	dialogues	160	m_Script[late_days_09_02].WHO	csv row 59	high	player-facing TextAsset CSV payload
I- I mean all we know is he literally calls himself ‘The Contractor’..	resources.assets	TextAsset	dialogues	160	m_Script[late_days_09_02].WOMAN	csv row 59	high	player-facing TextAsset CSV payload
They said the Contractor considered this his most important job to offer… and we messed it up..	resources.assets	TextAsset	dialogues	160	m_Script[late_days_10_01].MAN	csv row 60	high	player-facing TextAsset CSV payload
The Contractor’s probably not gonna be happy we failed the job…	resources.assets	TextAsset	dialogues	160	m_Script[late_days_10_01].WHO	csv row 60	high	player-facing TextAsset CSV payload
The company.. They made the Contractor seem… d- desperate..	resources.assets	TextAsset	dialogues	160	m_Script[late_days_10_01].WOMAN	csv row 60	high	player-facing TextAsset CSV payload
Ugh… This Contractor guy’s probably a rich, heartless jerk who treats people like us as tools..	resources.assets	TextAsset	dialogues	160	m_Script[late_days_11_01].MAN	csv row 61	high	player-facing TextAsset CSV payload
Huh… ‘Contractor.’ What a heartless skunk.	resources.assets	TextAsset	dialogues	160	m_Script[late_days_11_01].WHO	csv row 61	high	player-facing TextAsset CSV payload
I- if the Contractor had a heart, he’d be looking for us… right?	resources.assets	TextAsset	dialogues	160	m_Script[late_days_11_01].WOMAN	csv row 61	high	player-facing TextAsset CSV payload
Y’know, these waters… they’re telling me this wasn’t any ordinary transport mission..	resources.assets	TextAsset	dialogues	160	m_Script[late_days_12_01].MAN	csv row 62	high	player-facing TextAsset CSV payload
Maybe it is better for both of us if they never see us again.	resources.assets	TextAsset	dialogues	160	m_Script[late_days_12_01].WHO	csv row 62	high	player-facing TextAsset CSV payload
W- What if... we can still finish the job? What if we never needed the ship in the first place?	resources.assets	TextAsset	dialogues	160	m_Script[late_days_12_01].WOMAN	csv row 62	high	player-facing TextAsset CSV payload
You're a quiet one, huh...	resources.assets	TextAsset	dialogues	160	m_Script[late_days_13_01].MAN	csv row 63	high	player-facing TextAsset CSV payload
That’s the look of someone carrying secrets.	resources.assets	TextAsset	dialogues	160	m_Script[late_days_13_01].WHO	csv row 63	high	player-facing TextAsset CSV payload
Your f- face... it tells me you know more than I do.	resources.assets	TextAsset	dialogues	160	m_Script[late_days_13_01].WOMAN	csv row 63	high	player-facing TextAsset CSV payload
Hey, if you know something I should, don't keep it to yourself, alrighty?	resources.assets	TextAsset	dialogues	160	m_Script[late_days_13_02].MAN	csv row 64	high	player-facing TextAsset CSV payload
And if I am right, maybe it’s time you ask yourself if they’re worth keeping.	resources.assets	TextAsset	dialogues	160	m_Script[late_days_13_02].WHO	csv row 64	high	player-facing TextAsset CSV payload
Please- if you think you’ve got answers to any of this, don’t hold back.	resources.assets	TextAsset	dialogues	160	m_Script[late_days_13_02].WOMAN	csv row 64	high	player-facing TextAsset CSV payload
Days.. weeks… I smell like aged tuna that’s been thrown up.. twice.	resources.assets	TextAsset	dialogues	160	m_Script[late_days_14_01].MAN	csv row 65	high	player-facing TextAsset CSV payload
… You smell awful.	resources.assets	TextAsset	dialogues	160	m_Script[late_days_14_01].WHO	csv row 65	high	player-facing TextAsset CSV payload
It’s not exactly comfy wearing the same clothes this long...	resources.assets	TextAsset	dialogues	160	m_Script[late_days_14_01].WOMAN	csv row 65	high	player-facing TextAsset CSV payload
Just how much longer do we have to keep fightin’, bud?	resources.assets	TextAsset	dialogues	160	m_Script[late_days_14_02].MAN	csv row 66	high	player-facing TextAsset CSV payload
Don’t stress it.. We’ve been stranded out here a long time.	resources.assets	TextAsset	dialogues	160	m_Script[late_days_14_02].WHO	csv row 66	high	player-facing TextAsset CSV payload
I just-..  I just wanna live long enough to take a well-earned, relaxing shower..	resources.assets	TextAsset	dialogues	160	m_Script[late_days_14_02].WOMAN	csv row 66	high	player-facing TextAsset CSV payload
I swear, my hair’s getting grayer by the day… Hey, what’s that look?	resources.assets	TextAsset	dialogues	160	m_Script[late_days_15_01].MAN	csv row 67	high	player-facing TextAsset CSV payload
In this tiny boat.. Even my peg leg is starting to ache.	resources.assets	TextAsset	dialogues	160	m_Script[late_days_15_01].WHO	csv row 67	high	player-facing TextAsset CSV payload
If I were a plant…	resources.assets	TextAsset	dialogues	160	m_Script[late_days_15_01].WOMAN	csv row 67	high	player-facing TextAsset CSV payload
Ya’ think I’m bald? Under this hat is the most magnificent hair you’ve ever seen!	resources.assets	TextAsset	dialogues	160	m_Script[late_days_15_02].MAN	csv row 68	high	player-facing TextAsset CSV payload
You know about phantom pain, don’t you? When something’s gone, but it still hurts like it’s there…	resources.assets	TextAsset	dialogues	160	m_Script[late_days_15_02].WHO	csv row 68	high	player-facing TextAsset CSV payload
I’d be a dry, tired, tattered little shrub, barely hanging on..	resources.assets	TextAsset	dialogues	160	m_Script[late_days_15_02].WOMAN	csv row 68	high	player-facing TextAsset CSV payload
If either of us makes it out alive… we should get a new ship- one named after those we lost.. ‘kay?	resources.assets	TextAsset	dialogues	160	m_Script[late_days_16_01].MAN	csv row 69	high	player-facing TextAsset CSV payload
When I die, I want my ashes mixed with gunpowder… then fired into the sky.	resources.assets	TextAsset	dialogues	160	m_Script[late_days_16_01].WHO	csv row 69	high	player-facing TextAsset CSV payload
Well.. if I don’t make it.. c- could you take care of my plants for me, please?	resources.assets	TextAsset	dialogues	160	m_Script[late_days_16_01].WOMAN	csv row 69	high	player-facing TextAsset CSV payload
I..  I thought I heard voices. But there’s only fish… Can fish talk here? Did you hear them too?	resources.assets	TextAsset	dialogues	160	m_Script[late_days_17_01].MAN	csv row 70	high	player-facing TextAsset CSV payload
Hold yourself together. We cannot give up now.	resources.assets	TextAsset	dialogues	160	m_Script[late_days_17_01].WHO	csv row 70	high	player-facing TextAsset CSV payload
I think… I- I’m having a reverse mirage.. I’m starting to see land in the ocean..	resources.assets	TextAsset	dialogues	160	m_Script[late_days_17_01].WOMAN	csv row 70	high	player-facing TextAsset CSV payload
I’d imagine this is worse than when you sued the company for your botched surgery.. yeah?	resources.assets	TextAsset	dialogues	160	m_Script[late_days_18_01].MAN	csv row 71	high	player-facing TextAsset CSV payload
Still chasing that dream of yours, by the way? You know... that one.	resources.assets	TextAsset	dialogues	160	m_Script[late_days_18_01].WHO	csv row 71	high	player-facing TextAsset CSV payload
M- my brother warned me not to take this job. Thought he was being overprotective... Oh well.	resources.assets	TextAsset	dialogues	160	m_Script[late_days_18_01].WOMAN	csv row 71	high	player-facing TextAsset CSV payload
I wish I had more lives… y’know? Just one might be enough to get us outta here, huh?	resources.assets	TextAsset	dialogues	160	m_Script[late_days_19_01].MAN	csv row 72	high	player-facing TextAsset CSV payload
Hmm.. ‘The Heart of the Sea’…	resources.assets	TextAsset	dialogues	160	m_Script[late_days_19_01].WHO	csv row 72	high	player-facing TextAsset CSV payload
When I was a kid, my friends used to whisper rumors about the sea…	resources.assets	TextAsset	dialogues	160	m_Script[late_days_19_01].WOMAN	csv row 72	high	player-facing TextAsset CSV payload
I’ve only heard the old tales, though… A friend of mine swore it was possible..	resources.assets	TextAsset	dialogues	160	m_Script[late_days_19_02].MAN	csv row 73	high	player-facing TextAsset CSV payload
Endless possibilities, or so they say.	resources.assets	TextAsset	dialogues	160	m_Script[late_days_19_02].WHO	csv row 73	high	player-facing TextAsset CSV payload
One of them mentioned s- something called ‘The Heart of the Sea’, I think..	resources.assets	TextAsset	dialogues	160	m_Script[late_days_19_02].WOMAN	csv row 73	high	player-facing TextAsset CSV payload
With something called ‘The Heart of the Sea’. No idea what that means, but it sure sounds mysterious!	resources.assets	TextAsset	dialogues	160	m_Script[late_days_19_03].MAN	csv row 74	high	player-facing TextAsset CSV payload
Personally? I don’t believe a word of it.	resources.assets	TextAsset	dialogues	160	m_Script[late_days_19_03].WHO	csv row 74	high	player-facing TextAsset CSV payload
T- They said it could save you from certain death.. I don’t buy it.. but I’d still like to have one.	resources.assets	TextAsset	dialogues	160	m_Script[late_days_19_03].WOMAN	csv row 74	high	player-facing TextAsset CSV payload
Oh, you’re up! You won’t believe what happened!	resources.assets	TextAsset	dialogues	160	m_Script[late_days_20_01].MAN	csv row 75	high	player-facing TextAsset CSV payload
Oh, good morning.	resources.assets	TextAsset	dialogues	160	m_Script[late_days_20_01].WHO	csv row 75	high	player-facing TextAsset CSV payload
Oh, you’re awake… s-something weird happened this morning.	resources.assets	TextAsset	dialogues	160	m_Script[late_days_20_01].WOMAN	csv row 75	high	player-facing TextAsset CSV payload
This morning, just after I woke up, a seagull flew by and snatched my pipe!	resources.assets	TextAsset	dialogues	160	m_Script[late_days_20_02].MAN	csv row 76	high	player-facing TextAsset CSV payload
Don’t mind the holes.	resources.assets	TextAsset	dialogues	160	m_Script[late_days_20_02].WHO	csv row 76	high	player-facing TextAsset CSV payload
A seagull flew by with a flower in its beak.. then dropped it right into our boat.	resources.assets	TextAsset	dialogues	160	m_Script[late_days_20_02].WOMAN	csv row 76	high	player-facing TextAsset CSV payload
What kind of bird wants to smoke, huh?	resources.assets	TextAsset	dialogues	160	m_Script[late_days_20_03].MAN	csv row 77	high	player-facing TextAsset CSV payload
I was practicing.	resources.assets	TextAsset	dialogues	160	m_Script[late_days_20_03].WHO	csv row 77	high	player-facing TextAsset CSV payload
S- So naturally, I scraped up whatever dirt I could find and planted it. Look at her.. happy as can be.	resources.assets	TextAsset	dialogues	160	m_Script[late_days_20_03].WOMAN	csv row 77	high	player-facing TextAsset CSV payload
I have nothing to say today, buddy. What’s up?	resources.assets	TextAsset	dialogues	160	m_Script[nothing_01].MAN	csv row 5	high	player-facing TextAsset CSV payload
… Nothing to say today.	resources.assets	TextAsset	dialogues	160	m_Script[nothing_01].WHO	csv row 5	high	player-facing TextAsset CSV payload
Well... I- I don’t have anything to say today…	resources.assets	TextAsset	dialogues	160	m_Script[nothing_01].WOMAN	csv row 5	high	player-facing TextAsset CSV payload
Nothing to talk about today except the weather… It’s a nice one we’re having today, aye?	resources.assets	TextAsset	dialogues	160	m_Script[nothing_02].MAN	csv row 6	high	player-facing TextAsset CSV payload
… I’m out of words today, I guess.	resources.assets	TextAsset	dialogues	160	m_Script[nothing_02].WHO	csv row 6	high	player-facing TextAsset CSV payload
I miss my plants… That’s all. Sorry, I don’t have anything to say today…	resources.assets	TextAsset	dialogues	160	m_Script[nothing_02].WOMAN	csv row 6	high	player-facing TextAsset CSV payload
Hmm… My beard looks nice today. That’s all I can say.	resources.assets	TextAsset	dialogues	160	m_Script[nothing_03].MAN	csv row 7	high	player-facing TextAsset CSV payload
… Sorry, I’m busy thinking to myself today.	resources.assets	TextAsset	dialogues	160	m_Script[nothing_03].WHO	csv row 7	high	player-facing TextAsset CSV payload
… I- I don’t feel like chatting today… Sorry…	resources.assets	TextAsset	dialogues	160	m_Script[nothing_03].WOMAN	csv row 7	high	player-facing TextAsset CSV payload
I swear last night I heard singing… It was spooky, but also calming. A voice singing my own name…	resources.assets	TextAsset	dialogues	160	m_Script[prenightlore_01_01].MAN	csv row 146	high	player-facing TextAsset CSV payload
I heard a voice last night. Sounded like a woman in the distance. But I saw no one.	resources.assets	TextAsset	dialogues	160	m_Script[prenightlore_01_01].WHO	csv row 146	high	player-facing TextAsset CSV payload
Last night, I- I heard a voice.. similar to mine. It was.. singing?	resources.assets	TextAsset	dialogues	160	m_Script[prenightlore_01_01].WOMAN	csv row 146	high	player-facing TextAsset CSV payload
Anyway, most likely a dream.. Albeit a wild one, hah!!	resources.assets	TextAsset	dialogues	160	m_Script[prenightlore_01_02].MAN	csv row 147	high	player-facing TextAsset CSV payload
Also, it was singing. Singing your name.	resources.assets	TextAsset	dialogues	160	m_Script[prenightlore_01_02].WHO	csv row 147	high	player-facing TextAsset CSV payload
Maybe I was already half asleep, imagining things.. R- right?	resources.assets	TextAsset	dialogues	160	m_Script[prenightlore_01_02].WOMAN	csv row 147	high	player-facing TextAsset CSV payload
Last night was pretty foggy, right? I swear I could make out figures from the fog.	resources.assets	TextAsset	dialogues	160	m_Script[prenightlore_02_01].MAN	csv row 148	high	player-facing TextAsset CSV payload
Last night had more fog than usual… and that fog…	resources.assets	TextAsset	dialogues	160	m_Script[prenightlore_02_01].WHO	csv row 148	high	player-facing TextAsset CSV payload
I-I could not see a thing last night, It was way too foggy..	resources.assets	TextAsset	dialogues	160	m_Script[prenightlore_02_01].WOMAN	csv row 148	high	player-facing TextAsset CSV payload
Just kidding.. I’m only trying to spook you. For the laughs! Or am I..?	resources.assets	TextAsset	dialogues	160	m_Script[prenightlore_02_02].MAN	csv row 149	high	player-facing TextAsset CSV payload
It felt alive.	resources.assets	TextAsset	dialogues	160	m_Script[prenightlore_02_02].WHO	csv row 149	high	player-facing TextAsset CSV payload
And it didn’t help that it was moving in all.. weird kinds of ways. L- like, it had a mind of its own..	resources.assets	TextAsset	dialogues	160	m_Script[prenightlore_02_02].WOMAN	csv row 149	high	player-facing TextAsset CSV payload
Did you see that last night? It was like.. a great tentacle.. thing, in the distance! A big ol’ squid?	resources.assets	TextAsset	dialogues	160	m_Script[prenightlore_03_01].MAN	csv row 150	high	player-facing TextAsset CSV payload
Did you ever hear the tales about the gods beneath the sea?	resources.assets	TextAsset	dialogues	160	m_Script[prenightlore_03_01].WHO	csv row 150	high	player-facing TextAsset CSV payload
Weird.. t- the boat was rumbling in an odd way last night..	resources.assets	TextAsset	dialogues	160	m_Script[prenightlore_03_01].WOMAN	csv row 150	high	player-facing TextAsset CSV payload
I’d love reeling it in, you get me? Of course, it likely would not fit on this tiny boat of ours… hah!	resources.assets	TextAsset	dialogues	160	m_Script[prenightlore_03_02].MAN	csv row 151	high	player-facing TextAsset CSV payload
Living deep where no human ever sails. I don’t see anyone around… do you?	resources.assets	TextAsset	dialogues	160	m_Script[prenightlore_03_02].WHO	csv row 151	high	player-facing TextAsset CSV payload
L- Like something was sliding across the bottom..	resources.assets	TextAsset	dialogues	160	m_Script[prenightlore_03_02].WOMAN	csv row 151	high	player-facing TextAsset CSV payload
Do you wanna know what I find really odd, bud?	resources.assets	TextAsset	dialogues	160	m_Script[prenightlore_04_01].MAN	csv row 152	high	player-facing TextAsset CSV payload
.. On some nights, fish that show up get pretty… large.	resources.assets	TextAsset	dialogues	160	m_Script[prenightlore_04_01].WHO	csv row 152	high	player-facing TextAsset CSV payload
W- Why do the larger fish only come up at night?	resources.assets	TextAsset	dialogues	160	m_Script[prenightlore_04_01].WOMAN	csv row 152	high	player-facing TextAsset CSV payload
The fish I see at night… they’re way bigger than usual.. We should try fishing at night once!	resources.assets	TextAsset	dialogues	160	m_Script[prenightlore_04_02].MAN	csv row 153	high	player-facing TextAsset CSV payload
Yesterday, I saw one swim by that was about your size.	resources.assets	TextAsset	dialogues	160	m_Script[prenightlore_04_02].WHO	csv row 153	high	player-facing TextAsset CSV payload
… How big are the biggest..?	resources.assets	TextAsset	dialogues	160	m_Script[prenightlore_04_02].WOMAN	csv row 153	high	player-facing TextAsset CSV payload
Hey! Did you hear that last night? Was it a blue whale? A shark?	resources.assets	TextAsset	dialogues	160	m_Script[previous_night_react_01_01].MAN	csv row 161	high	player-facing TextAsset CSV payload
.. Last night did not feel quiet.	resources.assets	TextAsset	dialogues	160	m_Script[previous_night_react_01_01].WHO	csv row 161	high	player-facing TextAsset CSV payload
D- did you hear that.. last night? What was that noise? Oh my..	resources.assets	TextAsset	dialogues	160	m_Script[previous_night_react_01_01].WOMAN	csv row 161	high	player-facing TextAsset CSV payload
Buddy! You look hurt. Did you have a fight with a shark last night? Seriously, try to be safer tonight!	resources.assets	TextAsset	dialogues	160	m_Script[previous_night_react_02_01].MAN	csv row 162	high	player-facing TextAsset CSV payload
.. Where did you get those scars?	resources.assets	TextAsset	dialogues	160	m_Script[previous_night_react_02_01].WHO	csv row 162	high	player-facing TextAsset CSV payload
A- are you okay? You look really hurt.. Please, be more careful!  J- just hang in there, okay?	resources.assets	TextAsset	dialogues	160	m_Script[previous_night_react_02_01].WOMAN	csv row 162	high	player-facing TextAsset CSV payload
It was a rough last night, for sure.. Thought I wasn’t seasick, but that.. was something else, yeah?	resources.assets	TextAsset	dialogues	160	m_Script[previous_night_react_03_01].MAN	csv row 163	high	player-facing TextAsset CSV payload
.. My jacket got all wet.	resources.assets	TextAsset	dialogues	160	m_Script[previous_night_react_03_01].WHO	csv row 163	high	player-facing TextAsset CSV payload
M- my clothes got soggy and I was freezing last night.. I hope the weather gets better..	resources.assets	TextAsset	dialogues	160	m_Script[previous_night_react_03_01].WOMAN	csv row 163	high	player-facing TextAsset CSV payload
Did you find something interesting last night, buddy? Tell me about it!	resources.assets	TextAsset	dialogues	160	m_Script[previous_night_react_04_01].MAN	csv row 164	high	player-facing TextAsset CSV payload
.. Hmm. Somebody had an unusual night.	resources.assets	TextAsset	dialogues	160	m_Script[previous_night_react_04_01].WHO	csv row 164	high	player-facing TextAsset CSV payload
Y- you look like you found something interesting last night.. What was it?	resources.assets	TextAsset	dialogues	160	m_Script[previous_night_react_04_01].WOMAN	csv row 164	high	player-facing TextAsset CSV payload
Sorry about last night! Sleeping’s really tough when you’re seasick, let me tell ya’!	resources.assets	TextAsset	dialogues	160	m_Script[previous_night_react_05_01].MAN	csv row 165	high	player-facing TextAsset CSV payload
.. Thanks for waking up last night.	resources.assets	TextAsset	dialogues	160	m_Script[previous_night_react_05_01].WHO	csv row 165	high	player-facing TextAsset CSV payload
I-I’m sorry about last night. I hope waking you wasn’t too much of a bother.	resources.assets	TextAsset	dialogues	160	m_Script[previous_night_react_05_01].WOMAN	csv row 165	high	player-facing TextAsset CSV payload
We’re arriving at some dangerous waters here, aren’t we, buddy?	resources.assets	TextAsset	dialogues	160	m_Script[reactdayenv_danger_02].MAN	csv row 167	high	player-facing TextAsset CSV payload
Looks like we are getting somewhere. Be careful, now.	resources.assets	TextAsset	dialogues	160	m_Script[reactdayenv_danger_02].WHO	csv row 167	high	player-facing TextAsset CSV payload
T- the sea seems.. More dangerous than before.. right?	resources.assets	TextAsset	dialogues	160	m_Script[reactdayenv_danger_02].WOMAN	csv row 167	high	player-facing TextAsset CSV payload
Heyho! Looks like tons of fishies are here today! We should try catching some!	resources.assets	TextAsset	dialogues	160	m_Script[reactdayenv_fishes_03].MAN	csv row 168	high	player-facing TextAsset CSV payload
Lots of fish today. Let’s catch some.	resources.assets	TextAsset	dialogues	160	m_Script[reactdayenv_fishes_03].WHO	csv row 168	high	player-facing TextAsset CSV payload
I- it looks like there are a lot of fish today... We should try to catch some.	resources.assets	TextAsset	dialogues	160	m_Script[reactdayenv_fishes_03].WOMAN	csv row 168	high	player-facing TextAsset CSV payload
Darn! M’shoes got all soggy!	resources.assets	TextAsset	dialogues	160	m_Script[reactdayenv_puddle_01].MAN	csv row 166	high	player-facing TextAsset CSV payload
.. The end of my peg is all soaked through.	resources.assets	TextAsset	dialogues	160	m_Script[reactdayenv_puddle_01].WHO	csv row 166	high	player-facing TextAsset CSV payload
M- my shoes are filled with water.. So uncomfortable, ugh..	resources.assets	TextAsset	dialogues	160	m_Script[reactdayenv_puddle_01].WOMAN	csv row 166	high	player-facing TextAsset CSV payload
That’s a cute bird over there! Do you already have a name for it, bud?	resources.assets	TextAsset	dialogues	160	m_Script[seagulls_on_boat_01_01].MAN	csv row 170	high	player-facing TextAsset CSV payload
Seagulls.. So annoying.	resources.assets	TextAsset	dialogues	160	m_Script[seagulls_on_boat_01_01].WHO	csv row 170	high	player-facing TextAsset CSV payload
Oh, a seagull.. I- I mean, it’s something cute, at least!	resources.assets	TextAsset	dialogues	160	m_Script[seagulls_on_boat_01_01].WOMAN	csv row 170	high	player-facing TextAsset CSV payload
Ahoy, feathered friends! You can’t have too many of these guys!	resources.assets	TextAsset	dialogues	160	m_Script[seagulls_on_boat_02_01].MAN	csv row 171	high	player-facing TextAsset CSV payload
Even more of them seagulls.. Gosh.	resources.assets	TextAsset	dialogues	160	m_Script[seagulls_on_boat_02_01].WHO	csv row 171	high	player-facing TextAsset CSV payload
More birds… the more the merrier, they say, right?	resources.assets	TextAsset	dialogues	160	m_Script[seagulls_on_boat_02_01].WOMAN	csv row 171	high	player-facing TextAsset CSV payload
Did that gull just invite the whole family to our boat? This is starting to get ridiculous!	resources.assets	TextAsset	dialogues	160	m_Script[seagulls_on_boat_03_01].MAN	csv row 172	high	player-facing TextAsset CSV payload
That is way too many seagulls. And my limit was one.	resources.assets	TextAsset	dialogues	160	m_Script[seagulls_on_boat_03_01].WHO	csv row 172	high	player-facing TextAsset CSV payload
I- I’m getting pretty uncomfortable around this many.. seagulls	resources.assets	TextAsset	dialogues	160	m_Script[seagulls_on_boat_03_01].WOMAN	csv row 172	high	player-facing TextAsset CSV payload
You seem hungry, pal! Hey, I kept some hardtack in my pocket for a while now..	resources.assets	TextAsset	dialogues	160	m_Script[share_last_snack_01].MAN	csv row 137	high	player-facing TextAsset CSV payload
…	resources.assets	TextAsset	dialogues	160	m_Script[share_last_snack_01].WHO	csv row 137	high	player-facing TextAsset CSV payload
You seem.. hungry. I actually kept some raisins with me as a snack, b- but you can have it…	resources.assets	TextAsset	dialogues	160	m_Script[share_last_snack_01].WOMAN	csv row 137	high	player-facing TextAsset CSV payload
You can have it! Help yourself out!	resources.assets	TextAsset	dialogues	160	m_Script[share_last_snack_02].MAN	csv row 138	high	player-facing TextAsset CSV payload
…	resources.assets	TextAsset	dialogues	160	m_Script[share_last_snack_02].WHO	csv row 138	high	player-facing TextAsset CSV payload
Try them, I- I think they taste pretty good!	resources.assets	TextAsset	dialogues	160	m_Script[share_last_snack_02].WOMAN	csv row 138	high	player-facing TextAsset CSV payload
A bit hard to chew, I know.. But it does the job, doesn’t it?	resources.assets	TextAsset	dialogues	160	m_Script[share_last_snack_03].MAN	csv row 139	high	player-facing TextAsset CSV payload
…	resources.assets	TextAsset	dialogues	160	m_Script[share_last_snack_03].WHO	csv row 139	high	player-facing TextAsset CSV payload
W- what do you think? Sweet, right?	resources.assets	TextAsset	dialogues	160	m_Script[share_last_snack_03].WOMAN	csv row 139	high	player-facing TextAsset CSV payload
Hey, just the right time! Found this old can under the seats this morning. Looks like food, right?	resources.assets	TextAsset	dialogues	160	m_Script[should_we_eat_this_01_01].MAN	csv row 140	high	player-facing TextAsset CSV payload
…	resources.assets	TextAsset	dialogues	160	m_Script[should_we_eat_this_01_01].WHO	csv row 140	high	player-facing TextAsset CSV payload
T- this might come as a surprise.. but I found an old can here labeled as something edible…	resources.assets	TextAsset	dialogues	160	m_Script[should_we_eat_this_01_01].WOMAN	csv row 140	high	player-facing TextAsset CSV payload
Should we try to eat the contents? Might be the best thing we ever had, might kill us.. who knows?	resources.assets	TextAsset	dialogues	160	m_Script[should_we_eat_this_01_02].MAN	csv row 141	high	player-facing TextAsset CSV payload
…	resources.assets	TextAsset	dialogues	160	m_Script[should_we_eat_this_01_02].WHO	csv row 141	high	player-facing TextAsset CSV payload
We could.. t- try some of it, right? What’s the worst that could happen to us… oh well.	resources.assets	TextAsset	dialogues	160	m_Script[should_we_eat_this_01_02].WOMAN	csv row 141	high	player-facing TextAsset CSV payload
… Should we, buddy?	resources.assets	TextAsset	dialogues	160	m_Script[should_we_eat_this_01_03].MAN	csv row 142	high	player-facing TextAsset CSV payload
…	resources.assets	TextAsset	dialogues	160	m_Script[should_we_eat_this_01_03].WHO	csv row 142	high	player-facing TextAsset CSV payload
… So.. Should we?	resources.assets	TextAsset	dialogues	160	m_Script[should_we_eat_this_01_03].WOMAN	csv row 142	high	player-facing TextAsset CSV payload
Glad to say it to you pal, that did actually taste pretty savory! Haha, we sure are lucky!	resources.assets	TextAsset	dialogues	160	m_Script[should_we_eat_this_01_04].MAN	csv row 143	high	player-facing TextAsset CSV payload
…	resources.assets	TextAsset	dialogues	160	m_Script[should_we_eat_this_01_04].WHO	csv row 143	high	player-facing TextAsset CSV payload
W- wow! This might be the best thing I had since we were here! That was delicious, even if expired.	resources.assets	TextAsset	dialogues	160	m_Script[should_we_eat_this_01_04].WOMAN	csv row 143	high	player-facing TextAsset CSV payload
So.. I might just puke.. No jokes buddy, it made me sick to my stomach. Didn’t regret trying it though..!	resources.assets	TextAsset	dialogues	160	m_Script[should_we_eat_this_01_05].MAN	csv row 144	high	player-facing TextAsset CSV payload
…	resources.assets	TextAsset	dialogues	160	m_Script[should_we_eat_this_01_05].WHO	csv row 144	high	player-facing TextAsset CSV payload
T-.. two bites were enough.. I already feel ill. This might have not been the b- best idea… ugh..	resources.assets	TextAsset	dialogues	160	m_Script[should_we_eat_this_01_05].WOMAN	csv row 144	high	player-facing TextAsset CSV payload
Eh, you’re probably right.. I wouldn’t risk dying this way. Back to the sea, it goes!	resources.assets	TextAsset	dialogues	160	m_Script[should_we_eat_this_01_06].MAN	csv row 145	high	player-facing TextAsset CSV payload
G- good call.. On second thought, I wouldn’t want to risk eating this..	resources.assets	TextAsset	dialogues	160	m_Script[should_we_eat_this_01_06].WOMAN	csv row 145	high	player-facing TextAsset CSV payload
Let me prepare that bait for you. Trust me, this will guarantee they'll be catching fish all day!	resources.assets	TextAsset	dialogues	160	m_Script[speciality_active].MAN	csv row 181	high	player-facing TextAsset CSV payload
So… Need help dealing with the damage? All right, I'll lend you a hand. Now get to work.	resources.assets	TextAsset	dialogues	160	m_Script[speciality_active].WHO	csv row 181	high	player-facing TextAsset CSV payload
.. I tried seasoning today's ration with sea salt and kelp. It should be more nutritious this way.	resources.assets	TextAsset	dialogues	160	m_Script[speciality_active].WOMAN	csv row 181	high	player-facing TextAsset CSV payload
Hey, glad you went with me, buddy! With my strength, we can sail this thing for years!	resources.assets	TextAsset	dialogues	160	m_Script[start_01].MAN	csv row 9	high	player-facing TextAsset CSV payload
… Why did you choose me?	resources.assets	TextAsset	dialogues	160	m_Script[start_01].WHO	csv row 9	high	player-facing TextAsset CSV payload
T- Thank you for saving me.. Feeling the sinking was terrifying.. But we’re here now, oh well...	resources.assets	TextAsset	dialogues	160	m_Script[start_01].WOMAN	csv row 9	high	player-facing TextAsset CSV payload
I hoped you pick me, bud! I can steer this thing till’ we find someone to help us, don’t worry!	resources.assets	TextAsset	dialogues	160	m_Script[start_02].MAN	csv row 10	high	player-facing TextAsset CSV payload
.. You could have saved the others, you know?	resources.assets	TextAsset	dialogues	160	m_Script[start_02].WHO	csv row 10	high	player-facing TextAsset CSV payload
You saved my life, thank you.. I- I will repay it after we.. you know.. survive. B- But I am sure we will.	resources.assets	TextAsset	dialogues	160	m_Script[start_02].WOMAN	csv row 10	high	player-facing TextAsset CSV payload
Well, I could not bring anything with me, but I found some food on the way. We can share!	resources.assets	TextAsset	dialogues	160	m_Script[start_food_01].MAN	csv row 13	high	player-facing TextAsset CSV payload
… Forget it.. Let’s focus.. Also, I brought a can with me, too.	resources.assets	TextAsset	dialogues	160	m_Script[start_food_01].WHO	csv row 13	high	player-facing TextAsset CSV payload
I- I should have brought something here, too.. I only had some leftovers, if we get hungry..	resources.assets	TextAsset	dialogues	160	m_Script[start_food_01].WOMAN	csv row 13	high	player-facing TextAsset CSV payload
Also, look what I have brought with me! You can have it bud, here.	resources.assets	TextAsset	dialogues	160	m_Script[start_item_01].MAN	csv row 11	high	player-facing TextAsset CSV payload
.. Whatever. Look. We might end up using this, take it.	resources.assets	TextAsset	dialogues	160	m_Script[start_item_01].WHO	csv row 11	high	player-facing TextAsset CSV payload
Oh, by the way, I- I was able to bring this with me, look.	resources.assets	TextAsset	dialogues	160	m_Script[start_item_01].WOMAN	csv row 11	high	player-facing TextAsset CSV payload
Aye, look what I found! This might help us later aye? Here, have it.	resources.assets	TextAsset	dialogues	160	m_Script[start_item_02].MAN	csv row 12	high	player-facing TextAsset CSV payload
.. Anyway… Also, take this, just had it lying around..	resources.assets	TextAsset	dialogues	160	m_Script[start_item_02].WHO	csv row 12	high	player-facing TextAsset CSV payload
I tried to bring some stuff with me, too, but this is all I could get, look.	resources.assets	TextAsset	dialogues	160	m_Script[start_item_02].WOMAN	csv row 12	high	player-facing TextAsset CSV payload
Guess what! I just dragged this here, we can always have a use for this. Told you I have it in me!	resources.assets	TextAsset	dialogues	160	m_Script[start_special_man_01].MAN	csv row 14	high	player-facing TextAsset CSV payload
…	resources.assets	TextAsset	dialogues	160	m_Script[start_special_man_01].WHO	csv row 14	high	player-facing TextAsset CSV payload
…	resources.assets	TextAsset	dialogues	160	m_Script[start_special_man_01].WOMAN	csv row 14	high	player-facing TextAsset CSV payload
…	resources.assets	TextAsset	dialogues	160	m_Script[start_special_who_01].MAN	csv row 16	high	player-facing TextAsset CSV payload
… Whatever. We need to protect ourselves. So I brought this. Take it.	resources.assets	TextAsset	dialogues	160	m_Script[start_special_who_01].WHO	csv row 16	high	player-facing TextAsset CSV payload
…	resources.assets	TextAsset	dialogues	160	m_Script[start_special_who_01].WOMAN	csv row 16	high	player-facing TextAsset CSV payload
…	resources.assets	TextAsset	dialogues	160	m_Script[start_special_woman_01].MAN	csv row 15	high	player-facing TextAsset CSV payload
…	resources.assets	TextAsset	dialogues	160	m_Script[start_special_woman_01].WHO	csv row 15	high	player-facing TextAsset CSV payload
I- I grabbed this on the way, an obvious pick, but we will need it, for sure..	resources.assets	TextAsset	dialogues	160	m_Script[start_special_woman_01].WOMAN	csv row 15	high	player-facing TextAsset CSV payload
This is a test text. If you see this, friend, that means that you… see this text. Test test testy test.	resources.assets	TextAsset	dialogues	160	m_Script[test_01].MAN	csv row 3	high	player-facing TextAsset CSV payload
… Are you testing something? Why would you want to access this text? Testy test.	resources.assets	TextAsset	dialogues	160	m_Script[test_01].WHO	csv row 3	high	player-facing TextAsset CSV payload
This.. is a test text. You should not be able to see this. But if you do, well, testy test, test.	resources.assets	TextAsset	dialogues	160	m_Script[test_01].WOMAN	csv row 3	high	player-facing TextAsset CSV payload
Row	resources.assets	TextAsset	journals	158	known_string_search	byte 13627091 (utf-8)	medium	known-string raw hit for 'Row'; raw hit falls inside Unity object 158
Row’ and I are the only ones left	resources.assets	TextAsset	journals	158	known_string_search	byte 13663978 (utf-8)	medium	"known-string raw hit for ""Row' and I are the only ones left""; raw hit falls inside Unity object 158"
Well, there goes Dorothy	resources.assets	TextAsset	journals	158	known_string_search	byte 13662969 (utf-8)	medium	known-string raw hit for 'Well, there goes Dorothy'; raw hit falls inside Unity object 158
I can’t be wrong! That was definitely not a bird! That means people are flying over this damned sea, which means I will get rescued eventually.<br>Makes perfect sense. …Right?	resources.assets	TextAsset	journals	158	m_Script[airplane_slept].text	csv row 101	high	player-facing TextAsset CSV payload
Cold Shoulder	resources.assets	TextAsset	journals	158	m_Script[airplane_slept].title	csv row 101	high	player-facing TextAsset CSV payload
I can’t be wrong! That was definitely not a bird! I hope I made enough effort to be noticed…<br>If someone up there saw me, rescue could only be days away… right?	resources.assets	TextAsset	journals	158	m_Script[airplane_tried_sos].text	csv row 100	high	player-facing TextAsset CSV payload
Hope	resources.assets	TextAsset	journals	158	m_Script[airplane_tried_sos].title	csv row 100	high	player-facing TextAsset CSV payload
Last night was nauseating, to say the least. Had I slept an hour longer, I might have ended up under the boat.<br>Luckily, I managed to stabilize it using that heavy anchor I’ve got here.<br>It did a dandy job of keeping everything still, including myself.	resources.assets	TextAsset	journals	158	m_Script[bigwaves_anchor].text	csv row 3	high	player-facing TextAsset CSV payload
Restless Waves	resources.assets	TextAsset	journals	158	m_Script[bigwaves_anchor].title	csv row 3	high	player-facing TextAsset CSV payload
I woke up to the force of waves crashing against the side of the boat, water splashing into my face.<br>After collecting my thoughts and regaining my balance, I tried to get a few more hours of sleep, but to no avail.	resources.assets	TextAsset	journals	158	m_Script[bigwaves_badsleep].text	csv row 5	high	player-facing TextAsset CSV payload
Restless Waves	resources.assets	TextAsset	journals	158	m_Script[bigwaves_badsleep].title	csv row 5	high	player-facing TextAsset CSV payload
I woke up to the force of waves crashing against the side of the boat, water splashing into my face.<br>Accepting the circumstances, it was calming to drift back to sleep to the rocking of the boat.<br>But I might have lost something to the waves…	resources.assets	TextAsset	journals	158	m_Script[bigwaves_lostitem].text	csv row 6	high	player-facing TextAsset CSV payload
Restless Waves	resources.assets	TextAsset	journals	158	m_Script[bigwaves_lostitem].title	csv row 6	high	player-facing TextAsset CSV payload
Last night was nauseating, to say the least. Had I slept an hour longer, I might have ended up under the boat.<br>I had a swim ring lying around, so I put it on, just to rest assured I wouldn’t wake up in salty water.	resources.assets	TextAsset	journals	158	m_Script[bigwaves_swimbelt].text	csv row 4	high	player-facing TextAsset CSV payload
Restless Waves	resources.assets	TextAsset	journals	158	m_Script[bigwaves_swimbelt].title	csv row 4	high	player-facing TextAsset CSV payload
The air smelled putrid, and when I looked around… the sea was red. Deep red. Like, actual blood red.<br>I anxiously tried to collect a sample, but what I found was something completely different…<br>I don’t think I was ever meant to find this.	resources.assets	TextAsset	journals	158	m_Script[bloodwater_foundpiece].text	csv row 89	high	player-facing TextAsset CSV payload
Red	resources.assets	TextAsset	journals	158	m_Script[bloodwater_foundpiece].title	csv row 89	high	player-facing TextAsset CSV payload
The air smelled putrid, and when I looked around… the sea was red. Deep red. Like, actual blood red.<br>I equipped my diving gear to investigate.<br>Below, I heard a deep rumble, followed by the very thing I was searching for.<br>It was searching for me, too.	resources.assets	TextAsset	journals	158	m_Script[bloodwater_scuba_attack].text	csv row 91	high	player-facing TextAsset CSV payload
Deep Red	resources.assets	TextAsset	journals	158	m_Script[bloodwater_scuba_attack].title	csv row 91	high	player-facing TextAsset CSV payload
The air smelled putrid, and when I looked around… the sea was red. Deep red. Like, actual blood red.<br>I equipped my diving gear to investigate.<br>The water was oddly warm, loud, and full of fish scattered in pieces. I grabbed as many as I possibly could and bolted out of there.	resources.assets	TextAsset	journals	158	m_Script[bloodwater_scuba_food].text	csv row 92	high	player-facing TextAsset CSV payload
Deep Red	resources.assets	TextAsset	journals	158	m_Script[bloodwater_scuba_food].title	csv row 92	high	player-facing TextAsset CSV payload
The air smelled putrid, and when I looked around… the sea was red. Deep red. Like, actual blood red.<br>Were the lights playing tricks on me? Did I stumble upon an undersea massacre?<br>I need to reach land as fast as possible. I don’t want to add my blood to the sea.	resources.assets	TextAsset	journals	158	m_Script[bloodwater_sleep].text	csv row 90	high	player-facing TextAsset CSV payload
Red	resources.assets	TextAsset	journals	158	m_Script[bloodwater_sleep].title	csv row 90	high	player-facing TextAsset CSV payload
Is no one… actually looking for me?<br>Does everyone else actively avoid this place? How come no one has sent help already?<br>No matter how much I try to be seen, I’m starting to believe I’m not even looking at real people. Maybe I’ve already gone mad.	resources.assets	TextAsset	journals	158	m_Script[boat_cansave_ignored].text	csv row 93	high	player-facing TextAsset CSV payload
Hopeless	resources.assets	TextAsset	journals	158	m_Script[boat_cansave_ignored].title	csv row 93	high	player-facing TextAsset CSV payload
I’m starting to feel like everyone is actively avoiding this place.<br>If they could send help, they would have by now.<br>My gut tells me no one I see out here is actually real. In the past few days, I’ve already lost both my faith and my trust…	resources.assets	TextAsset	journals	158	m_Script[boat_cansave_slept].text	csv row 94	high	player-facing TextAsset CSV payload
Fine on My Own	resources.assets	TextAsset	journals	158	m_Script[boat_cansave_slept].title	csv row 94	high	player-facing TextAsset CSV payload
I think I just saw other people! And it was a huge ship, too!<br>I fired my only flare in their direction, hoping to finally be saved. They didn’t so much as turn, but kept moving on. Maybe they’ll send someone instead… right?	resources.assets	TextAsset	journals	158	m_Script[boat_distance_flaregun].text	csv row 49	high	player-facing TextAsset CSV payload
Other People?!	resources.assets	TextAsset	journals	158	m_Script[boat_distance_flaregun].title	csv row 49	high	player-facing TextAsset CSV payload
I think I just saw other people! And it was a huge ship, too!<br>I flickered my flashlight as hard as I could, hoping to be seen… but they didn’t notice. To them, I was probably just one faint glimmer in the moonlit ocean, with this cheap old flashlight.	resources.assets	TextAsset	journals	158	m_Script[boat_distance_flashlight].text	csv row 50	high	player-facing TextAsset CSV payload
Other People?!	resources.assets	TextAsset	journals	158	m_Script[boat_distance_flashlight].title	csv row 50	high	player-facing TextAsset CSV payload
I think I just saw other people! And it was a huge ship, too!<br>All I could do was watch them pass far away. I had no real way to get their attention, my screams wouldn’t even carry halfway there.	resources.assets	TextAsset	journals	158	m_Script[boat_distance_sleep].text	csv row 51	high	player-facing TextAsset CSV payload
Other People?!	resources.assets	TextAsset	journals	158	m_Script[boat_distance_sleep].title	csv row 51	high	player-facing TextAsset CSV payload
I think I just saw other people! And it was a huge ship, too!<br>I had to take a closer look, so I used my telescope. Sadly, it seems that they did not see me, as if I were invisible in the dark waters of the night…	resources.assets	TextAsset	journals	158	m_Script[boat_distance_telescope].text	csv row 48	high	player-facing TextAsset CSV payload
Other People?!	resources.assets	TextAsset	journals	158	m_Script[boat_distance_telescope].title	csv row 48	high	player-facing TextAsset CSV payload
Had no high hopes for this old dinghy, but I didn’t expect a leak so big it could have drowned me in my sleep.<br>I acted quickly enough to keep my boots from filling with water, though. I just hope this boat doesn’t hold any more surprises for me.	resources.assets	TextAsset	journals	158	m_Script[boatleak_solved].text	csv row 7	high	player-facing TextAsset CSV payload
Quick Fix	resources.assets	TextAsset	journals	158	m_Script[boatleak_solved].title	csv row 7	high	player-facing TextAsset CSV payload
Had no high hopes for this old dinghy, but I didn’t expect a leak so big it nearly drowned me in my sleep.<br>The bottom of the boat is full of water now, and it looks like it could have done more damage than I thought.	resources.assets	TextAsset	journals	158	m_Script[boatleak_unsolved].text	csv row 8	high	player-facing TextAsset CSV payload
Wet Boots	resources.assets	TextAsset	journals	158	m_Script[boatleak_unsolved].title	csv row 8	high	player-facing TextAsset CSV payload
The currents guided a bottle to the boat last evening. I wonder who sent it into the ocean. Or when it was sent… or why…<br>Having the paper completely blank on the other side gives me the chance to send a message back into the waters.	resources.assets	TextAsset	journals	158	m_Script[bottle_got].text	csv row 20	high	player-facing TextAsset CSV payload
A Message	resources.assets	TextAsset	journals	158	m_Script[bottle_got].title	csv row 20	high	player-facing TextAsset CSV payload
The currents guided a bottle to our boat last evening. Wonder who sent it into the ocean…<br>It was far out of reach, so we may never know what message it held, or the reason it ended up here.	resources.assets	TextAsset	journals	158	m_Script[bottle_slept].text	csv row 21	high	player-facing TextAsset CSV payload
Wandering Message	resources.assets	TextAsset	journals	158	m_Script[bottle_slept].title	csv row 21	high	player-facing TextAsset CSV payload
This ocean sure amasses a lot of weird things.<br>Last night I found a chest practically begging to be discovered by treasure hunters.<br>I quickly discovered why it had remained unopened for so long… What even is this place?	resources.assets	TextAsset	journals	158	m_Script[chest_attacked_me].text	csv row 76	high	player-facing TextAsset CSV payload
Beware the Crates	resources.assets	TextAsset	journals	158	m_Script[chest_attacked_me].title	csv row 76	high	player-facing TextAsset CSV payload
The ocean sure amasses a lot of things together.<br>Last night I found a mysterious, heavy chest, with no key to be seen. I might have to force my way into it if my curiosity gets the best of me.	resources.assets	TextAsset	journals	158	m_Script[chest_got].text	csv row 74	high	player-facing TextAsset CSV payload
Treasure!	resources.assets	TextAsset	journals	158	m_Script[chest_got].title	csv row 74	high	player-facing TextAsset CSV payload
The ocean sure amasses a lot of things together.<br>Last night I saw a mysterious wooden chest bumping against the side of the boat. I didn’t waste my energy on it… if it had any valuables, it wouldn’t float that easily.<br>I went back to sleep instead.	resources.assets	TextAsset	journals	158	m_Script[chest_skipped].text	csv row 75	high	player-facing TextAsset CSV payload
No Junk Needed!	resources.assets	TextAsset	journals	158	m_Script[chest_skipped].title	csv row 75	high	player-facing TextAsset CSV payload
Note to self: Not everything shaped like treasure is actually treasure.<br>These waters find the most unexpected ways to end me when I’m not careful.	resources.assets	TextAsset	journals	158	m_Script[chestattack_attack].text	csv row 96	high	player-facing TextAsset CSV payload
Surprise…	resources.assets	TextAsset	journals	158	m_Script[chestattack_attack].title	csv row 96	high	player-facing TextAsset CSV payload
I fear that the chest I found has something alive inside it. The sounds reminded me of a rat, or worse.<br>I secured it for the night, I want no more surprises. Maybe I’ll just wait until whatever’s inside dies before I open it.	resources.assets	TextAsset	journals	158	m_Script[chestattack_net].text	csv row 97	high	player-facing TextAsset CSV payload
Better Safe than Sorry	resources.assets	TextAsset	journals	158	m_Script[chestattack_net].title	csv row 97	high	player-facing TextAsset CSV payload
As it turns out, the chest I dragged aboard had a hole in it… and a seagull living rent-free inside.<br>I just carried a heavy box all this way for feathers and droppings.	resources.assets	TextAsset	journals	158	m_Script[chestattack_seagull].text	csv row 95	high	player-facing TextAsset CSV payload
Surprise!	resources.assets	TextAsset	journals	158	m_Script[chestattack_seagull].title	csv row 95	high	player-facing TextAsset CSV payload
I was only half-asleep, but I swear the chest tried to escape from my boat.<br>It’s still right where I left it, but now I can’t shake off its… individuality, the way it stares back when I look at it.	resources.assets	TextAsset	journals	158	m_Script[chestattack_sleep].text	csv row 98	high	player-facing TextAsset CSV payload
Noises Within	resources.assets	TextAsset	journals	158	m_Script[chestattack_sleep].title	csv row 98	high	player-facing TextAsset CSV payload
Note to self: Not everything shaped like treasure is actually treasure.<br>These waters find the most unexpected ways to end me when I’m not careful.	resources.assets	TextAsset	journals	158	m_Script[chestattack_sleep_fail].text	csv row 99	high	player-facing TextAsset CSV payload
Surprise…	resources.assets	TextAsset	journals	158	m_Script[chestattack_sleep_fail].title	csv row 99	high	player-facing TextAsset CSV payload
Looking at my surroundings, it was clear I needed to navigate a bit, or the boat might drift into waters more dangerous than I could handle.<br>Truth be told, I have no idea where I’m headed. Let’s just hope it’s more pleasant than wherever I woke up last night…	resources.assets	TextAsset	journals	158	m_Script[dangerouswater_navigated].text	csv row 9	high	player-facing TextAsset CSV payload
Rock And Row	resources.assets	TextAsset	journals	158	m_Script[dangerouswater_navigated].title	csv row 9	high	player-facing TextAsset CSV payload
I felt the impact of a small rock scraping beneath the boat, so I got up to take a look around…<br>The area seemed pretty sketchy, but I still chose to go back to sleep and let the waves carry me out of there.<br>This way, I can’t blame myself for picking the wrong direction!	resources.assets	TextAsset	journals	158	m_Script[dangerouswater_slept].text	csv row 10	high	player-facing TextAsset CSV payload
Bumpy Sleep	resources.assets	TextAsset	journals	158	m_Script[dangerouswater_slept].title	csv row 10	high	player-facing TextAsset CSV payload
Sounds of slapping and flopping filled the air last night. I decided to investigate and find the source.<br>I couldn’t find anything. What made that sound?<br>I was hoping at least for a fish that made it onto the boat… then I could have had a fresh breakfast for myself.	resources.assets	TextAsset	journals	158	m_Script[fishinboat_empty].text	csv row 12	high	player-facing TextAsset CSV payload
Like a Fish?	resources.assets	TextAsset	journals	158	m_Script[fishinboat_empty].title	csv row 12	high	player-facing TextAsset CSV payload
Sounds of slapping and flopping filled the air last night. I decided to investigate and find the source.<br>And lo and behold! Somebody decided they wanted to be my breakfast today. There is still kindness in the rough seas.	resources.assets	TextAsset	journals	158	m_Script[fishinboat_fish].text	csv row 11	high	player-facing TextAsset CSV payload
A Tasty Guest	resources.assets	TextAsset	journals	158	m_Script[fishinboat_fish].title	csv row 11	high	player-facing TextAsset CSV payload
And I looked back.	resources.assets	TextAsset	journals	158	m_Script[fishinboat_rare].text	csv row 13	high	player-facing TextAsset CSV payload
I Looked at Me	resources.assets	TextAsset	journals	158	m_Script[fishinboat_rare].title	csv row 13	high	player-facing TextAsset CSV payload
Sounds of slapping and flopping filled the air last night.<br>It sounded like a fish following the boat, passionately trying to wake me up out of spite.<br>Needless to say, after getting back to sleep, I dreamt about fish… having a fistfight.	resources.assets	TextAsset	journals	158	m_Script[fishinboat_sleep].text	csv row 14	high	player-facing TextAsset CSV payload
Slaps To Sleep	resources.assets	TextAsset	journals	158	m_Script[fishinboat_sleep].title	csv row 14	high	player-facing TextAsset CSV payload
What a fortunate night! I woke up at just the right time to see a group of fish circling around the boat, so I took the chance to do some fishing!<br>I’m thankful for every bite I can get while sailing this old thing.	resources.assets	TextAsset	journals	158	m_Script[fishsquad_fished].text	csv row 52	high	player-facing TextAsset CSV payload
Supper!	resources.assets	TextAsset	journals	158	m_Script[fishsquad_fished].title	csv row 52	high	player-facing TextAsset CSV payload
I woke up to the sound of a group of fish getting too comfortable around the boat, so I tried catching at least one quickly, but failed miserably.<br>My disappointment could not be measured on this ruined night…	resources.assets	TextAsset	journals	158	m_Script[fishsquad_fishfail].text	csv row 53	high	player-facing TextAsset CSV payload
Empty Handed	resources.assets	TextAsset	journals	158	m_Script[fishsquad_fishfail].title	csv row 53	high	player-facing TextAsset CSV payload
I was already half-asleep when a group of fish swam very close to the boat.<br>I started counting them like sheep, then I fell asleep. Maybe I could have caught at least one to eat… I also hoped it could taste like lamb.	resources.assets	TextAsset	journals	158	m_Script[fishsquad_sleep].text	csv row 54	high	player-facing TextAsset CSV payload
Dreaming Fishing	resources.assets	TextAsset	journals	158	m_Script[fishsquad_sleep].title	csv row 54	high	player-facing TextAsset CSV payload
I hope I made the right decision by continuing.<br>I can’t stop now.	resources.assets	TextAsset	journals	158	m_Script[foundland_skipped].text	csv row 122	high	player-facing TextAsset CSV payload
Trust	resources.assets	TextAsset	journals	158	m_Script[foundland_skipped].title	csv row 122	high	player-facing TextAsset CSV payload
At night, I can’t trust anything anymore. Not even my friend, who I’ve sailed with for years.<br>I saw through the illusion, but it sounded near perfect.<br>Now I’m getting paranoid. I’m too afraid to even help others anymore…<br>Doing so would risk my own life.	resources.assets	TextAsset	journals	158	m_Script[friendevil_flashlight].text	csv row 124	high	player-facing TextAsset CSV payload
Swindler	resources.assets	TextAsset	journals	158	m_Script[friendevil_flashlight].title	csv row 124	high	player-facing TextAsset CSV payload
At night, I can’t trust anything anymore. Not even my friend, who I’ve sailed with for years.<br>I know this was some sort of illusion, but it felt so real…<br>Now I’m paranoid. If I were the only one here… would that thing take my form instead?	resources.assets	TextAsset	journals	158	m_Script[friendevil_slept_attack].text	csv row 126	high	player-facing TextAsset CSV payload
Swindler	resources.assets	TextAsset	journals	158	m_Script[friendevil_slept_attack].title	csv row 126	high	player-facing TextAsset CSV payload
My shipmate woke last night, but something felt wrong. Maybe I was just drowsy, but that voice was… off.<br>I just didn’t trust it. <br>I ignored it and pretended to be asleep until I truly dozed off.<br>My mate does not recall being awake that night…	resources.assets	TextAsset	journals	158	m_Script[friendevil_slept_good].text	csv row 125	high	player-facing TextAsset CSV payload
Trust Issues	resources.assets	TextAsset	journals	158	m_Script[friendevil_slept_good].title	csv row 125	high	player-facing TextAsset CSV payload
At night, I can’t trust anything anymore. Not even my friend, who I’ve sailed with for years.<br>I know this was some sort of illusion, but it felt so real…<br>Now I’m paranoid. I’m too afraid to even help others anymore…<br>Doing so would risk my own life.	resources.assets	TextAsset	journals	158	m_Script[friendevil_tried_help].text	csv row 123	high	player-facing TextAsset CSV payload
Swindler	resources.assets	TextAsset	journals	158	m_Script[friendevil_tried_help].title	csv row 123	high	player-facing TextAsset CSV payload
It’s hard for one to survive in the vastness of the seas, let alone two people.<br>At least when one of us feels unwell, the other can help out. We were prepared last night, but who knows when either of us will be left on our own without help…	resources.assets	TextAsset	journals	158	m_Script[friendsick_firstaidkit].text	csv row 15	high	player-facing TextAsset CSV payload
We Are Managing	resources.assets	TextAsset	journals	158	m_Script[friendsick_firstaidkit].title	csv row 15	high	player-facing TextAsset CSV payload
It’s hard for one to survive in the vastness of the seas, let alone two people.<br>We share our supplies when needed, so at least one of us can keep holding on. But who knows when either of us will be left on our own without help…	resources.assets	TextAsset	journals	158	m_Script[friendsick_foodbar].text	csv row 16	high	player-facing TextAsset CSV payload
We Are Managing	resources.assets	TextAsset	journals	158	m_Script[friendsick_foodbar].title	csv row 16	high	player-facing TextAsset CSV payload
It’s hard for one to survive in the vastness of the seas, let alone two people.<br>As long as only one of us is sick or injured, the other can manage resources and keep us rowing.<br>But we need to be ready for the day one of us is ultimately left alone…	resources.assets	TextAsset	journals	158	m_Script[friendsick_sleep].text	csv row 19	high	player-facing TextAsset CSV payload
Boatridden	resources.assets	TextAsset	journals	158	m_Script[friendsick_sleep].title	csv row 19	high	player-facing TextAsset CSV payload
It’s hard for one to survive in the vastness of the seas, let alone two people.<br>It turns out two heads can’t solve an injury without proper tools. Duct tape doesn’t promote healing… Let’s hope we don’t perish from each other’s ideas.	resources.assets	TextAsset	journals	158	m_Script[friendsick_tape_bad].text	csv row 18	high	player-facing TextAsset CSV payload
Boatridden	resources.assets	TextAsset	journals	158	m_Script[friendsick_tape_bad].title	csv row 18	high	player-facing TextAsset CSV payload
It’s hard for one to survive in the vastness of the seas, let alone two people.<br>When one of us is injured, we have to get creative. Using duct tape seemed to do the trick for now… Let’s just hope neither of us has to rely too much on the other to stay alive.	resources.assets	TextAsset	journals	158	m_Script[friendsick_tape_good].text	csv row 17	high	player-facing TextAsset CSV payload
We Are Managing	resources.assets	TextAsset	journals	158	m_Script[friendsick_tape_good].title	csv row 17	high	player-facing TextAsset CSV payload
Either my mind has started to invent ways out of this, or I really saw sailors who also perished here.<br>How do I even know if I’m alive? Maybe seeing them means I’m already with them on the other side…?<br>Am I dead?	resources.assets	TextAsset	journals	158	m_Script[ghostboat].text	csv row 127	high	player-facing TextAsset CSV payload
Hallucinations	resources.assets	TextAsset	journals	158	m_Script[ghostboat].title	csv row 127	high	player-facing TextAsset CSV payload
A shiver ran down my spine. Was it a lucid nightmare? Did I actually see… ghosts?<br>I wasted my flare out of hesitation, but it seemed to clear the air around me.<br>I swear this place gets weirder by the day…	resources.assets	TextAsset	journals	158	m_Script[ghostlyfigures_flaregun].text	csv row 55	high	player-facing TextAsset CSV payload
Haunted?	resources.assets	TextAsset	journals	158	m_Script[ghostlyfigures_flaregun].title	csv row 55	high	player-facing TextAsset CSV payload
A shiver ran down my spine. Was it a lucid nightmare? Did I actually see… ghosts?<br>I grabbed my flashlight and flickered it at them to see if they’d react…<br>By morning, I woke up drenched in sweat. This place is starting to wear down my mind…	resources.assets	TextAsset	journals	158	m_Script[ghostlyfigures_flash_bad].text	csv row 57	high	player-facing TextAsset CSV payload
Haunted	resources.assets	TextAsset	journals	158	m_Script[ghostlyfigures_flash_bad].title	csv row 57	high	player-facing TextAsset CSV payload
A shiver ran down my spine. Was it a lucid nightmare? Did I actually see… ghosts?<br>I grabbed my flashlight and flickered it at them to see if they’d react…<br>Then they were gone. This place is starting to wear down my mind…	resources.assets	TextAsset	journals	158	m_Script[ghostlyfigures_flash_good].text	csv row 56	high	player-facing TextAsset CSV payload
Haunted?	resources.assets	TextAsset	journals	158	m_Script[ghostlyfigures_flash_good].title	csv row 56	high	player-facing TextAsset CSV payload
A shiver ran down my spine. Was it a lucid nightmare? Did I actually see… ghosts?<br>I shut my eyes tight to keep my mind from spiraling, in case it was sleep paralysis.<br>It did not help…	resources.assets	TextAsset	journals	158	m_Script[ghostlyfigures_sleep_bad].text	csv row 59	high	player-facing TextAsset CSV payload
Haunted	resources.assets	TextAsset	journals	158	m_Script[ghostlyfigures_sleep_bad].title	csv row 59	high	player-facing TextAsset CSV payload
A shiver ran down my spine. Was it a lucid nightmare? Did I actually see… ghosts?<br>I shut my eyes tight to keep my mind from spiraling, in case it was sleep paralysis.<br>Then I fell asleep…	resources.assets	TextAsset	journals	158	m_Script[ghostlyfigures_sleep_good].text	csv row 58	high	player-facing TextAsset CSV payload
Haunted?	resources.assets	TextAsset	journals	158	m_Script[ghostlyfigures_sleep_good].title	csv row 58	high	player-facing TextAsset CSV payload
A hand emerged from the sea, its open palm facing me. It looked as though it was asking for an offering… something from my boat.<br>For some reason, I trusted it and felt that my offering would not go unanswered. Luckily, I received something in return… Was it a good deal?	resources.assets	TextAsset	journals	158	m_Script[handyman_offer].text	csv row 152	high	player-facing TextAsset CSV payload
Handyman	resources.assets	TextAsset	journals	158	m_Script[handyman_offer].title	csv row 152	high	player-facing TextAsset CSV payload
A hand emerged from the sea, its open palm facing me. It looked as though it was asking for an offering… something from my boat.<br>I left it empty-handed. I value my supplies more than whatever the ocean would likely offer in return.	resources.assets	TextAsset	journals	158	m_Script[handyman_sleep].text	csv row 153	high	player-facing TextAsset CSV payload
Handyman	resources.assets	TextAsset	journals	158	m_Script[handyman_sleep].title	csv row 153	high	player-facing TextAsset CSV payload
A hand emerged from the sea. It looked like a human hand and came very close to my boat. For some unknown reason, I felt an instinctive urge to touch it.<br>Now there is one more hand in the ocean. Fortunately, a single hand is surprisingly enough to get by out here.	resources.assets	TextAsset	journals	158	m_Script[handyman_touch].text	csv row 154	high	player-facing TextAsset CSV payload
Curiosity	resources.assets	TextAsset	journals	158	m_Script[handyman_touch].title	csv row 154	high	player-facing TextAsset CSV payload
I heard a loud noise yesterday. Propellers spinning, lamps sweeping across the sea. Was this the night I would be rescued?<br>The fact that I’m still writing in this journal should be an answer good enough.<br>I slept the rest of the night knowing the only thing that can save me now… is myself.	resources.assets	TextAsset	journals	158	m_Script[helicopter_sleep].text	csv row 119	high	player-facing TextAsset CSV payload
On My Own	resources.assets	TextAsset	journals	158	m_Script[helicopter_sleep].title	csv row 119	high	player-facing TextAsset CSV payload
I fear I just lost my only chance at escape.<br>An actual helicopter was searching near the boat for only a short time. I tried everything to get its attention, but in the end, I was just out of sight.<br>They’ll probably pronounce me dead.	resources.assets	TextAsset	journals	158	m_Script[helicopter_tried_to_warn].text	csv row 118	high	player-facing TextAsset CSV payload
S.O.S	resources.assets	TextAsset	journals	158	m_Script[helicopter_tried_to_warn].title	csv row 118	high	player-facing TextAsset CSV payload
I found a lonely, minuscule island, so I decided to take a small tour.<br>Among the shrubs, I found an old can, with worms feeding on scraps inside. Will do for the fishies!	resources.assets	TextAsset	journals	158	m_Script[islandsmall_foundbait].text	csv row 61	high	player-facing TextAsset CSV payload
Midnight Tour	resources.assets	TextAsset	journals	158	m_Script[islandsmall_foundbait].title	csv row 61	high	player-facing TextAsset CSV payload
I found a lonely, minuscule island, so I decided to take a small tour.<br>Someone must have been there before, because I found an old wooden chest. I took it with me back to the boat.<br>It was heavy and exhausting to carry, so it better be worth it!	resources.assets	TextAsset	journals	158	m_Script[islandsmall_foundchest].text	csv row 62	high	player-facing TextAsset CSV payload
Midnight Tour	resources.assets	TextAsset	journals	158	m_Script[islandsmall_foundchest].title	csv row 62	high	player-facing TextAsset CSV payload
I found a lonely, minuscule island, so I decided to take a small tour.<br>While looking around the trees, I wasn’t careful enough. Something attacked me from above. It looked like a… long coconut?<br>I used leaves from the shrubs to stop the bleeding, but it still hurts like hell.	resources.assets	TextAsset	journals	158	m_Script[islandsmall_gotattacked].text	csv row 63	high	player-facing TextAsset CSV payload
Misadventure	resources.assets	TextAsset	journals	158	m_Script[islandsmall_gotattacked].title	csv row 63	high	player-facing TextAsset CSV payload
I found a lonely, minuscule island, too small for anyone to live on.<br>Just looking at it from afar was enough to know it wasn’t worth visiting… Maybe it’s better I don’t disturb it.	resources.assets	TextAsset	journals	158	m_Script[islandsmall_skipped].text	csv row 60	high	player-facing TextAsset CSV payload
Too Small for Me	resources.assets	TextAsset	journals	158	m_Script[islandsmall_skipped].title	csv row 60	high	player-facing TextAsset CSV payload
My chest still pounds with the blood I have left. I have encountered the dread from below.<br>It looked me in the eyes, judging… as if it already knew my deepest, darkest secrets.<br>Wounding it only bought me one more day. But it demands atonement.<br>It wants… my heart.	resources.assets	TextAsset	journals	158	m_Script[kraken_anchor_success].text	csv row 128	high	player-facing TextAsset CSV payload
Break	resources.assets	TextAsset	journals	158	m_Script[kraken_anchor_success].title	csv row 128	high	player-facing TextAsset CSV payload
My chest still pounds with the little blood I have left following the night I encountered the dread from below.<br>It looked me in the eyes, judging… as if it already knew my deepest, darkest secrets.<br>Weapons were futile. It demands atonement.<br>It wants… my heart.	resources.assets	TextAsset	journals	158	m_Script[kraken_gothurt].text	csv row 129	high	player-facing TextAsset CSV payload
Break	resources.assets	TextAsset	journals	158	m_Script[kraken_gothurt].title	csv row 129	high	player-facing TextAsset CSV payload
My chest still pounds with the little blood I have left following the night I encountered the dread from below.<br>It looked me in the eyes, judging… as if it already knew my deepest, darkest secrets.<br>Escaping is hopeless. It demands atonement.<br>It wants… my heart.	resources.assets	TextAsset	journals	158	m_Script[kraken_sleep_died].text	csv row 130	high	player-facing TextAsset CSV payload
Break	resources.assets	TextAsset	journals	158	m_Script[kraken_sleep_died].title	csv row 130	high	player-facing TextAsset CSV payload
My surroundings went dead silent as it stared into my eyes with its hollow gaze.<br>Without even trying to comprehend what I saw, I started flickering my flashlight at it, hoping the light would save me from that stare…<br>It bothered it enough to make me lose the light in fear…	resources.assets	TextAsset	journals	158	m_Script[monsterfish_flashlight_bad].text	csv row 71	high	player-facing TextAsset CSV payload
Death Stare	resources.assets	TextAsset	journals	158	m_Script[monsterfish_flashlight_bad].title	csv row 71	high	player-facing TextAsset CSV payload
My surroundings went dead silent as it stared into my eyes with its hollow gaze.<br>Without even trying to comprehend what I saw, I started flickering my flashlight at it, hoping the light would save me from that stare…<br>It seems whatever that thing was, it didn’t like bright lights.	resources.assets	TextAsset	journals	158	m_Script[monsterfish_flashlight_good].text	csv row 70	high	player-facing TextAsset CSV payload
Death Stare	resources.assets	TextAsset	journals	158	m_Script[monsterfish_flashlight_good].title	csv row 70	high	player-facing TextAsset CSV payload
My surroundings went dead silent as it stared into my eyes with its hollow gaze.<br>I knew it wanted to feast. I tried feeding it my leftovers, desperate to distract it.<br>Everything went blank after that. I woke up with teeth marks all over my lower body… and I don’t think I can feel one of my feet.	resources.assets	TextAsset	journals	158	m_Script[monsterfish_food_bad].text	csv row 65	high	player-facing TextAsset CSV payload
Death Feeding	resources.assets	TextAsset	journals	158	m_Script[monsterfish_food_bad].title	csv row 65	high	player-facing TextAsset CSV payload
My surroundings went dead silent as it stared into my eyes with its hollow gaze.<br>I knew it wanted to feast. With a shaking hand, I picked up some cans from my boat and tried offering fish to it.<br>If I hadn’t done that, I’d probably have become its supper.	resources.assets	TextAsset	journals	158	m_Script[monsterfish_food_good].text	csv row 64	high	player-facing TextAsset CSV payload
Feeding Death	resources.assets	TextAsset	journals	158	m_Script[monsterfish_food_good].title	csv row 64	high	player-facing TextAsset CSV payload
My surroundings went dead silent as it stared into my eyes with its hollow gaze.<br>I knew I had only seconds to act. Soon after, it was staring down the barrel of my harpoon gun, and one precise shot made it flee from the boat.<br>May it never find me again, especially without ammunition.	resources.assets	TextAsset	journals	158	m_Script[monsterfish_hookgun].text	csv row 66	high	player-facing TextAsset CSV payload
Death Stare	resources.assets	TextAsset	journals	158	m_Script[monsterfish_hookgun].title	csv row 66	high	player-facing TextAsset CSV payload
My surroundings went dead silent as it stared into my eyes with its hollow gaze.<br>I thought a fishnet would either distract it or win me a record in fishing.<br>But everything went blank after the throw. I woke up with only half my toes intact and huge teeth marks on both of my legs.	resources.assets	TextAsset	journals	158	m_Script[monsterfish_net_bad].text	csv row 67	high	player-facing TextAsset CSV payload
Death Stare	resources.assets	TextAsset	journals	158	m_Script[monsterfish_net_bad].title	csv row 67	high	player-facing TextAsset CSV payload
My surroundings went dead silent as it stared into my eyes with its hollow gaze.<br>I was sure it was just a nightmare, so I tried to ignore it and drifted off again.<br>It’s daytime now, but I still feel like I’m being watched…	resources.assets	TextAsset	journals	158	m_Script[monsterfish_sleep].text	csv row 68	high	player-facing TextAsset CSV payload
Death Stare	resources.assets	TextAsset	journals	158	m_Script[monsterfish_sleep].title	csv row 68	high	player-facing TextAsset CSV payload
My surroundings went dead silent as it stared into my eyes with its hollow gaze.<br>I was sure it was just a nightmare, so I tried to ignore it and drifted off again.<br>I woke up with only half my toes intact and huge teeth marks on my legs.	resources.assets	TextAsset	journals	158	m_Script[monsterfish_sleep_bad].text	csv row 69	high	player-facing TextAsset CSV payload
Death Stare	resources.assets	TextAsset	journals	158	m_Script[monsterfish_sleep_bad].title	csv row 69	high	player-facing TextAsset CSV payload
My surroundings went dead silent as it stared into my eyes with its hollow gaze.<br>I felt hopeless. I couldn’t look into those dark holes any longer.<br>I hid behind my umbrella and prayed… Everything went blank after that. I woke up with tears all over my body, and some of my toes missing.	resources.assets	TextAsset	journals	158	m_Script[monsterfish_umbrella_bad].text	csv row 73	high	player-facing TextAsset CSV payload
Death Stare	resources.assets	TextAsset	journals	158	m_Script[monsterfish_umbrella_bad].title	csv row 73	high	player-facing TextAsset CSV payload
My surroundings went dead silent as it stared into my eyes with its hollow gaze.<br>I felt hopeless. I couldn’t look into those dark holes any longer.<br>I hid behind my umbrella, hoping it didn’t have object permanence. I was relieved when I saw no trace of it after peeking again.	resources.assets	TextAsset	journals	158	m_Script[monsterfish_umbrella_good].text	csv row 72	high	player-facing TextAsset CSV payload
Death Stare	resources.assets	TextAsset	journals	158	m_Script[monsterfish_umbrella_good].title	csv row 72	high	player-facing TextAsset CSV payload
The boat arrived at a point of diverging paths. None of them looked appealing.<br>I flipped an imaginary coin in my head, and that’s the way we’re headed now.<br>If only the shallow rocky bottom along that route were imaginary too… it was one bumpy passage.	resources.assets	TextAsset	journals	158	m_Script[needsdirection_break].text	csv row 24	high	player-facing TextAsset CSV payload
The Sea Took the Wheel	resources.assets	TextAsset	journals	158	m_Script[needsdirection_break].title	csv row 24	high	player-facing TextAsset CSV payload
The boat arrived at a fork in the waterway. I had hoped I could simply keep rowing forward, but in the end, I had to make a choice.<br>I turned left.<br>The waters seemed calmer that way. I just hope I made the right decision…	resources.assets	TextAsset	journals	158	m_Script[needsdirection_left].text	csv row 22	high	player-facing TextAsset CSV payload
Choices…	resources.assets	TextAsset	journals	158	m_Script[needsdirection_left].title	csv row 22	high	player-facing TextAsset CSV payload
The boat arrived at a fork in the waterway. I had hoped I could simply keep rowing forward, but in the end, I had to make a choice.<br>I turned right.<br>I trusted the dangerous waters more than the empty horizon…	resources.assets	TextAsset	journals	158	m_Script[needsdirection_right].text	csv row 23	high	player-facing TextAsset CSV payload
Choices…	resources.assets	TextAsset	journals	158	m_Script[needsdirection_right].title	csv row 23	high	player-facing TextAsset CSV payload
A little rain isn’t so bad. After baking under the sun and sweating for hours, waking up to that felt surprisingly refreshing.<br>But I also needed proper rest, so I covered my head with a bucket to get some unbothered sleep.	resources.assets	TextAsset	journals	158	m_Script[rain_bucket].text	csv row 26	high	player-facing TextAsset CSV payload
Shower Night	resources.assets	TextAsset	journals	158	m_Script[rain_bucket].title	csv row 26	high	player-facing TextAsset CSV payload
I hate getting my socks wet as it is, and now I just had to wake up with all my clothes cold and drenched. I’m not a heavy sleeper either, so something had to help me drift off.<br>The map which proved to be useless, held up just long enough… until I woke up with pieces of it in my mouth. Yuck.	resources.assets	TextAsset	journals	158	m_Script[rain_map].text	csv row 27	high	player-facing TextAsset CSV payload
Shower Night	resources.assets	TextAsset	journals	158	m_Script[rain_map].title	csv row 27	high	player-facing TextAsset CSV payload
Rain can be calming, even when things aren’t great.<br>Of course, normally I’d hear it from inside, dry and safe, not in a wooden boat, soaked through, with water running down my clothes.<br>Still, I drifted off quickly to the sound of droplets hitting the ocean.	resources.assets	TextAsset	journals	158	m_Script[rain_sleep].text	csv row 28	high	player-facing TextAsset CSV payload
Shower Night	resources.assets	TextAsset	journals	158	m_Script[rain_sleep].title	csv row 28	high	player-facing TextAsset CSV payload
Rain can be calming, even when things aren’t great.<br>Of course, normally I’d hear it from inside, dry and safe, not in a wooden boat, soaked through, with water running down my clothes.<br>I struggled to sleep as every droplet hit my face through the night.	resources.assets	TextAsset	journals	158	m_Script[rain_sleep_bad].text	csv row 29	high	player-facing TextAsset CSV payload
Shower Night	resources.assets	TextAsset	journals	158	m_Script[rain_sleep_bad].title	csv row 29	high	player-facing TextAsset CSV payload
A little rain isn’t so bad. After baking under the sun and sweating for hours, waking up to that felt surprisingly refreshing.<br>I don’t want to catch a cold, though, so I rolled out my umbrella for the night.	resources.assets	TextAsset	journals	158	m_Script[rain_umbrella].text	csv row 25	high	player-facing TextAsset CSV payload
Shower Night	resources.assets	TextAsset	journals	158	m_Script[rain_umbrella].title	csv row 25	high	player-facing TextAsset CSV payload
I was jolted awake by the sound of thunder that followed the flashing lights of the storm that brewed up last night.<br>One heavy anchor was enough to keep the boat in place and protect it from drifting too far with the dangerous currents.	resources.assets	TextAsset	journals	158	m_Script[rainstorm_anchor].text	csv row 32	high	player-facing TextAsset CSV payload
Stuck Under the Weather	resources.assets	TextAsset	journals	158	m_Script[rainstorm_anchor].title	csv row 32	high	player-facing TextAsset CSV payload
I was jolted awake by the sound of thunder that followed the flashing lights of the storm that brewed up last night.<br>Far too bothered to sleep, I wore a bucket to dampen the sounds and keep the rain off my face. Worked like a metallic charm.	resources.assets	TextAsset	journals	158	m_Script[rainstorm_bucket].text	csv row 33	high	player-facing TextAsset CSV payload
Roaring Clouds	resources.assets	TextAsset	journals	158	m_Script[rainstorm_bucket].title	csv row 33	high	player-facing TextAsset CSV payload
I was jolted awake by the sound of thunder that followed the flashing lights of the storm that brewed up last night.<br>Unable to sleep, I wore a bucket to dampen the sounds and keep the rain off my face. The morning was spent reorganizing the things that survived the storm.	resources.assets	TextAsset	journals	158	m_Script[rainstorm_bucket_lost].text	csv row 34	high	player-facing TextAsset CSV payload
Roaring Clouds	resources.assets	TextAsset	journals	158	m_Script[rainstorm_bucket_lost].title	csv row 34	high	player-facing TextAsset CSV payload
I was jolted awake by the sound of thunder that followed the flashing lights of the storm that brewed up last night.<br>It was one of my hardest nights in terms of sleep. I’m still shivering in my cold, wet clothes.	resources.assets	TextAsset	journals	158	m_Script[rainstorm_sleep].text	csv row 35	high	player-facing TextAsset CSV payload
Roaring Clouds	resources.assets	TextAsset	journals	158	m_Script[rainstorm_sleep].title	csv row 35	high	player-facing TextAsset CSV payload
I was jolted awake by the sound of thunder that followed the flashing lights of the storm that brewed up last night.<br>It was one of my hardest nights in terms of sleep.<br>My supplies were hit too, and the morning was spent rearranging everything so it’s in order again.	resources.assets	TextAsset	journals	158	m_Script[rainstorm_sleep_lost].text	csv row 36	high	player-facing TextAsset CSV payload
Roaring Clouds	resources.assets	TextAsset	journals	158	m_Script[rainstorm_sleep_lost].title	csv row 36	high	player-facing TextAsset CSV payload
I was jolted awake by the sound of thunder that followed the flashing lights of the storm that brewed up last night.<br>I managed to keep myself dry with an umbrella, though it may not have been the best idea to use one during a storm in the middle of the ocean.	resources.assets	TextAsset	journals	158	m_Script[rainstorm_umbrella].text	csv row 30	high	player-facing TextAsset CSV payload
Roaring Clouds	resources.assets	TextAsset	journals	158	m_Script[rainstorm_umbrella].title	csv row 30	high	player-facing TextAsset CSV payload
I was jolted awake by the sound of thunder that followed the flashing lights of the storm that brewed up last night.<br>I managed to keep myself dry with an umbrella, but it suffered a few tears from the strong winds that came with the storm.	resources.assets	TextAsset	journals	158	m_Script[rainstorm_umbrella_lost].text	csv row 31	high	player-facing TextAsset CSV payload
Roaring Clouds	resources.assets	TextAsset	journals	158	m_Script[rainstorm_umbrella_lost].title	csv row 31	high	player-facing TextAsset CSV payload
A curious seagull made a visit to the boat last night. What a cute and harmless creature!<br>It looked tired and hungry, it must have been flying for quite a while. I couldn’t resist and shared some of my food with it. I may have made a new friend!	resources.assets	TextAsset	journals	158	m_Script[seagull_eat].text	csv row 39	high	player-facing TextAsset CSV payload
A Feathered Friend?	resources.assets	TextAsset	journals	158	m_Script[seagull_eat].title	csv row 39	high	player-facing TextAsset CSV payload
A curious seagull made a visit to the boat last night. What a cute and harmless creature!<br>But when it started pecking a bit too close to my supplies, I decided to shoo it away with my flashlight. This boat is too small for one more guest.	resources.assets	TextAsset	journals	158	m_Script[seagull_flashlight].text	csv row 37	high	player-facing TextAsset CSV payload
I Get the Last Laugh!	resources.assets	TextAsset	journals	158	m_Script[seagull_flashlight].title	csv row 37	high	player-facing TextAsset CSV payload
A curious seagull made a visit to the boat last night. Too bad it found the person who’s much desperate for any food they can get their hands on.<br>Lucky for the quick one it was, my plan didn’t work out as intended, and it flew away freely.	resources.assets	TextAsset	journals	158	m_Script[seagull_net].text	csv row 38	high	player-facing TextAsset CSV payload
Close Call Culinary	resources.assets	TextAsset	journals	158	m_Script[seagull_net].title	csv row 38	high	player-facing TextAsset CSV payload
A curious seagull made a visit to the boat last night. During the night, it kept making laughing sounds, like someone had told it the best jokes ever.<br>Hard sleep, but I couldn’t care less. In the morning, only a feather was left in the boat, so I decorated my hat with it.	resources.assets	TextAsset	journals	158	m_Script[seagull_sleep].text	csv row 40	high	player-facing TextAsset CSV payload
Not a Night Owl.. or Seagull	resources.assets	TextAsset	journals	158	m_Script[seagull_sleep].title	csv row 40	high	player-facing TextAsset CSV payload
I had to pull an all-nighter. The sea had eyes. I was locked in a staring contest with it.<br>One eye lingered on my friend, hunger in its gaze. I was not its target…<br>By dawn, I woke up exhausted but relieved, as it left without harm.	resources.assets	TextAsset	journals	158	m_Script[seawatcher_kept_awake].text	csv row 102	high	player-facing TextAsset CSV payload
Must Stay Awake	resources.assets	TextAsset	journals	158	m_Script[seawatcher_kept_awake].title	csv row 102	high	player-facing TextAsset CSV payload
The sea had eyes. I was locked in a staring contest with it. I fought to stay awake, but sleep won.<br>I woke up in shock, my only friend was gone, leaving me alone in the boat.<br>And I think it’s all because of… Me. I must carry the guilt across the sea.	resources.assets	TextAsset	journals	158	m_Script[seawatcher_sleep_frienddied].text	csv row 104	high	player-facing TextAsset CSV payload
Loss	resources.assets	TextAsset	journals	158	m_Script[seawatcher_sleep_frienddied].title	csv row 104	high	player-facing TextAsset CSV payload
The sea had eyes. I was locked in a staring contest with it, but my eyelids grew too heavy and I slipped into sleep.<br>Sleep wasn’t much better.<br>I dreamed of my only friend dying in some horrible, indescribable way. Was this a warning…?	resources.assets	TextAsset	journals	158	m_Script[seawatcher_sleep_good].text	csv row 103	high	player-facing TextAsset CSV payload
Dareful Nap	resources.assets	TextAsset	journals	158	m_Script[seawatcher_sleep_good].title	csv row 103	high	player-facing TextAsset CSV payload
Fins surfaced, circling dangerously close.<br>Under the water I could make out their shape. They were no ordinary sharks. They had arms… fingers.<br>I wasn’t taking chances. I fired my only harpoon as a warning. They scattered. For now.	resources.assets	TextAsset	journals	158	m_Script[sharkmen_hookgun].text	csv row 105	high	player-facing TextAsset CSV payload
Arms and Fingers	resources.assets	TextAsset	journals	158	m_Script[sharkmen_hookgun].title	csv row 105	high	player-facing TextAsset CSV payload
Fins emerged from the water, so I tried to take matters into my own hands. I trust myself with sharks, or so I thought.<br>These were no ordinary sharks. One charged me underwater and tore a piece from my calf. If I hadn’t made it back to the boat, that would’ve been it.<br>But why did this shark… have arms?	resources.assets	TextAsset	journals	158	m_Script[sharkmen_scuba_attack].text	csv row 108	high	player-facing TextAsset CSV payload
Arms and Fingers	resources.assets	TextAsset	journals	158	m_Script[sharkmen_scuba_attack].title	csv row 108	high	player-facing TextAsset CSV payload
Fins emerged from the water, but they didn’t look like ordinary sharks. I think they had… hands? And fingers?<br>It turned out they were actually hunting a school of fish beneath the boat. I grabbed a few for myself and got out of the water quickly, before they grabbed me to have their next meal.	resources.assets	TextAsset	journals	158	m_Script[sharkmen_scuba_food].text	csv row 109	high	player-facing TextAsset CSV payload
Arms and Fingers	resources.assets	TextAsset	journals	158	m_Script[sharkmen_scuba_food].title	csv row 109	high	player-facing TextAsset CSV payload
Fins emerged from the water, roaming alarmingly close.<br>Under the surface, I could see that these were no ordinary sharks. They had arms… fingers.<br>I felt safe enough in the boat, so I stayed still and tried to sleep, careful not to disturb the water and draw their attention.	resources.assets	TextAsset	journals	158	m_Script[sharkmen_sleep].text	csv row 110	high	player-facing TextAsset CSV payload
Arms and Fingers	resources.assets	TextAsset	journals	158	m_Script[sharkmen_sleep].title	csv row 110	high	player-facing TextAsset CSV payload
Fins emerged from the water, roaming alarmingly close. But I felt safe in the boat, or so I thought.<br>These were no ordinary sharks. One of them grabbed me by the calf with its… hand? Took a huge bite out of it.<br>It’s still bleeding, but at least I won’t need to walk for a while anyway.	resources.assets	TextAsset	journals	158	m_Script[sharkmen_sleep_fail].text	csv row 111	high	player-facing TextAsset CSV payload
Arms and Fingers	resources.assets	TextAsset	journals	158	m_Script[sharkmen_sleep_fail].title	csv row 111	high	player-facing TextAsset CSV payload
Fins emerged from the water, roaming alarmingly close.<br>I tried to distract the nearest one with a swim ring, but in seconds a loud splash came, followed by that thing grabbing my leg with its… hands?<br>I’ve lost part of my calf. Luckily, I don’t need to walk for a while…	resources.assets	TextAsset	journals	158	m_Script[sharkmen_swimbelt_attack].text	csv row 107	high	player-facing TextAsset CSV payload
Arms and Fingers	resources.assets	TextAsset	journals	158	m_Script[sharkmen_swimbelt_attack].title	csv row 107	high	player-facing TextAsset CSV payload
Fins emerged from the water, roaming alarmingly close.<br>Under the surface, I could see that these were no ordinary sharks. They had arms… fingers.<br>With a perfect throw, I managed to confuse the closest one, leaving me unharmed, though I lost the swim ring in the process.	resources.assets	TextAsset	journals	158	m_Script[sharkmen_swimbelt_success].text	csv row 106	high	player-facing TextAsset CSV payload
Arms and Fingers	resources.assets	TextAsset	journals	158	m_Script[sharkmen_swimbelt_success].title	csv row 106	high	player-facing TextAsset CSV payload
I saw someone stranded on a rock in the distance. Before I could even question it, I started hearing this weirdly calming, serene melody.<br>Something this comforting had to be a trap, I thought. I refused to listen. By morning, it was gone.<br>Maybe it thought I disliked its song.	resources.assets	TextAsset	journals	158	m_Script[siren_gotaway].text	csv row 113	high	player-facing TextAsset CSV payload
Eeire Melody	resources.assets	TextAsset	journals	158	m_Script[siren_gotaway].title	csv row 113	high	player-facing TextAsset CSV payload
I saw someone stranded on a rock in the distance. Before I could even question it, I started hearing this weirdly calming, serene melody.<br>I wanted to inch closer, but in the end, I kept my distance, falling asleep peacefully to its song instead.	resources.assets	TextAsset	journals	158	m_Script[siren_slept].text	csv row 114	high	player-facing TextAsset CSV payload
Eeire Melody	resources.assets	TextAsset	journals	158	m_Script[siren_slept].title	csv row 114	high	player-facing TextAsset CSV payload
I saw someone stranded on a rock in the distance. Before I could even question it, I started hearing this weirdly calming, serene melody.<br>Knowing I shouldn’t approach, I went to sleep instead. But that thing sure as hell drew closer to me instead. Blood is still running down my ears.	resources.assets	TextAsset	journals	158	m_Script[siren_slept_attack].text	csv row 115	high	player-facing TextAsset CSV payload
Dirge	resources.assets	TextAsset	journals	158	m_Script[siren_slept_attack].title	csv row 115	high	player-facing TextAsset CSV payload
I saw someone stranded on a rock in the distance. Before I could even question it, I started hearing this weirdly calming, serene melody.<br>Trying to get closer, however, silenced the singing.<br>I woke up with bleeding ears and half my body hanging out of the boat. I scrambled back before it tipped over.	resources.assets	TextAsset	journals	158	m_Script[siren_telescope].text	csv row 112	high	player-facing TextAsset CSV payload
Dirge	resources.assets	TextAsset	journals	158	m_Script[siren_telescope].title	csv row 112	high	player-facing TextAsset CSV payload
Something struck the side of the boat, waking me up.<br>I pulled it onboard. Human remains… Old, just bones now.<br>But the hat was still intact, and stitched inside it was a name: “Damien.”	resources.assets	TextAsset	journals	158	m_Script[skeleton_found].text	csv row 121	high	player-facing TextAsset CSV payload
Mirror	resources.assets	TextAsset	journals	158	m_Script[skeleton_found].title	csv row 121	high	player-facing TextAsset CSV payload
Something struck the side of the boat, waking me up.<br>It was bones… human bones, drifting on the waves.<br>If this isn’t a sign to leave as fast as possible, I don’t know what is.<br>Still, I wonder whose remains they were… and how they ended up here.	resources.assets	TextAsset	journals	158	m_Script[skeleton_skipped].text	csv row 120	high	player-facing TextAsset CSV payload
Abandonment	resources.assets	TextAsset	journals	158	m_Script[skeleton_skipped].title	csv row 120	high	player-facing TextAsset CSV payload
I don’t know if it was the constant swaying or the sound of the waves, but I couldn’t get back to sleep.<br>My last effort was using a bucket to dampen the noise and block the moonlight, which gave me a few more hours of rest that night.	resources.assets	TextAsset	journals	158	m_Script[sleptunwell_bucket].text	csv row 42	high	player-facing TextAsset CSV payload
Comfy Enough	resources.assets	TextAsset	journals	158	m_Script[sleptunwell_bucket].title	csv row 42	high	player-facing TextAsset CSV payload
Usually I’m not scared to sleep in the dark, but you never feel safe in the middle of the ocean…<br>So as extra security, I improvised a night light out of my torch. I just hope those small batteries last a few more days.	resources.assets	TextAsset	journals	158	m_Script[sleptunwell_flashlight].text	csv row 43	high	player-facing TextAsset CSV payload
Comfy Enough	resources.assets	TextAsset	journals	158	m_Script[sleptunwell_flashlight].title	csv row 43	high	player-facing TextAsset CSV payload
I don’t know if it was the constant swaying or the hard plank under my head, but I couldn’t get back to sleep.<br>I should have thought of it earlier, but the swim ring is actually pretty comfortable to rest my head on. It solved my sleeping problems for the night.	resources.assets	TextAsset	journals	158	m_Script[sleptunwell_swimbelt].text	csv row 41	high	player-facing TextAsset CSV payload
Comfy Enough	resources.assets	TextAsset	journals	158	m_Script[sleptunwell_swimbelt].title	csv row 41	high	player-facing TextAsset CSV payload
I don’t know if it was the constant swaying or if I’m already going nuts, but I couldn’t sleep easily last night.<br>I kept switching between a few minutes of sleep and watching the moonlight dance on the waves all through the night.	resources.assets	TextAsset	journals	158	m_Script[sleptunwell_trysleep].text	csv row 45	high	player-facing TextAsset CSV payload
Restless	resources.assets	TextAsset	journals	158	m_Script[sleptunwell_trysleep].title	csv row 45	high	player-facing TextAsset CSV payload
I don’t know if it was the constant swaying or the brightness of the moon, but I couldn’t get back to sleep.<br>I opened my umbrella to block some of the light from my eyelids and managed to get a few more hours of rest.	resources.assets	TextAsset	journals	158	m_Script[sleptunwell_umbrella].text	csv row 44	high	player-facing TextAsset CSV payload
Comfy Enough	resources.assets	TextAsset	journals	158	m_Script[sleptunwell_umbrella].title	csv row 44	high	player-facing TextAsset CSV payload
I was greeted by countless hungry mouths, not knowing whether they were after my supplies… or me.<br>My only chance to escape was to feed them. I didn’t have enough for all of them, but I tried anyway.<br>Throwing some bait distracted them just long enough for me to get away safely… for now.	resources.assets	TextAsset	journals	158	m_Script[smallmonsterfish_bait].text	csv row 79	high	player-facing TextAsset CSV payload
Get Away!	resources.assets	TextAsset	journals	158	m_Script[smallmonsterfish_bait].title	csv row 79	high	player-facing TextAsset CSV payload
Catching fish seems much more dangerous at night, in… wherever the hell I am right now.<br>Why are they so much bigger and so… eerie? A fishing rod won’t do here, I had to use weaponry to get myself some food to keep sailing on. It smells funny, but edible… probably.	resources.assets	TextAsset	journals	158	m_Script[smallmonsterfish_hookgun].text	csv row 80	high	player-facing TextAsset CSV payload
Extreme Fishing	resources.assets	TextAsset	journals	158	m_Script[smallmonsterfish_hookgun].title	csv row 80	high	player-facing TextAsset CSV payload
Loads of small, glowing eyes filled the waters.<br>I tried using my flashlight, pretending to be one of them.<br>They didn’t appreciate my disguise. The last thing I remember was the blinding light of their eyes.<br>I think I lost part of my ear.	resources.assets	TextAsset	journals	158	m_Script[smallmonsterfish_lampattack].text	csv row 78	high	player-facing TextAsset CSV payload
Blinding Wounds	resources.assets	TextAsset	journals	158	m_Script[smallmonsterfish_lampattack].title	csv row 78	high	player-facing TextAsset CSV payload
Catching fish seems much more dangerous at night, in… wherever the hell I am right now.<br>Why are they so much bigger and so… eerie? Their white, glowing eyes made me feel unwelcome in this nightmare of a sea.	resources.assets	TextAsset	journals	158	m_Script[smallmonsterfish_net].text	csv row 77	high	player-facing TextAsset CSV payload
Extreme Fishing	resources.assets	TextAsset	journals	158	m_Script[smallmonsterfish_net].title	csv row 77	high	player-facing TextAsset CSV payload
Loads of white, glowing dots filled the sea… watching. The fish were far bigger and much more unnerving than those I’d seen during the day.<br>But they didn’t seem able to hurt me, even though they kept watching me in my sleep all the way until dawn.	resources.assets	TextAsset	journals	158	m_Script[smallmonsterfish_sleep].text	csv row 81	high	player-facing TextAsset CSV payload
Being Watched	resources.assets	TextAsset	journals	158	m_Script[smallmonsterfish_sleep].title	csv row 81	high	player-facing TextAsset CSV payload
Loads of white, glowing dots filled the sea… watching. The fish were far bigger and much more unnerving than those I’d seen during the day.<br>I tried ignoring them, but they had other plans. The last thing I remember was the blinding light of their eyes.<br>I think I lost part of my ear.	resources.assets	TextAsset	journals	158	m_Script[smallmonsterfish_sleep_lose].text	csv row 82	high	player-facing TextAsset CSV payload
Blinding Wounds	resources.assets	TextAsset	journals	158	m_Script[smallmonsterfish_sleep_lose].title	csv row 82	high	player-facing TextAsset CSV payload
A small rascal found its way onto my boat and was looking through my supplies.<br>Knowing it would try to escape with my belongings, I carefully took aim and struck it perfectly. Not only did I save my supplies, but the sack it dropped contained some food as well. Finders keepers.	resources.assets	TextAsset	journals	158	m_Script[snatcher_hookgun].text	csv row 150	high	player-facing TextAsset CSV payload
Snatcher	resources.assets	TextAsset	journals	158	m_Script[snatcher_hookgun].title	csv row 150	high	player-facing TextAsset CSV payload
A small rascal found its way onto my boat and started rummaging through my supplies.<br>I slowly reached for my net to catch it, but I should have been quicker. That pesky little thing got away with something that wasn't theirs to begin with.	resources.assets	TextAsset	journals	158	m_Script[snatcher_net].text	csv row 148	high	player-facing TextAsset CSV payload
Snatcher	resources.assets	TextAsset	journals	158	m_Script[snatcher_net].title	csv row 148	high	player-facing TextAsset CSV payload
I thought I was still asleep, so I didn’t give it much thought and went back to sleep.<br>Turns out that little rascal was not a figment of my imagination, but some kind of fish-troll that stole something from my boat. What an annoying creature.	resources.assets	TextAsset	journals	158	m_Script[snatcher_sleep].text	csv row 147	high	player-facing TextAsset CSV payload
Snatcher	resources.assets	TextAsset	journals	158	m_Script[snatcher_sleep].title	csv row 147	high	player-facing TextAsset CSV payload
A small rascal found its way onto my boat and was looking through my supplies.<br>With a confident throw, I managed to catch it with my swim ring, forcing it to drop my belongings before splashing into the water. I wonder how that thing plans to get out of there.	resources.assets	TextAsset	journals	158	m_Script[snatcher_swimbelt].text	csv row 151	high	player-facing TextAsset CSV payload
Snatcher	resources.assets	TextAsset	journals	158	m_Script[snatcher_swimbelt].title	csv row 151	high	player-facing TextAsset CSV payload
A small rascal found its way onto my boat and was looking through my supplies.<br>I grabbed the nearest object and started swinging it around like a maniac. I've been through enough already… I won't let some fish-troll-like creature steal from me.	resources.assets	TextAsset	journals	158	m_Script[snatcher_telescope].text	csv row 149	high	player-facing TextAsset CSV payload
Snatcher	resources.assets	TextAsset	journals	158	m_Script[snatcher_telescope].title	csv row 149	high	player-facing TextAsset CSV payload
Well, there goes Dorothy…<br>I’m the only one left, stuck on this old junk of a lifeboat.<br>I have no idea what struck our ship, and judging by the sound, I honestly don’t want to find out.<br>Now all I can do is survive as long as I need. I’m sure help will come soon.	resources.assets	TextAsset	journals	158	m_Script[startgame_alone].text	csv row 138	high	player-facing TextAsset CSV payload
A New Day	resources.assets	TextAsset	journals	158	m_Script[startgame_alone].title	csv row 138	high	player-facing TextAsset CSV payload
Well, there goes Dorothy…<br>Frederik and I are the only ones left, sitting in this old junk of a lifeboat.<br>I have no idea what struck our ship, and judging by the sound, I honestly don’t want to find out.<br>Now all we can do is survive as long as we need. I’m sure help will come soon.	resources.assets	TextAsset	journals	158	m_Script[startgame_man].text	csv row 139	high	player-facing TextAsset CSV payload
A New Day	resources.assets	TextAsset	journals	158	m_Script[startgame_man].title	csv row 139	high	player-facing TextAsset CSV payload
Well, there goes Dorothy…<br>Row’ and I are the only ones left, sitting in this old junk of a lifeboat.<br>I have no idea what struck our ship, and judging by the sound, I honestly don’t want to find out.<br>Now all we can do is survive as long as we need. I’m sure help will come soon.	resources.assets	TextAsset	journals	158	m_Script[startgame_who].text	csv row 141	high	player-facing TextAsset CSV payload
A New Day	resources.assets	TextAsset	journals	158	m_Script[startgame_who].title	csv row 141	high	player-facing TextAsset CSV payload
Well, there goes Dorothy…<br>Laurel and I are the only ones left, sitting in this old junk of a lifeboat.<br>I have no idea what struck our ship, and judging by the sound, I honestly don’t want to find out.<br>Now all we can do is survive as long as we need. I’m sure help will come soon.	resources.assets	TextAsset	journals	158	m_Script[startgame_woman].text	csv row 140	high	player-facing TextAsset CSV payload
A New Day	resources.assets	TextAsset	journals	158	m_Script[startgame_woman].title	csv row 140	high	player-facing TextAsset CSV payload
This is a test entry.<br>This is the test entry’s next paragraph.<br>And this is the last one. Bye!!	resources.assets	TextAsset	journals	158	m_Script[test_entry].text	csv row 2	high	player-facing TextAsset CSV payload
Test Entry	resources.assets	TextAsset	journals	158	m_Script[test_entry].title	csv row 2	high	player-facing TextAsset CSV payload
I could barely see the end of my own boat.<br>I spent so much time staring into the fog, trying to understand where I was, that I may have started seeing figures in it.<br>I think I saw a person… without a head.	resources.assets	TextAsset	journals	158	m_Script[thefog_tryseeing].text	csv row 83	high	player-facing TextAsset CSV payload
The Man in the Fog	resources.assets	TextAsset	journals	158	m_Script[thefog_tryseeing].title	csv row 83	high	player-facing TextAsset CSV payload
I could barely see the end of my own boat.<br>I spent so much time staring into the fog, trying to understand where I was, that I may have started seeing figures in it.<br>I remember something cold touching my shoulders. I’m never sleeping in the fog again.	resources.assets	TextAsset	journals	158	m_Script[thefog_tryseeing_lost].text	csv row 84	high	player-facing TextAsset CSV payload
The Man in the Fog	resources.assets	TextAsset	journals	158	m_Script[thefog_tryseeing_lost].title	csv row 84	high	player-facing TextAsset CSV payload
I swear I saw a face in it.	resources.assets	TextAsset	journals	158	m_Script[themoon_lookat_regular].text	csv row 133	high	player-facing TextAsset CSV payload
The Moon	resources.assets	TextAsset	journals	158	m_Script[themoon_lookat_regular].title	csv row 133	high	player-facing TextAsset CSV payload
I need to keep my eyes closed   I need to keep my eyes closed   I need to keep my eyes closed   I need to keep my eyes closed   I need to keep my eyes closed   I need to keep my eyes closed   I need to keep my eyes closed   I need to keep my eyes closed   I need to keep my eyes closed   I need to keep my eyes closed   	resources.assets	TextAsset	journals	158	m_Script[themoon_lookat_scary].text	csv row 134	high	player-facing TextAsset CSV payload
The Moon	resources.assets	TextAsset	journals	158	m_Script[themoon_lookat_scary].title	csv row 134	high	player-facing TextAsset CSV payload
I swear I saw a face in it.	resources.assets	TextAsset	journals	158	m_Script[themoon_sleep].text	csv row 136	high	player-facing TextAsset CSV payload
The Moon	resources.assets	TextAsset	journals	158	m_Script[themoon_sleep].title	csv row 136	high	player-facing TextAsset CSV payload
I need to keep my eyes closed   I need to keep my eyes closed   I need to keep my eyes closed   I need to keep my eyes closed   I need to keep my eyes closed   I need to keep my eyes closed   I need to keep my eyes closed   I need to keep my eyes closed   I need to keep my eyes closed   I need to keep my eyes closed   	resources.assets	TextAsset	journals	158	m_Script[themoon_sleep_fail].text	csv row 137	high	player-facing TextAsset CSV payload
The Moon	resources.assets	TextAsset	journals	158	m_Script[themoon_sleep_fail].title	csv row 137	high	player-facing TextAsset CSV payload
I swear I saw a face in it.	resources.assets	TextAsset	journals	158	m_Script[themoon_umbrella].text	csv row 135	high	player-facing TextAsset CSV payload
The Moon	resources.assets	TextAsset	journals	158	m_Script[themoon_umbrella].title	csv row 135	high	player-facing TextAsset CSV payload
A small boat, smaller than ours, passed by. Someone was in it, but I couldn’t make out their face, or any features at all.<br>They didn’t answer my questions, only offered a single trade for my supplies. The deal seemed fair, so I accepted.<br>They disappeared within minutes.	resources.assets	TextAsset	journals	158	m_Script[trade_accept].text	csv row 116	high	player-facing TextAsset CSV payload
Night Trader	resources.assets	TextAsset	journals	158	m_Script[trade_accept].title	csv row 116	high	player-facing TextAsset CSV payload
A small boat, smaller than ours, passed by. Someone was in it, but I couldn’t make out their face, or any features at all.<br>They didn’t answer my questions, only offered a single trade for my supplies. I didn’t find it very beneficial, so I refused.<br>They disappeared in seconds.	resources.assets	TextAsset	journals	158	m_Script[trade_decline].text	csv row 117	high	player-facing TextAsset CSV payload
Night Trader	resources.assets	TextAsset	journals	158	m_Script[trade_decline].title	csv row 117	high	player-facing TextAsset CSV payload
If I hadn’t woken up, the boat would’ve been in pieces by dawn, with me under it.<br>A whirlpool emerged nearby, so I dropped anchor to keep myself in place.<br>Just how deep could it have gone?	resources.assets	TextAsset	journals	158	m_Script[vortex_anchor].text	csv row 85	high	player-facing TextAsset CSV payload
Whirlpool	resources.assets	TextAsset	journals	158	m_Script[vortex_anchor].title	csv row 85	high	player-facing TextAsset CSV payload
A loud noise shattered my sleep, followed by a heavy pull on the boat that I felt in my very bones.<br>A whirlpool emerged not far away, making its presence known.<br>The waters were shallow enough not to swallow the boat whole, but it was still a very shaky ride…	resources.assets	TextAsset	journals	158	m_Script[vortex_sleep_bad].text	csv row 88	high	player-facing TextAsset CSV payload
Whirlpool	resources.assets	TextAsset	journals	158	m_Script[vortex_sleep_bad].title	csv row 88	high	player-facing TextAsset CSV payload
A loud noise shattered my sleep, followed by a heavy pull on the boat that I felt in my very bones.<br>A whirlpool emerged not far away, making its presence known.<br>With no way around, I decided to trust the waves. Luckily, by morning, there were no holes in the sea.	resources.assets	TextAsset	journals	158	m_Script[vortex_sleep_good].text	csv row 87	high	player-facing TextAsset CSV payload
Whirlpool	resources.assets	TextAsset	journals	158	m_Script[vortex_sleep_good].title	csv row 87	high	player-facing TextAsset CSV payload
If I hadn’t woken up, the whirlpool near the boat would’ve dragged me under, flushed down by the sea.<br>I stayed awake with a swim ring on for safety until the boat finally stopped swaying and drifted far enough from the vortex.	resources.assets	TextAsset	journals	158	m_Script[vortex_swimbelt].text	csv row 86	high	player-facing TextAsset CSV payload
Whirlpool	resources.assets	TextAsset	journals	158	m_Script[vortex_swimbelt].title	csv row 86	high	player-facing TextAsset CSV payload
This morning I found a small lily pad in my boat.<br>I have no recollection of bringing it with me, and I can hardly believe one could just drift out here in the middle of nowhere…	resources.assets	TextAsset	journals	158	m_Script[weirdflowers_gotone].text	csv row 46	high	player-facing TextAsset CSV payload
Petals	resources.assets	TextAsset	journals	158	m_Script[weirdflowers_gotone].title	csv row 46	high	player-facing TextAsset CSV payload
Was I dreaming? It felt so surreal… I was surrounded by flowers?<br>They looked alive, watching me. <br>The morning was like any other, so maybe it really was just a vivid dream.	resources.assets	TextAsset	journals	158	m_Script[weirdflowers_sleep].text	csv row 47	high	player-facing TextAsset CSV payload
Petals	resources.assets	TextAsset	journals	158	m_Script[weirdflowers_sleep].title	csv row 47	high	player-facing TextAsset CSV payload
The wind blew strongly, not letting me rest. If I were a little less careful, it could easily tip me off the boat and send me into the ocean…<br>While trying to navigate out of the situation, a fish carried by the currents flew straight into my face. I can’t decline any food that the greater forces send me.	resources.assets	TextAsset	journals	158	m_Script[windy_map].text	csv row 145	high	player-facing TextAsset CSV payload
Breeze	resources.assets	TextAsset	journals	158	m_Script[windy_map].title	csv row 145	high	player-facing TextAsset CSV payload
The wind blew strongly, not letting me rest…<br>My supplies could easily be damaged or swept away by the currents, so I secured them with my net. I still needed to rearrange everything in the morning, but nothing was damaged…<br>Except for the net.	resources.assets	TextAsset	journals	158	m_Script[windy_net].text	csv row 144	high	player-facing TextAsset CSV payload
Breeze	resources.assets	TextAsset	journals	158	m_Script[windy_net].title	csv row 144	high	player-facing TextAsset CSV payload
The wind blew strongly, not letting me rest…<br>I had to decide between placing my supplies at the bottom of the boat or taking that spot for myself so I could get some restful sleep without the wind blowing into my face.	resources.assets	TextAsset	journals	158	m_Script[windy_sleep].text	csv row 146	high	player-facing TextAsset CSV payload
Breeze	resources.assets	TextAsset	journals	158	m_Script[windy_sleep].title	csv row 146	high	player-facing TextAsset CSV payload
The wind blew strongly, not letting me rest. If I were a little less careful, it could easily tip me off the boat and send me into the ocean…<br>Waiting for the currents to calm down, I held up my umbrella to protect myself from the cold air blowing straight into my face. My hands are tired.	resources.assets	TextAsset	journals	158	m_Script[windy_umbrella].text	csv row 142	high	player-facing TextAsset CSV payload
Breeze	resources.assets	TextAsset	journals	158	m_Script[windy_umbrella].title	csv row 142	high	player-facing TextAsset CSV payload
The wind blew strongly, not letting me rest. If I were a little less careful, it could easily tip me off the boat and send me into the ocean…<br>Waiting for the currents to calm down, I tried fighting against them with an umbrella, but the wind ripped it from my hand in an instant. I need to strengthen my grip.	resources.assets	TextAsset	journals	158	m_Script[windy_umbrella_lose].text	csv row 143	high	player-facing TextAsset CSV payload
Breeze	resources.assets	TextAsset	journals	158	m_Script[windy_umbrella_lose].title	csv row 143	high	player-facing TextAsset CSV payload
.. I’m not sold on the idea that all this was a coincidence.	resources.assets	raw_bytes			known_string_search	byte 13672403 (utf-8)	medium	"known-string raw hit for "".. I'm not sold on the idea that all this was a coincidence."""
Row	resources.assets	raw_bytes			known_string_search	byte 13627091 (utf-8)	medium	known-string raw hit for 'Row'
Row’ and I are the only ones left	resources.assets	raw_bytes			known_string_search	byte 13663978 (utf-8)	medium	"known-string raw hit for ""Row' and I are the only ones left"""
Well, there goes Dorothy	resources.assets	raw_bytes			known_string_search	byte 13662969 (utf-8)	medium	known-string raw hit for 'Well, there goes Dorothy'
… Why did you choose me?	resources.assets	raw_bytes			known_string_search	byte 13669773 (utf-8)	medium	known-string raw hit for '... Why did you choose me?'
Row	resources.resource	raw_bytes			known_string_search	byte 2115741 (utf-8)	medium	known-string raw hit for 'Row'
