source	file	byte_offset	length	object_path_id	script	gameobject_path_id	gameobject_name	kind
Previous	level1	161628	8	1469	Unity.TextMeshPro:TMPro.TextMeshProUGUI	4	txt	tmp_m_text
How to play?	level1	162156	12	1470	Unity.TextMeshPro:TMPro.TextMeshProUGUI	5	txt	tmp_m_text
No Harm	level1	162684	7	1471	Unity.TextMeshPro:TMPro.TextMeshProUGUI	6	subtitle	tmp_m_text
Adventure	level1	163212	9	1472	Unity.TextMeshPro:TMPro.TextMeshProUGUI	7	txt	tmp_m_text
How to Play?	level1	163740	12	1473	Unity.TextMeshPro:TMPro.TextMeshProUGUI	10	title_howtplay	tmp_m_text
Survive the Sea	level1	164268	15	1474	Unity.TextMeshPro:TMPro.TextMeshProUGUI	14	description	tmp_m_text
By non-flying Dutchman.	level1	164796	23	1475	Unity.TextMeshPro:TMPro.TextMeshProUGUI	15	Desc	tmp_m_text
Seagulls!!	level1	165340	10	1476	Unity.TextMeshPro:TMPro.TextMeshProUGUI	18	Desc	tmp_m_text
"CONTROLS:
Look: Mouse | Move: 'W', 'A', 'S', 'D' | Grab/Throw: 'E'"	level1	165868	66	1477	Unity.TextMeshPro:TMPro.TextMeshProUGUI	21	howtoplay_extra	tmp_m_text
Cheats	level1	166460	6	1478	Unity.TextMeshPro:TMPro.TextMeshProUGUI	25	title_cheats	tmp_m_text
Sleeping With The Fishes	level1	166988	24	1479	Unity.TextMeshPro:TMPro.TextMeshProUGUI	27	Title	tmp_m_text
Light Items	level1	167532	11	1480	Unity.TextMeshPro:TMPro.TextMeshProUGUI	28	subtitle	tmp_m_text
How to Play?	level1	168060	12	1481	Unity.TextMeshPro:TMPro.TextMeshProUGUI	31	title_howtplay	tmp_m_text
Survived	level1	168588	8	1482	Unity.TextMeshPro:TMPro.TextMeshProUGUI	42	Title	tmp_m_text
"+Faster Hunger
+Double Damage"	level1	169116	29	1483	Unity.TextMeshPro:TMPro.TextMeshProUGUI	44	description	tmp_m_text
Next	level1	169660	4	1484	Unity.TextMeshPro:TMPro.TextMeshProUGUI	45	txt	tmp_m_text
New Game	level1	170188	8	1485	Unity.TextMeshPro:TMPro.TextMeshProUGUI	67	txt	tmp_m_text
First steps!	level1	170716	12	1486	Unity.TextMeshPro:TMPro.TextMeshProUGUI	68	page_Title	tmp_m_text
How to Play?	level1	171244	12	1487	Unity.TextMeshPro:TMPro.TextMeshProUGUI	72	title_howtplay	tmp_m_text
Locked - Play 'Adventure' first!	level1	171772	32	1488	Unity.TextMeshPro:TMPro.TextMeshProUGUI	73	newgame_title	tmp_m_text
Good Luck	level1	172316	9	1489	Unity.TextMeshPro:TMPro.TextMeshProUGUI	75	Selected_Text	tmp_m_text
Heavy Items	level1	172844	11	1490	Unity.TextMeshPro:TMPro.TextMeshProUGUI	78	subtitle	tmp_m_text
Time is running out! Gather whatever you can and toss it into your lifeboat, before the ship sinks. Every item counts! Escape by staying near the boat at the end! However, it can only carry one more person besides you.	level1	173372	218	1491	Unity.TextMeshPro:TMPro.TextMeshProUGUI	82	howtoplay_txt	tmp_m_text
#0	level1	174108	2	1492	Unity.TextMeshPro:TMPro.TextMeshProUGUI	83	page_num_txt	tmp_m_text
Step 3: Make Choices!	level1	174636	21	1493	Unity.TextMeshPro:TMPro.TextMeshProUGUI	87	page_Title	tmp_m_text
Paid back your debts.	level1	175180	21	1494	Unity.TextMeshPro:TMPro.TextMeshProUGUI	89	Desc	tmp_m_text
Next	level1	175724	4	1495	Unity.TextMeshPro:TMPro.TextMeshProUGUI	90	Text (TMP)	tmp_m_text
Drowning	level1	176252	8	1496	Unity.TextMeshPro:TMPro.TextMeshProUGUI	93	txt	tmp_m_text
The same choice may lead to different outcomes if you try it again in another playthrough!	level1	176780	90	1497	Unity.TextMeshPro:TMPro.TextMeshProUGUI	94	extra_txt	tmp_m_text
Customized Game!	level1	177388	16	1498	Unity.TextMeshPro:TMPro.TextMeshProUGUI	96	extras_on	tmp_m_text
Instant Death	level1	177916	13	1499	Unity.TextMeshPro:TMPro.TextMeshProUGUI	97	subtitle	tmp_m_text
RESET	level1	178444	5	1500	Unity.TextMeshPro:TMPro.TextMeshProUGUI	100	Text (TMP)	tmp_m_text
Rescued by air.	level1	178972	15	1501	Unity.TextMeshPro:TMPro.TextMeshProUGUI	101	Desc	tmp_m_text
Load Game	level1	179500	9	1502	Unity.TextMeshPro:TMPro.TextMeshProUGUI	104	txt	tmp_m_text
v0.0.0	level1	180028	6	1503	Unity.TextMeshPro:TMPro.TextMeshProUGUI	106	versiontext	tmp_m_text
Double Hunger	level1	180556	13	1504	Unity.TextMeshPro:TMPro.TextMeshProUGUI	110	subtitle	tmp_m_text
Seagulls?	level1	181084	9	1505	Unity.TextMeshPro:TMPro.TextMeshProUGUI	117	Title	tmp_m_text
Use Custom Seed?	level1	181612	16	1506	Unity.TextMeshPro:TMPro.TextMeshProUGUI	125	title_seed	tmp_m_text
(Development build)	level1	182140	19	1507	Unity.TextMeshPro:TMPro.TextMeshProUGUI	129	demotext	tmp_m_text
Previous	level1	182684	8	1508	Unity.TextMeshPro:TMPro.TextMeshProUGUI	133	txt	tmp_m_text
Keep empty for random seed...	level1	183212	29	1509	Unity.TextMeshPro:TMPro.TextMeshProUGUI	138	Placeholder	tmp_m_text
If your night does get interrupted, use an item you brought to handle the situation. If you have no answer, you can try going back to sleep. Sometimes, that’s your only option.	level1	183756	178	1510	Unity.TextMeshPro:TMPro.TextMeshProUGUI	139	howtoplay_txt	tmp_m_text
SELECTED	level1	184460	8	1511	Unity.TextMeshPro:TMPro.TextMeshProUGUI	148	Selected_Text	tmp_m_text
Back	level1	184988	4	1512	Unity.TextMeshPro:TMPro.TextMeshProUGUI	157	txt	tmp_m_text
SELECTED	level1	185516	8	1513	Unity.TextMeshPro:TMPro.TextMeshProUGUI	162	Selected_Text	tmp_m_text
DopplerGhost	level1	186572	12	1515	Unity.TextMeshPro:TMPro.TextMeshProUGUI	167	devtext	tmp_m_text
Kidnapped	level1	187100	9	1516	Unity.TextMeshPro:TMPro.TextMeshProUGUI	169	Title	tmp_m_text
Select?	level1	187628	7	1517	Unity.TextMeshPro:TMPro.TextMeshProUGUI	174	Selected_Text	tmp_m_text
Play	level1	188156	4	1518	Unity.TextMeshPro:TMPro.TextMeshProUGUI	175	txt	tmp_m_text
Super Energy	level1	188684	12	1519	Unity.TextMeshPro:TMPro.TextMeshProUGUI	195	subtitle	tmp_m_text
"Use the daytime to spend your energy on fishing, eating, doing small tasks, or chatting to your shipmate (if you brought one).
When you run out of energy, end the day and try to sleep hoping nothing disrupts your rest."	level1	189212	218	1520	Unity.TextMeshPro:TMPro.TextMeshProUGUI	200	howtoplay_txt	tmp_m_text
Step 1: Grab and Run!	level1	189948	21	1521	Unity.TextMeshPro:TMPro.TextMeshProUGUI	201	page_Title	tmp_m_text
#2	level1	190492	2	1522	Unity.TextMeshPro:TMPro.TextMeshProUGUI	202	page_num_txt	tmp_m_text
"+Slower Hunger
+Health Regenerates"	level1	191020	34	1523	Unity.TextMeshPro:TMPro.TextMeshProUGUI	209	description	tmp_m_text
I understand!	level1	191580	13	1524	Unity.TextMeshPro:TMPro.TextMeshProUGUI	214	txt	tmp_m_text
Next	level1	192108	4	1525	Unity.TextMeshPro:TMPro.TextMeshProUGUI	215	txt	tmp_m_text
True Ending	level1	192636	11	1526	Unity.TextMeshPro:TMPro.TextMeshProUGUI	216	Title	tmp_m_text
Taken aboard.	level1	193164	13	1527	Unity.TextMeshPro:TMPro.TextMeshProUGUI	217	Desc	tmp_m_text
Extra Difficulties	level1	193692	18	1528	Unity.TextMeshPro:TMPro.TextMeshProUGUI	221	title_cons	tmp_m_text
Don't Sleep With the Fishes	level1	194236	27	1529	Unity.TextMeshPro:TMPro.TextMeshProUGUI	227	main_title	tmp_m_text
Select?	level1	194780	7	1530	Unity.TextMeshPro:TMPro.TextMeshProUGUI	230	Selected_Text	tmp_m_text
By your own means.	level1	195308	18	1531	Unity.TextMeshPro:TMPro.TextMeshProUGUI	233	Desc	tmp_m_text
Step 2: Survive!	level1	195852	16	1532	Unity.TextMeshPro:TMPro.TextMeshProUGUI	241	page_Title	tmp_m_text
#3	level1	196380	2	1533	Unity.TextMeshPro:TMPro.TextMeshProUGUI	242	page_num_txt	tmp_m_text
"CONTROLS:
Look: Mouse | Move: 'W', 'A', 'S', 'D' | Grab/Throw: 'E'"	level1	196908	66	1534	Unity.TextMeshPro:TMPro.TextMeshProUGUI	244	howtoplay_extra	tmp_m_text
Settings	level1	197500	8	1535	Unity.TextMeshPro:TMPro.TextMeshProUGUI	254	txt	tmp_m_text
Lore	level1	198540	4	1537	Unity.TextMeshPro:TMPro.TextMeshProUGUI	258	Text (TMP)	tmp_m_text
Close	level1	199068	5	1538	Unity.TextMeshPro:TMPro.TextMeshProUGUI	261	Text (TMP)	tmp_m_text
Calm	level1	199596	4	1539	Unity.TextMeshPro:TMPro.TextMeshProUGUI	263	txt	tmp_m_text
Badges	level1	200124	6	1540	Unity.TextMeshPro:TMPro.TextMeshProUGUI	266	Text (TMP)	tmp_m_text
Previous	level1	200652	8	1541	Unity.TextMeshPro:TMPro.TextMeshProUGUI	270	txt	tmp_m_text
You died of starvation.	level1	201180	23	1542	Unity.TextMeshPro:TMPro.TextMeshProUGUI	272	Desc	tmp_m_text
Survived	level1	201724	8	1543	Unity.TextMeshPro:TMPro.TextMeshProUGUI	275	Title	tmp_m_text
No Hunger	level1	202252	9	1544	Unity.TextMeshPro:TMPro.TextMeshProUGUI	279	subtitle	tmp_m_text
Alternative to 'E': Left-Click or Right-Shift	level1	202780	45	1545	Unity.TextMeshPro:TMPro.TextMeshProUGUI	286	howtoplay_alte	tmp_m_text
You’re the <color=yellow>captain</color> of a ship on a covert delivery mission with a small crew. Without warning, something strikes the vessel, causing severe damage. You wait for the emergency horns. When they sound, you know you need to evacuate immediately.	level1	203340	264	1546	Unity.TextMeshPro:TMPro.TextMeshProUGUI	287	howtoplay_txt	tmp_m_text
#1	level1	204124	2	1547	Unity.TextMeshPro:TMPro.TextMeshProUGUI	289	page_num_txt	tmp_m_text
Sleeping With The Fishes	level1	204652	24	1548	Unity.TextMeshPro:TMPro.TextMeshProUGUI	293	Title	tmp_m_text
Previous	level1	205196	8	1549	Unity.TextMeshPro:TMPro.TextMeshProUGUI	295	txt	tmp_m_text
Select?	level1	205724	7	1550	Unity.TextMeshPro:TMPro.TextMeshProUGUI	304	Selected_Text	tmp_m_text
"Runs: 4
Record: 13 Days"	level1	206252	23	1551	Unity.TextMeshPro:TMPro.TextMeshProUGUI	305	runs_text	tmp_m_text
Survived	level1	206796	8	1552	Unity.TextMeshPro:TMPro.TextMeshProUGUI	308	Title	tmp_m_text
Eat for Energy	level1	207324	14	1553	Unity.TextMeshPro:TMPro.TextMeshProUGUI	310	subtitle	tmp_m_text
You sank with Dorothy.	level1	207852	22	1554	Unity.TextMeshPro:TMPro.TextMeshProUGUI	311	Desc	tmp_m_text
Previous	level1	208396	8	1555	Unity.TextMeshPro:TMPro.TextMeshProUGUI	312	Text (TMP)	tmp_m_text
How to Play?	level1	208924	12	1556	Unity.TextMeshPro:TMPro.TextMeshProUGUI	313	title_howtplay	tmp_m_text
Quit	level1	209452	4	1557	Unity.TextMeshPro:TMPro.TextMeshProUGUI	315	txt	tmp_m_text
Next	level1	209980	4	1558	Unity.TextMeshPro:TMPro.TextMeshProUGUI	317	txt	tmp_m_text
Sleeping With The Fishes	level1	210508	24	1559	Unity.TextMeshPro:TMPro.TextMeshProUGUI	319	Title	tmp_m_text
Next	level1	211052	4	1560	Unity.TextMeshPro:TMPro.TextMeshProUGUI	324	txt	tmp_m_text
Claimed by the sea.	level1	211580	19	1561	Unity.TextMeshPro:TMPro.TextMeshProUGUI	325	Desc	tmp_m_text
SELECT DIFFICULTY	level1	212124	17	1562	Unity.TextMeshPro:TMPro.TextMeshProUGUI	329	newgame_title	tmp_m_text
OK	level1	212668	2	1563	Unity.TextMeshPro:TMPro.TextMeshProUGUI	333	Text (TMP)	tmp_m_text
"CONTROLS:
Look: Mouse | Move: 'W', 'A', 'S', 'D' | Grab/Throw: 'E'"	level1	213196	66	1564	Unity.TextMeshPro:TMPro.TextMeshProUGUI	334	howtoplay_extra	tmp_m_text
100%	level1	213788	4	1565	Unity.TextMeshPro:TMPro.TextMeshProUGUI	459	SettingPercent	tmp_m_text
100%	level1	214316	4	1566	Unity.TextMeshPro:TMPro.TextMeshProUGUI	341	SettingPercent	tmp_m_text
1920x1080	level1	214844	9	1567	Unity.TextMeshPro:TMPro.TextMeshProUGUI	433	Item Label	tmp_m_text
| Created by: Taiki <i>(DopplerGhost)</i> | Special Thanks to: TakDor, Merlidan, Drael, and you! |	level1	215372	98	1568	Unity.TextMeshPro:TMPro.TextMeshProUGUI	426	SettingName	tmp_m_text
Quit	level1	215996	4	1569	Unity.TextMeshPro:TMPro.TextMeshProUGUI	380	txt	tmp_m_text
Reverts automatically in: 10	level1	216524	28	1570	Unity.TextMeshPro:TMPro.TextMeshProUGUI	377	reset_counter	tmp_m_text
Volume SFX	level1	217068	10	1571	Unity.TextMeshPro:TMPro.TextMeshProUGUI	381	SettingName	tmp_m_text
1920x1080	level1	217596	9	1572	Unity.TextMeshPro:TMPro.TextMeshProUGUI	369	Label	tmp_m_text
50%	level1	218124	3	1573	Unity.TextMeshPro:TMPro.TextMeshProUGUI	454	SettingPercent	tmp_m_text
Back to Menu	level1	218652	12	1574	Unity.TextMeshPro:TMPro.TextMeshProUGUI	390	txt	tmp_m_text
Keep new resolution?	level1	219180	20	1575	Unity.TextMeshPro:TMPro.TextMeshProUGUI	368	keep_res_title	tmp_m_text
"kill
getfish
superhelp"	level1	219724	22	1576	Unity.TextMeshPro:TMPro.TextMeshProUGUI	383	help	tmp_m_text
Settings	level1	220268	8	1577	Unity.TextMeshPro:TMPro.TextMeshProUGUI	358	txt	tmp_m_text
(Removes the requirement of holding mouse button.)	level1	220796	50	1578	Unity.TextMeshPro:TMPro.TextMeshProUGUI	432	SettingDesc	tmp_m_text
Enter text...	level1	221372	13	1579	Unity.TextMeshPro:TMPro.TextMeshProUGUI	471	Placeholder	tmp_m_text
"itemgive-itemid-n
itemremove-itemid-n
itembreak-itemid
itemfix-itemid
damage-n
danger-n
dangerset-n
energy-n
hitfriendenergy-n
friendsick-n
curefriend
feedfriend
killfriend
addhappen-happenid,h,h…
adddistance-n
endgame-reason
itemremoverandom
itembreakrandom
notice-message
hitbait-n
"	level1	221900	305	1580	Unity.TextMeshPro:TMPro.TextMeshProUGUI	478	help	tmp_m_text
Brightness	level1	222732	10	1581	Unity.TextMeshPro:TMPro.TextMeshProUGUI	337	SettingName	tmp_m_text
Volume Music	level1	223260	12	1582	Unity.TextMeshPro:TMPro.TextMeshProUGUI	403	SettingName	tmp_m_text
v0.3.5	level1	223788	6	1583	Unity.TextMeshPro:TMPro.TextMeshProUGUI	407	versiontext	tmp_m_text
The Game is saved automatically every morning.	level1	224316	46	1584	Unity.TextMeshPro:TMPro.TextMeshProUGUI	343	save_tip	tmp_m_text
Paused	level1	224876	6	1585	Unity.TextMeshPro:TMPro.TextMeshProUGUI	485	PausedTitle	tmp_m_text
Mouse Sensitivity	level1	225404	17	1586	Unity.TextMeshPro:TMPro.TextMeshProUGUI	463	SettingName	tmp_m_text
Volume Master	level1	225948	13	1587	Unity.TextMeshPro:TMPro.TextMeshProUGUI	434	SettingName	tmp_m_text
Enter Action Code	level1	226476	17	1588	Unity.TextMeshPro:TMPro.TextMeshProUGUI	489	Text (TMP)	tmp_m_text
100%	level1	227020	4	1589	Unity.TextMeshPro:TMPro.TextMeshProUGUI	470	SettingPercent	tmp_m_text
Yes	level1	227548	3	1590	Unity.TextMeshPro:TMPro.TextMeshProUGUI	487	button_txt	tmp_m_text
seed: 212832382	level1	228076	15	1591	Unity.TextMeshPro:TMPro.TextMeshProUGUI	460	save_tip	tmp_m_text
Restore Default Settings	level1	229132	24	1593	Unity.TextMeshPro:TMPro.TextMeshProUGUI	431	SettingName	tmp_m_text
Accept	level1	229676	6	1594	Unity.TextMeshPro:TMPro.TextMeshProUGUI	435	txt	tmp_m_text
Forced Night Result	level1	230204	19	1595	Unity.TextMeshPro:TMPro.TextMeshProUGUI	359	NightResulttxt	tmp_m_text
Enter text...	level1	230748	13	1596	Unity.TextMeshPro:TMPro.TextMeshProUGUI	412	Placeholder	tmp_m_text
Screen Resolution	level1	231276	17	1597	Unity.TextMeshPro:TMPro.TextMeshProUGUI	444	SettingName	tmp_m_text
Resume	level1	231820	6	1598	Unity.TextMeshPro:TMPro.TextMeshProUGUI	393	txt	tmp_m_text
50%	level1	232876	3	1600	Unity.TextMeshPro:TMPro.TextMeshProUGUI	467	SettingPercent	tmp_m_text
Day 0	level1	233404	5	1601	Unity.TextMeshPro:TMPro.TextMeshProUGUI	394	Text (TMP)	tmp_m_text
Instant Clicking	level1	233932	16	1602	Unity.TextMeshPro:TMPro.TextMeshProUGUI	356	SettingName	tmp_m_text
Run	level1	234460	3	1603	Unity.TextMeshPro:TMPro.TextMeshProUGUI	398	Text (TMP)	tmp_m_text
No	level1	234988	2	1604	Unity.TextMeshPro:TMPro.TextMeshProUGUI	370	button_txt	tmp_m_text
Settings	level1	235516	8	1605	Unity.TextMeshPro:TMPro.TextMeshProUGUI	371	settings_subtitle	tmp_m_text
Normal	level1	236472	6	1608	UnityEngine.UI:UnityEngine.UI.Button	3	LoadGameButton	mono_string_candidate
Highlighted	level1	236484	11	1608	UnityEngine.UI:UnityEngine.UI.Button	3	LoadGameButton	mono_string_candidate
Pressed	level1	236500	7	1608	UnityEngine.UI:UnityEngine.UI.Button	3	LoadGameButton	mono_string_candidate
Selected	level1	236512	8	1608	UnityEngine.UI:UnityEngine.UI.Button	3	LoadGameButton	mono_string_candidate
Disabled	level1	236524	8	1608	UnityEngine.UI:UnityEngine.UI.Button	3	LoadGameButton	mono_string_candidate
MenuController, Assembly-CSharp	level1	236568	31	1608	UnityEngine.UI:UnityEngine.UI.Button	3	LoadGameButton	mono_string_candidate
LoadGame	level1	236604	8	1608	UnityEngine.UI:UnityEngine.UI.Button	3	LoadGameButton	mono_string_candidate
UnityEngine.Object, UnityEngine	level1	236632	31	1608	UnityEngine.UI:UnityEngine.UI.Button	3	LoadGameButton	mono_string_candidate
Normal	level1	237368	6	1612	UnityEngine.UI:UnityEngine.UI.Button	12	Button_MENU_Close	mono_string_candidate
Highlighted	level1	237380	11	1612	UnityEngine.UI:UnityEngine.UI.Button	12	Button_MENU_Close	mono_string_candidate
Pressed	level1	237396	7	1612	UnityEngine.UI:UnityEngine.UI.Button	12	Button_MENU_Close	mono_string_candidate
Selected	level1	237408	8	1612	UnityEngine.UI:UnityEngine.UI.Button	12	Button_MENU_Close	mono_string_candidate
Disabled	level1	237420	8	1612	UnityEngine.UI:UnityEngine.UI.Button	12	Button_MENU_Close	mono_string_candidate
LoreScreen, Assembly-CSharp	level1	237464	27	1612	UnityEngine.UI:UnityEngine.UI.Button	12	Button_MENU_Close	mono_string_candidate
UnityEngine.Object, UnityEngine	level1	237536	31	1612	UnityEngine.UI:UnityEngine.UI.Button	12	Button_MENU_Close	mono_string_candidate
Normal	level1	238792	6	1621	UnityEngine.UI:UnityEngine.UI.Button	22	NEXT_button	mono_string_candidate
Highlighted	level1	238804	11	1621	UnityEngine.UI:UnityEngine.UI.Button	22	NEXT_button	mono_string_candidate
Pressed	level1	238820	7	1621	UnityEngine.UI:UnityEngine.UI.Button	22	NEXT_button	mono_string_candidate
Selected	level1	238832	8	1621	UnityEngine.UI:UnityEngine.UI.Button	22	NEXT_button	mono_string_candidate
Disabled	level1	238844	8	1621	UnityEngine.UI:UnityEngine.UI.Button	22	NEXT_button	mono_string_candidate
Tutorial_Screen, Assembly-CSharp	level1	238888	32	1621	UnityEngine.UI:UnityEngine.UI.Button	22	NEXT_button	mono_string_candidate
UnityEngine.Object, UnityEngine	level1	238952	31	1621	UnityEngine.UI:UnityEngine.UI.Button	22	NEXT_button	mono_string_candidate
Normal	level1	240552	6	1633	UnityEngine.UI:UnityEngine.UI.Button	33	Normal	mono_string_candidate
Highlighted	level1	240564	11	1633	UnityEngine.UI:UnityEngine.UI.Button	33	Normal	mono_string_candidate
Pressed	level1	240580	7	1633	UnityEngine.UI:UnityEngine.UI.Button	33	Normal	mono_string_candidate
Selected	level1	240592	8	1633	UnityEngine.UI:UnityEngine.UI.Button	33	Normal	mono_string_candidate
Disabled	level1	240604	8	1633	UnityEngine.UI:UnityEngine.UI.Button	33	Normal	mono_string_candidate
MenuController, Assembly-CSharp	level1	240648	31	1633	UnityEngine.UI:UnityEngine.UI.Button	33	Normal	mono_string_candidate
ClickDifficultyButton	level1	240684	21	1633	UnityEngine.UI:UnityEngine.UI.Button	33	Normal	mono_string_candidate
UnityEngine.Object, UnityEngine	level1	240728	31	1633	UnityEngine.UI:UnityEngine.UI.Button	33	Normal	mono_string_candidate
Make yourself visible...	level1	241460	24	1638	Assembly-CSharp:MedalHolder	37	Medal_1 (1)	mono_string_candidate
Normal	level1	242552	6	1646	UnityEngine.UI:UnityEngine.UI.Button	50	OPENBUTTON	mono_string_candidate
Highlighted	level1	242564	11	1646	UnityEngine.UI:UnityEngine.UI.Button	50	OPENBUTTON	mono_string_candidate
Pressed	level1	242580	7	1646	UnityEngine.UI:UnityEngine.UI.Button	50	OPENBUTTON	mono_string_candidate
Selected	level1	242592	8	1646	UnityEngine.UI:UnityEngine.UI.Button	50	OPENBUTTON	mono_string_candidate
Disabled	level1	242604	8	1646	UnityEngine.UI:UnityEngine.UI.Button	50	OPENBUTTON	mono_string_candidate
MenuController, Assembly-CSharp	level1	242648	31	1646	UnityEngine.UI:UnityEngine.UI.Button	50	OPENBUTTON	mono_string_candidate
ToggleMedalsMenu	level1	242684	16	1646	UnityEngine.UI:UnityEngine.UI.Button	50	OPENBUTTON	mono_string_candidate
UnityEngine.Object, UnityEngine	level1	242720	31	1646	UnityEngine.UI:UnityEngine.UI.Button	50	OPENBUTTON	mono_string_candidate
Normal	level1	243640	6	1652	UnityEngine.UI:UnityEngine.UI.Toggle	54	Toggle	mono_string_candidate
Highlighted	level1	243652	11	1652	UnityEngine.UI:UnityEngine.UI.Toggle	54	Toggle	mono_string_candidate
Pressed	level1	243668	7	1652	UnityEngine.UI:UnityEngine.UI.Toggle	54	Toggle	mono_string_candidate
Selected	level1	243680	8	1652	UnityEngine.UI:UnityEngine.UI.Toggle	54	Toggle	mono_string_candidate
Disabled	level1	243692	8	1652	UnityEngine.UI:UnityEngine.UI.Toggle	54	Toggle	mono_string_candidate
MenuController, Assembly-CSharp	level1	243764	31	1652	UnityEngine.UI:UnityEngine.UI.Toggle	54	Toggle	mono_string_candidate
DisableToggle	level1	243800	13	1652	UnityEngine.UI:UnityEngine.UI.Toggle	54	Toggle	mono_string_candidate
UnityEngine.Object, UnityEngine	level1	243836	31	1652	UnityEngine.UI:UnityEngine.UI.Toggle	54	Toggle	mono_string_candidate
Normal	level1	244376	6	1655	UnityEngine.UI:UnityEngine.UI.Button	58	Quit	mono_string_candidate
Highlighted	level1	244388	11	1655	UnityEngine.UI:UnityEngine.UI.Button	58	Quit	mono_string_candidate
Pressed	level1	244404	7	1655	UnityEngine.UI:UnityEngine.UI.Button	58	Quit	mono_string_candidate
Selected	level1	244416	8	1655	UnityEngine.UI:UnityEngine.UI.Button	58	Quit	mono_string_candidate
Disabled	level1	244428	8	1655	UnityEngine.UI:UnityEngine.UI.Button	58	Quit	mono_string_candidate
MenuController, Assembly-CSharp	level1	244472	31	1655	UnityEngine.UI:UnityEngine.UI.Button	58	Quit	mono_string_candidate
QuitGame	level1	244508	8	1655	UnityEngine.UI:UnityEngine.UI.Button	58	Quit	mono_string_candidate
UnityEngine.Object, UnityEngine	level1	244536	31	1655	UnityEngine.UI:UnityEngine.UI.Button	58	Quit	mono_string_candidate
Normal	level1	245512	6	1662	UnityEngine.UI:UnityEngine.UI.Button	63	PREV_button	mono_string_candidate
Highlighted	level1	245524	11	1662	UnityEngine.UI:UnityEngine.UI.Button	63	PREV_button	mono_string_candidate
Pressed	level1	245540	7	1662	UnityEngine.UI:UnityEngine.UI.Button	63	PREV_button	mono_string_candidate
Selected	level1	245552	8	1662	UnityEngine.UI:UnityEngine.UI.Button	63	PREV_button	mono_string_candidate
Disabled	level1	245564	8	1662	UnityEngine.UI:UnityEngine.UI.Button	63	PREV_button	mono_string_candidate
Tutorial_Screen, Assembly-CSharp	level1	245608	32	1662	UnityEngine.UI:UnityEngine.UI.Button	63	PREV_button	mono_string_candidate
UnityEngine.Object, UnityEngine	level1	245672	31	1662	UnityEngine.UI:UnityEngine.UI.Button	63	PREV_button	mono_string_candidate
Normal	level1	246648	6	1669	UnityEngine.UI:UnityEngine.UI.Button	69	Play	mono_string_candidate
Highlighted	level1	246660	11	1669	UnityEngine.UI:UnityEngine.UI.Button	69	Play	mono_string_candidate
Pressed	level1	246676	7	1669	UnityEngine.UI:UnityEngine.UI.Button	69	Play	mono_string_candidate
Selected	level1	246688	8	1669	UnityEngine.UI:UnityEngine.UI.Button	69	Play	mono_string_candidate
Disabled	level1	246700	8	1669	UnityEngine.UI:UnityEngine.UI.Button	69	Play	mono_string_candidate
MenuController, Assembly-CSharp	level1	246744	31	1669	UnityEngine.UI:UnityEngine.UI.Button	69	Play	mono_string_candidate
NewGame	level1	246780	7	1669	UnityEngine.UI:UnityEngine.UI.Button	69	Play	mono_string_candidate
UnityEngine.Object, UnityEngine	level1	246808	31	1669	UnityEngine.UI:UnityEngine.UI.Button	69	Play	mono_string_candidate
Make too many friends...	level1	247256	24	1672	Assembly-CSharp:MedalHolder	70	Medal_1 (3)	mono_string_candidate
Normal	level1	247656	6	1674	UnityEngine.UI:UnityEngine.UI.Button	74	NEXT_button	mono_string_candidate
Highlighted	level1	247668	11	1674	UnityEngine.UI:UnityEngine.UI.Button	74	NEXT_button	mono_string_candidate
Pressed	level1	247684	7	1674	UnityEngine.UI:UnityEngine.UI.Button	74	NEXT_button	mono_string_candidate
Selected	level1	247696	8	1674	UnityEngine.UI:UnityEngine.UI.Button	74	NEXT_button	mono_string_candidate
Disabled	level1	247708	8	1674	UnityEngine.UI:UnityEngine.UI.Button	74	NEXT_button	mono_string_candidate
Tutorial_Screen, Assembly-CSharp	level1	247752	32	1674	UnityEngine.UI:UnityEngine.UI.Button	74	NEXT_button	mono_string_candidate
UnityEngine.Object, UnityEngine	level1	247816	31	1674	UnityEngine.UI:UnityEngine.UI.Button	74	NEXT_button	mono_string_candidate
Wait for rescue...	level1	249136	18	1683	Assembly-CSharp:MedalHolder	85	Medal_1 (2)	mono_string_candidate
Normal	level1	249976	6	1688	UnityEngine.UI:UnityEngine.UI.Button	99	PREV_button	mono_string_candidate
Highlighted	level1	249988	11	1688	UnityEngine.UI:UnityEngine.UI.Button	99	PREV_button	mono_string_candidate
Pressed	level1	250004	7	1688	UnityEngine.UI:UnityEngine.UI.Button	99	PREV_button	mono_string_candidate
Selected	level1	250016	8	1688	UnityEngine.UI:UnityEngine.UI.Button	99	PREV_button	mono_string_candidate
Disabled	level1	250028	8	1688	UnityEngine.UI:UnityEngine.UI.Button	99	PREV_button	mono_string_candidate
Tutorial_Screen, Assembly-CSharp	level1	250072	32	1688	UnityEngine.UI:UnityEngine.UI.Button	99	PREV_button	mono_string_candidate
UnityEngine.Object, UnityEngine	level1	250136	31	1688	UnityEngine.UI:UnityEngine.UI.Button	99	PREV_button	mono_string_candidate
Horizontal	level1	250968	10	1694	UnityEngine.UI:UnityEngine.EventSystems.StandaloneInputModule	109	EventSystem	mono_string_candidate
Vertical	level1	250984	8	1694	UnityEngine.UI:UnityEngine.EventSystems.StandaloneInputModule	109	EventSystem	mono_string_candidate
Submit	level1	250996	6	1694	UnityEngine.UI:UnityEngine.EventSystems.StandaloneInputModule	109	EventSystem	mono_string_candidate
Cancel	level1	251008	6	1694	UnityEngine.UI:UnityEngine.EventSystems.StandaloneInputModule	109	EventSystem	mono_string_candidate
Normal	level1	252616	6	1702	UnityEngine.UI:UnityEngine.UI.Button	121	BadgesButton	mono_string_candidate
Highlighted	level1	252628	11	1702	UnityEngine.UI:UnityEngine.UI.Button	121	BadgesButton	mono_string_candidate
Pressed	level1	252644	7	1702	UnityEngine.UI:UnityEngine.UI.Button	121	BadgesButton	mono_string_candidate
Selected	level1	252656	8	1702	UnityEngine.UI:UnityEngine.UI.Button	121	BadgesButton	mono_string_candidate
Disabled	level1	252668	8	1702	UnityEngine.UI:UnityEngine.UI.Button	121	BadgesButton	mono_string_candidate
Make bad choices...	level1	253764	19	1711	Assembly-CSharp:MedalHolder	127	Medal_1 (7)	mono_string_candidate
Normal	level1	254744	6	1718	UnityEngine.UI:UnityEngine.UI.Button	135	Button_MENU_Next	mono_string_candidate
Highlighted	level1	254756	11	1718	UnityEngine.UI:UnityEngine.UI.Button	135	Button_MENU_Next	mono_string_candidate
Pressed	level1	254772	7	1718	UnityEngine.UI:UnityEngine.UI.Button	135	Button_MENU_Next	mono_string_candidate
Selected	level1	254784	8	1718	UnityEngine.UI:UnityEngine.UI.Button	135	Button_MENU_Next	mono_string_candidate
Disabled	level1	254796	8	1718	UnityEngine.UI:UnityEngine.UI.Button	135	Button_MENU_Next	mono_string_candidate
LoreScreen, Assembly-CSharp	level1	254840	27	1718	UnityEngine.UI:UnityEngine.UI.Button	135	Button_MENU_Next	mono_string_candidate
UnityEngine.Object, UnityEngine	level1	254912	31	1718	UnityEngine.UI:UnityEngine.UI.Button	135	Button_MENU_Next	mono_string_candidate
Normal	level1	255896	6	1725	UnityEngine.UI:UnityEngine.UI.Button	140	Hard	mono_string_candidate
Highlighted	level1	255908	11	1725	UnityEngine.UI:UnityEngine.UI.Button	140	Hard	mono_string_candidate
Pressed	level1	255924	7	1725	UnityEngine.UI:UnityEngine.UI.Button	140	Hard	mono_string_candidate
Selected	level1	255936	8	1725	UnityEngine.UI:UnityEngine.UI.Button	140	Hard	mono_string_candidate
Disabled	level1	255948	8	1725	UnityEngine.UI:UnityEngine.UI.Button	140	Hard	mono_string_candidate
MenuController, Assembly-CSharp	level1	255992	31	1725	UnityEngine.UI:UnityEngine.UI.Button	140	Hard	mono_string_candidate
ClickDifficultyButton	level1	256028	21	1725	UnityEngine.UI:UnityEngine.UI.Button	140	Hard	mono_string_candidate
UnityEngine.Object, UnityEngine	level1	256072	31	1725	UnityEngine.UI:UnityEngine.UI.Button	140	Hard	mono_string_candidate
Normal	level1	258248	6	1741	UnityEngine.UI:UnityEngine.UI.Toggle	155	Toggle	mono_string_candidate
Highlighted	level1	258260	11	1741	UnityEngine.UI:UnityEngine.UI.Toggle	155	Toggle	mono_string_candidate
Pressed	level1	258276	7	1741	UnityEngine.UI:UnityEngine.UI.Toggle	155	Toggle	mono_string_candidate
Selected	level1	258288	8	1741	UnityEngine.UI:UnityEngine.UI.Toggle	155	Toggle	mono_string_candidate
Disabled	level1	258300	8	1741	UnityEngine.UI:UnityEngine.UI.Toggle	155	Toggle	mono_string_candidate
MenuController, Assembly-CSharp	level1	258372	31	1741	UnityEngine.UI:UnityEngine.UI.Toggle	155	Toggle	mono_string_candidate
DisableToggle	level1	258408	13	1741	UnityEngine.UI:UnityEngine.UI.Toggle	155	Toggle	mono_string_candidate
UnityEngine.Object, UnityEngine	level1	258444	31	1741	UnityEngine.UI:UnityEngine.UI.Toggle	155	Toggle	mono_string_candidate
Normal	level1	259096	6	1745	UnityEngine.UI:UnityEngine.UI.Toggle	160	Toggle	mono_string_candidate
Highlighted	level1	259108	11	1745	UnityEngine.UI:UnityEngine.UI.Toggle	160	Toggle	mono_string_candidate
Pressed	level1	259124	7	1745	UnityEngine.UI:UnityEngine.UI.Toggle	160	Toggle	mono_string_candidate
Selected	level1	259136	8	1745	UnityEngine.UI:UnityEngine.UI.Toggle	160	Toggle	mono_string_candidate
Disabled	level1	259148	8	1745	UnityEngine.UI:UnityEngine.UI.Toggle	160	Toggle	mono_string_candidate
MenuController, Assembly-CSharp	level1	259220	31	1745	UnityEngine.UI:UnityEngine.UI.Toggle	160	Toggle	mono_string_candidate
DisableToggle	level1	259256	13	1745	UnityEngine.UI:UnityEngine.UI.Toggle	160	Toggle	mono_string_candidate
UnityEngine.Object, UnityEngine	level1	259292	31	1745	UnityEngine.UI:UnityEngine.UI.Toggle	160	Toggle	mono_string_candidate
Normal	level1	259592	6	1746	UnityEngine.UI:UnityEngine.UI.Button	161	HowToPlay	mono_string_candidate
Highlighted	level1	259604	11	1746	UnityEngine.UI:UnityEngine.UI.Button	161	HowToPlay	mono_string_candidate
Pressed	level1	259620	7	1746	UnityEngine.UI:UnityEngine.UI.Button	161	HowToPlay	mono_string_candidate
Selected	level1	259632	8	1746	UnityEngine.UI:UnityEngine.UI.Button	161	HowToPlay	mono_string_candidate
Disabled	level1	259644	8	1746	UnityEngine.UI:UnityEngine.UI.Button	161	HowToPlay	mono_string_candidate
MenuController, Assembly-CSharp	level1	259688	31	1746	UnityEngine.UI:UnityEngine.UI.Button	161	HowToPlay	mono_string_candidate
UnityEngine.Object, UnityEngine	level1	259760	31	1746	UnityEngine.UI:UnityEngine.UI.Button	161	HowToPlay	mono_string_candidate
Normal	level1	260648	6	1751	UnityEngine.UI:UnityEngine.UI.Button	167	devtext	mono_string_candidate
Highlighted	level1	260660	11	1751	UnityEngine.UI:UnityEngine.UI.Button	167	devtext	mono_string_candidate
Pressed	level1	260676	7	1751	UnityEngine.UI:UnityEngine.UI.Button	167	devtext	mono_string_candidate
Selected	level1	260688	8	1751	UnityEngine.UI:UnityEngine.UI.Button	167	devtext	mono_string_candidate
Disabled	level1	260700	8	1751	UnityEngine.UI:UnityEngine.UI.Button	167	devtext	mono_string_candidate
MenuController, Assembly-CSharp	level1	260744	31	1751	UnityEngine.UI:UnityEngine.UI.Button	167	devtext	mono_string_candidate
OpenItchPage	level1	260780	12	1751	UnityEngine.UI:UnityEngine.UI.Button	167	devtext	mono_string_candidate
UnityEngine.Object, UnityEngine	level1	260812	31	1751	UnityEngine.UI:UnityEngine.UI.Button	167	devtext	mono_string_candidate
Normal	level1	261416	6	1755	UnityEngine.UI:UnityEngine.UI.Button	171	NEXT_button	mono_string_candidate
Highlighted	level1	261428	11	1755	UnityEngine.UI:UnityEngine.UI.Button	171	NEXT_button	mono_string_candidate
Pressed	level1	261444	7	1755	UnityEngine.UI:UnityEngine.UI.Button	171	NEXT_button	mono_string_candidate
Selected	level1	261456	8	1755	UnityEngine.UI:UnityEngine.UI.Button	171	NEXT_button	mono_string_candidate
Disabled	level1	261468	8	1755	UnityEngine.UI:UnityEngine.UI.Button	171	NEXT_button	mono_string_candidate
Tutorial_Screen, Assembly-CSharp	level1	261512	32	1755	UnityEngine.UI:UnityEngine.UI.Button	171	NEXT_button	mono_string_candidate
UnityEngine.Object, UnityEngine	level1	261576	31	1755	UnityEngine.UI:UnityEngine.UI.Button	171	NEXT_button	mono_string_candidate
Normal	level1	262792	6	1763	UnityEngine.UI:UnityEngine.UI.Button	179	LoreButton	mono_string_candidate
Highlighted	level1	262804	11	1763	UnityEngine.UI:UnityEngine.UI.Button	179	LoreButton	mono_string_candidate
Pressed	level1	262820	7	1763	UnityEngine.UI:UnityEngine.UI.Button	179	LoreButton	mono_string_candidate
Selected	level1	262832	8	1763	UnityEngine.UI:UnityEngine.UI.Button	179	LoreButton	mono_string_candidate
Disabled	level1	262844	8	1763	UnityEngine.UI:UnityEngine.UI.Button	179	LoreButton	mono_string_candidate
LoreScreen, Assembly-CSharp	level1	262888	27	1763	UnityEngine.UI:UnityEngine.UI.Button	179	LoreButton	mono_string_candidate
TryOpenFromMenu	level1	262920	15	1763	UnityEngine.UI:UnityEngine.UI.Button	179	LoreButton	mono_string_candidate
UnityEngine.Object, UnityEngine	level1	262956	31	1763	UnityEngine.UI:UnityEngine.UI.Button	179	LoreButton	mono_string_candidate
Normal	level1	263688	6	1767	UnityEngine.UI:UnityEngine.UI.Toggle	182	Toggle	mono_string_candidate
Highlighted	level1	263700	11	1767	UnityEngine.UI:UnityEngine.UI.Toggle	182	Toggle	mono_string_candidate
Pressed	level1	263716	7	1767	UnityEngine.UI:UnityEngine.UI.Toggle	182	Toggle	mono_string_candidate
Selected	level1	263728	8	1767	UnityEngine.UI:UnityEngine.UI.Toggle	182	Toggle	mono_string_candidate
Disabled	level1	263740	8	1767	UnityEngine.UI:UnityEngine.UI.Toggle	182	Toggle	mono_string_candidate
MenuController, Assembly-CSharp	level1	263812	31	1767	UnityEngine.UI:UnityEngine.UI.Toggle	182	Toggle	mono_string_candidate
DisableToggle	level1	263848	13	1767	UnityEngine.UI:UnityEngine.UI.Toggle	182	Toggle	mono_string_candidate
UnityEngine.Object, UnityEngine	level1	263884	31	1767	UnityEngine.UI:UnityEngine.UI.Toggle	182	Toggle	mono_string_candidate
Normal	level1	265672	6	1780	UnityEngine.UI:UnityEngine.UI.Button	191	Easy	mono_string_candidate
Highlighted	level1	265684	11	1780	UnityEngine.UI:UnityEngine.UI.Button	191	Easy	mono_string_candidate
Pressed	level1	265700	7	1780	UnityEngine.UI:UnityEngine.UI.Button	191	Easy	mono_string_candidate
Selected	level1	265712	8	1780	UnityEngine.UI:UnityEngine.UI.Button	191	Easy	mono_string_candidate
Disabled	level1	265724	8	1780	UnityEngine.UI:UnityEngine.UI.Button	191	Easy	mono_string_candidate
MenuController, Assembly-CSharp	level1	265768	31	1780	UnityEngine.UI:UnityEngine.UI.Button	191	Easy	mono_string_candidate
ClickDifficultyButton	level1	265804	21	1780	UnityEngine.UI:UnityEngine.UI.Button	191	Easy	mono_string_candidate
UnityEngine.Object, UnityEngine	level1	265848	31	1780	UnityEngine.UI:UnityEngine.UI.Button	191	Easy	mono_string_candidate
Normal	level1	266280	6	1782	UnityEngine.UI:UnityEngine.UI.Button	193	BackToMenu	mono_string_candidate
Highlighted	level1	266292	11	1782	UnityEngine.UI:UnityEngine.UI.Button	193	BackToMenu	mono_string_candidate
Pressed	level1	266308	7	1782	UnityEngine.UI:UnityEngine.UI.Button	193	BackToMenu	mono_string_candidate
Selected	level1	266320	8	1782	UnityEngine.UI:UnityEngine.UI.Button	193	BackToMenu	mono_string_candidate
Disabled	level1	266332	8	1782	UnityEngine.UI:UnityEngine.UI.Button	193	BackToMenu	mono_string_candidate
MenuController, Assembly-CSharp	level1	266376	31	1782	UnityEngine.UI:UnityEngine.UI.Button	193	BackToMenu	mono_string_candidate
UnityEngine.Object, UnityEngine	level1	266448	31	1782	UnityEngine.UI:UnityEngine.UI.Button	193	BackToMenu	mono_string_candidate
Have bad time management...	level1	266912	27	1785	Assembly-CSharp:MedalHolder	194	Medal_1 (5)	mono_string_candidate
Normal	level1	267896	6	1791	UnityEngine.UI:UnityEngine.UI.Toggle	204	Toggle	mono_string_candidate
Highlighted	level1	267908	11	1791	UnityEngine.UI:UnityEngine.UI.Toggle	204	Toggle	mono_string_candidate
Pressed	level1	267924	7	1791	UnityEngine.UI:UnityEngine.UI.Toggle	204	Toggle	mono_string_candidate
Selected	level1	267936	8	1791	UnityEngine.UI:UnityEngine.UI.Toggle	204	Toggle	mono_string_candidate
Disabled	level1	267948	8	1791	UnityEngine.UI:UnityEngine.UI.Toggle	204	Toggle	mono_string_candidate
MenuController, Assembly-CSharp	level1	268020	31	1791	UnityEngine.UI:UnityEngine.UI.Toggle	204	Toggle	mono_string_candidate
DisableToggle	level1	268056	13	1791	UnityEngine.UI:UnityEngine.UI.Toggle	204	Toggle	mono_string_candidate
UnityEngine.Object, UnityEngine	level1	268092	31	1791	UnityEngine.UI:UnityEngine.UI.Toggle	204	Toggle	mono_string_candidate
Be a bad fisherman...	level1	268396	21	1793	Assembly-CSharp:MedalHolder	205	Medal_1 (6)	mono_string_candidate
Get kidnapped...	level1	268956	16	1797	Assembly-CSharp:MedalHolder	208	Medal_1 (4)	mono_string_candidate
Normal	level1	269640	6	1801	UnityEngine.UI:UnityEngine.UI.Button	212	CUSTOM_SETTINGS_BUTTON	mono_string_candidate
Highlighted	level1	269652	11	1801	UnityEngine.UI:UnityEngine.UI.Button	212	CUSTOM_SETTINGS_BUTTON	mono_string_candidate
Pressed	level1	269668	7	1801	UnityEngine.UI:UnityEngine.UI.Button	212	CUSTOM_SETTINGS_BUTTON	mono_string_candidate
Selected	level1	269680	8	1801	UnityEngine.UI:UnityEngine.UI.Button	212	CUSTOM_SETTINGS_BUTTON	mono_string_candidate
Disabled	level1	269692	8	1801	UnityEngine.UI:UnityEngine.UI.Button	212	CUSTOM_SETTINGS_BUTTON	mono_string_candidate
MenuController, Assembly-CSharp	level1	269736	31	1801	UnityEngine.UI:UnityEngine.UI.Button	212	CUSTOM_SETTINGS_BUTTON	mono_string_candidate
UnityEngine.Object, UnityEngine	level1	269804	31	1801	UnityEngine.UI:UnityEngine.UI.Button	212	CUSTOM_SETTINGS_BUTTON	mono_string_candidate
Normal	level1	271320	6	1812	UnityEngine.UI:UnityEngine.UI.Button	228	NEXT_button	mono_string_candidate
Highlighted	level1	271332	11	1812	UnityEngine.UI:UnityEngine.UI.Button	228	NEXT_button	mono_string_candidate
Pressed	level1	271348	7	1812	UnityEngine.UI:UnityEngine.UI.Button	228	NEXT_button	mono_string_candidate
Selected	level1	271360	8	1812	UnityEngine.UI:UnityEngine.UI.Button	228	NEXT_button	mono_string_candidate
Disabled	level1	271372	8	1812	UnityEngine.UI:UnityEngine.UI.Button	228	NEXT_button	mono_string_candidate
Tutorial_Screen, Assembly-CSharp	level1	271416	32	1812	UnityEngine.UI:UnityEngine.UI.Button	228	NEXT_button	mono_string_candidate
UnityEngine.Object, UnityEngine	level1	271480	31	1812	UnityEngine.UI:UnityEngine.UI.Button	228	NEXT_button	mono_string_candidate
Normal	level1	271928	6	1814	UnityEngine.UI:UnityEngine.UI.Button	231	PREV_button	mono_string_candidate
Highlighted	level1	271940	11	1814	UnityEngine.UI:UnityEngine.UI.Button	231	PREV_button	mono_string_candidate
Pressed	level1	271956	7	1814	UnityEngine.UI:UnityEngine.UI.Button	231	PREV_button	mono_string_candidate
Selected	level1	271968	8	1814	UnityEngine.UI:UnityEngine.UI.Button	231	PREV_button	mono_string_candidate
Disabled	level1	271980	8	1814	UnityEngine.UI:UnityEngine.UI.Button	231	PREV_button	mono_string_candidate
Tutorial_Screen, Assembly-CSharp	level1	272024	32	1814	UnityEngine.UI:UnityEngine.UI.Button	231	PREV_button	mono_string_candidate
UnityEngine.Object, UnityEngine	level1	272088	31	1814	UnityEngine.UI:UnityEngine.UI.Button	231	PREV_button	mono_string_candidate
Normal	level1	275352	6	1836	UnityEngine.UI:UnityEngine.UI.Button	256	PREV_button	mono_string_candidate
Highlighted	level1	275364	11	1836	UnityEngine.UI:UnityEngine.UI.Button	256	PREV_button	mono_string_candidate
Pressed	level1	275380	7	1836	UnityEngine.UI:UnityEngine.UI.Button	256	PREV_button	mono_string_candidate
Selected	level1	275392	8	1836	UnityEngine.UI:UnityEngine.UI.Button	256	PREV_button	mono_string_candidate
Disabled	level1	275404	8	1836	UnityEngine.UI:UnityEngine.UI.Button	256	PREV_button	mono_string_candidate
Tutorial_Screen, Assembly-CSharp	level1	275448	32	1836	UnityEngine.UI:UnityEngine.UI.Button	256	PREV_button	mono_string_candidate
UnityEngine.Object, UnityEngine	level1	275512	31	1836	UnityEngine.UI:UnityEngine.UI.Button	256	PREV_button	mono_string_candidate
Pay back your debts...	level1	276108	22	1840	Assembly-CSharp:MedalHolder	260	Medal_1 (9)	mono_string_candidate
Normal	level1	276520	6	1842	UnityEngine.UI:UnityEngine.UI.Button	264	Settings	mono_string_candidate
Highlighted	level1	276532	11	1842	UnityEngine.UI:UnityEngine.UI.Button	264	Settings	mono_string_candidate
Pressed	level1	276548	7	1842	UnityEngine.UI:UnityEngine.UI.Button	264	Settings	mono_string_candidate
Selected	level1	276560	8	1842	UnityEngine.UI:UnityEngine.UI.Button	264	Settings	mono_string_candidate
Disabled	level1	276572	8	1842	UnityEngine.UI:UnityEngine.UI.Button	264	Settings	mono_string_candidate
MenuController, Assembly-CSharp	level1	276616	31	1842	UnityEngine.UI:UnityEngine.UI.Button	264	Settings	mono_string_candidate
ClickedSettingsButton	level1	276652	21	1842	UnityEngine.UI:UnityEngine.UI.Button	264	Settings	mono_string_candidate
UnityEngine.Object, UnityEngine	level1	276696	31	1842	UnityEngine.UI:UnityEngine.UI.Button	264	Settings	mono_string_candidate
Normal	level1	277592	6	1849	UnityEngine.UI:UnityEngine.UI.Toggle	269	Toggle	mono_string_candidate
Highlighted	level1	277604	11	1849	UnityEngine.UI:UnityEngine.UI.Toggle	269	Toggle	mono_string_candidate
Pressed	level1	277620	7	1849	UnityEngine.UI:UnityEngine.UI.Toggle	269	Toggle	mono_string_candidate
Selected	level1	277632	8	1849	UnityEngine.UI:UnityEngine.UI.Toggle	269	Toggle	mono_string_candidate
Disabled	level1	277644	8	1849	UnityEngine.UI:UnityEngine.UI.Toggle	269	Toggle	mono_string_candidate
MenuController, Assembly-CSharp	level1	277716	31	1849	UnityEngine.UI:UnityEngine.UI.Toggle	269	Toggle	mono_string_candidate
DisableToggle	level1	277752	13	1849	UnityEngine.UI:UnityEngine.UI.Toggle	269	Toggle	mono_string_candidate
UnityEngine.Object, UnityEngine	level1	277788	31	1849	UnityEngine.UI:UnityEngine.UI.Toggle	269	Toggle	mono_string_candidate
Normal	level1	278184	6	1851	UnityEngine.UI:UnityEngine.UI.Button	271	Button_MENU_Prev	mono_string_candidate
Highlighted	level1	278196	11	1851	UnityEngine.UI:UnityEngine.UI.Button	271	Button_MENU_Prev	mono_string_candidate
Pressed	level1	278212	7	1851	UnityEngine.UI:UnityEngine.UI.Button	271	Button_MENU_Prev	mono_string_candidate
Selected	level1	278224	8	1851	UnityEngine.UI:UnityEngine.UI.Button	271	Button_MENU_Prev	mono_string_candidate
Disabled	level1	278236	8	1851	UnityEngine.UI:UnityEngine.UI.Button	271	Button_MENU_Prev	mono_string_candidate
LoreScreen, Assembly-CSharp	level1	278280	27	1851	UnityEngine.UI:UnityEngine.UI.Button	271	Button_MENU_Prev	mono_string_candidate
UnityEngine.Object, UnityEngine	level1	278356	31	1851	UnityEngine.UI:UnityEngine.UI.Button	271	Button_MENU_Prev	mono_string_candidate
Normal	level1	279608	6	1859	UnityEngine.UI:UnityEngine.UI.Button	281	NewGameButton	mono_string_candidate
Highlighted	level1	279620	11	1859	UnityEngine.UI:UnityEngine.UI.Button	281	NewGameButton	mono_string_candidate
Pressed	level1	279636	7	1859	UnityEngine.UI:UnityEngine.UI.Button	281	NewGameButton	mono_string_candidate
Selected	level1	279648	8	1859	UnityEngine.UI:UnityEngine.UI.Button	281	NewGameButton	mono_string_candidate
Disabled	level1	279660	8	1859	UnityEngine.UI:UnityEngine.UI.Button	281	NewGameButton	mono_string_candidate
MenuController, Assembly-CSharp	level1	279704	31	1859	UnityEngine.UI:UnityEngine.UI.Button	281	NewGameButton	mono_string_candidate
ClickedNewGame	level1	279740	14	1859	UnityEngine.UI:UnityEngine.UI.Button	281	NewGameButton	mono_string_candidate
UnityEngine.Object, UnityEngine	level1	279776	31	1859	UnityEngine.UI:UnityEngine.UI.Button	281	NewGameButton	mono_string_candidate
Normal	level1	280296	6	1862	Unity.TextMeshPro:TMPro.TMP_InputField	283	InputField_seed	mono_string_candidate
Highlighted	level1	280308	11	1862	Unity.TextMeshPro:TMPro.TMP_InputField	283	InputField_seed	mono_string_candidate
Pressed	level1	280324	7	1862	Unity.TextMeshPro:TMPro.TMP_InputField	283	InputField_seed	mono_string_candidate
Selected	level1	280336	8	1862	Unity.TextMeshPro:TMPro.TMP_InputField	283	InputField_seed	mono_string_candidate
Disabled	level1	280348	8	1862	Unity.TextMeshPro:TMPro.TMP_InputField	283	InputField_seed	mono_string_candidate
Normal	level1	282152	6	1873	UnityEngine.UI:UnityEngine.UI.Button	297	use	mono_string_candidate
Highlighted	level1	282164	11	1873	UnityEngine.UI:UnityEngine.UI.Button	297	use	mono_string_candidate
Pressed	level1	282180	7	1873	UnityEngine.UI:UnityEngine.UI.Button	297	use	mono_string_candidate
Selected	level1	282192	8	1873	UnityEngine.UI:UnityEngine.UI.Button	297	use	mono_string_candidate
Disabled	level1	282204	8	1873	UnityEngine.UI:UnityEngine.UI.Button	297	use	mono_string_candidate
MenuController, Assembly-CSharp	level1	282248	31	1873	UnityEngine.UI:UnityEngine.UI.Button	297	use	mono_string_candidate
UnityEngine.Object, UnityEngine	level1	282320	31	1873	UnityEngine.UI:UnityEngine.UI.Button	297	use	mono_string_candidate
Normal	level1	282968	6	1877	UnityEngine.UI:UnityEngine.UI.Toggle	300	Toggle	mono_string_candidate
Highlighted	level1	282980	11	1877	UnityEngine.UI:UnityEngine.UI.Toggle	300	Toggle	mono_string_candidate
Pressed	level1	282996	7	1877	UnityEngine.UI:UnityEngine.UI.Toggle	300	Toggle	mono_string_candidate
Selected	level1	283008	8	1877	UnityEngine.UI:UnityEngine.UI.Toggle	300	Toggle	mono_string_candidate
Disabled	level1	283020	8	1877	UnityEngine.UI:UnityEngine.UI.Toggle	300	Toggle	mono_string_candidate
MenuController, Assembly-CSharp	level1	283092	31	1877	UnityEngine.UI:UnityEngine.UI.Toggle	300	Toggle	mono_string_candidate
DisableToggle	level1	283128	13	1877	UnityEngine.UI:UnityEngine.UI.Toggle	300	Toggle	mono_string_candidate
UnityEngine.Object, UnityEngine	level1	283164	31	1877	UnityEngine.UI:UnityEngine.UI.Toggle	300	Toggle	mono_string_candidate
Normal	level1	283992	6	1882	UnityEngine.UI:UnityEngine.UI.Toggle	309	Toggle	mono_string_candidate
Highlighted	level1	284004	11	1882	UnityEngine.UI:UnityEngine.UI.Toggle	309	Toggle	mono_string_candidate
Pressed	level1	284020	7	1882	UnityEngine.UI:UnityEngine.UI.Toggle	309	Toggle	mono_string_candidate
Selected	level1	284032	8	1882	UnityEngine.UI:UnityEngine.UI.Toggle	309	Toggle	mono_string_candidate
Disabled	level1	284044	8	1882	UnityEngine.UI:UnityEngine.UI.Toggle	309	Toggle	mono_string_candidate
MenuController, Assembly-CSharp	level1	284116	31	1882	UnityEngine.UI:UnityEngine.UI.Toggle	309	Toggle	mono_string_candidate
DisableToggle	level1	284152	13	1882	UnityEngine.UI:UnityEngine.UI.Toggle	309	Toggle	mono_string_candidate
UnityEngine.Object, UnityEngine	level1	284188	31	1882	UnityEngine.UI:UnityEngine.UI.Toggle	309	Toggle	mono_string_candidate
Normal	level1	285320	6	1890	UnityEngine.UI:UnityEngine.UI.Button	323	BackToMenu	mono_string_candidate
Highlighted	level1	285332	11	1890	UnityEngine.UI:UnityEngine.UI.Button	323	BackToMenu	mono_string_candidate
Pressed	level1	285348	7	1890	UnityEngine.UI:UnityEngine.UI.Button	323	BackToMenu	mono_string_candidate
Selected	level1	285360	8	1890	UnityEngine.UI:UnityEngine.UI.Button	323	BackToMenu	mono_string_candidate
Disabled	level1	285372	8	1890	UnityEngine.UI:UnityEngine.UI.Button	323	BackToMenu	mono_string_candidate
MenuController, Assembly-CSharp	level1	285416	31	1890	UnityEngine.UI:UnityEngine.UI.Button	323	BackToMenu	mono_string_candidate
BackToMainMenu	level1	285452	14	1890	UnityEngine.UI:UnityEngine.UI.Button	323	BackToMenu	mono_string_candidate
UnityEngine.Object, UnityEngine	level1	285488	31	1890	UnityEngine.UI:UnityEngine.UI.Button	323	BackToMenu	mono_string_candidate
Bring exploration tools...	level1	285952	26	1893	Assembly-CSharp:MedalHolder	326	Medal_1	mono_string_candidate
Normal	level1	286360	6	1895	UnityEngine.UI:UnityEngine.UI.Button	328	clear	mono_string_candidate
Highlighted	level1	286372	11	1895	UnityEngine.UI:UnityEngine.UI.Button	328	clear	mono_string_candidate
Pressed	level1	286388	7	1895	UnityEngine.UI:UnityEngine.UI.Button	328	clear	mono_string_candidate
Selected	level1	286400	8	1895	UnityEngine.UI:UnityEngine.UI.Button	328	clear	mono_string_candidate
Disabled	level1	286412	8	1895	UnityEngine.UI:UnityEngine.UI.Button	328	clear	mono_string_candidate
MenuController, Assembly-CSharp	level1	286456	31	1895	UnityEngine.UI:UnityEngine.UI.Button	328	clear	mono_string_candidate
UnityEngine.Object, UnityEngine	level1	286524	31	1895	UnityEngine.UI:UnityEngine.UI.Button	328	clear	mono_string_candidate
Normal	level1	290872	6	1910	UnityEngine.UI:UnityEngine.UI.Slider	354	Slider	mono_string_candidate
Highlighted	level1	290884	11	1910	UnityEngine.UI:UnityEngine.UI.Slider	354	Slider	mono_string_candidate
Pressed	level1	290900	7	1910	UnityEngine.UI:UnityEngine.UI.Slider	354	Slider	mono_string_candidate
Selected	level1	290912	8	1910	UnityEngine.UI:UnityEngine.UI.Slider	354	Slider	mono_string_candidate
Disabled	level1	290924	8	1910	UnityEngine.UI:UnityEngine.UI.Slider	354	Slider	mono_string_candidate
SettingsMenu, Assembly-CSharp	level1	291012	29	1910	UnityEngine.UI:UnityEngine.UI.Slider	354	Slider	mono_string_candidate
UpdateVolumeSFX	level1	291048	15	1910	UnityEngine.UI:UnityEngine.UI.Slider	354	Slider	mono_string_candidate
UnityEngine.Object, UnityEngine	level1	291084	31	1910	UnityEngine.UI:UnityEngine.UI.Slider	354	Slider	mono_string_candidate
SettingsMenu, Assembly-CSharp	level1	291152	29	1910	UnityEngine.UI:UnityEngine.UI.Slider	354	Slider	mono_string_candidate
UpdateVolumeSFX	level1	291188	15	1910	UnityEngine.UI:UnityEngine.UI.Slider	354	Slider	mono_string_candidate
UnityEngine.Object, UnityEngine	level1	291224	31	1910	UnityEngine.UI:UnityEngine.UI.Slider	354	Slider	mono_string_candidate
Normal	level1	293448	6	1928	UnityEngine.UI:UnityEngine.UI.Button	451	yes	mono_string_candidate
Highlighted	level1	293460	11	1928	UnityEngine.UI:UnityEngine.UI.Button	451	yes	mono_string_candidate
Pressed	level1	293476	7	1928	UnityEngine.UI:UnityEngine.UI.Button	451	yes	mono_string_candidate
Selected	level1	293488	8	1928	UnityEngine.UI:UnityEngine.UI.Button	451	yes	mono_string_candidate
Disabled	level1	293500	8	1928	UnityEngine.UI:UnityEngine.UI.Button	451	yes	mono_string_candidate
SettingsMenu, Assembly-CSharp	level1	293544	29	1928	UnityEngine.UI:UnityEngine.UI.Button	451	yes	mono_string_candidate
ConfirmResolution	level1	293580	17	1928	UnityEngine.UI:UnityEngine.UI.Button	451	yes	mono_string_candidate
UnityEngine.Object, UnityEngine	level1	293620	31	1928	UnityEngine.UI:UnityEngine.UI.Button	451	yes	mono_string_candidate
Normal	level1	294968	6	1934	Unity.TextMeshPro:TMPro.TMP_InputField	472	InputField (TMP)	mono_string_candidate
Highlighted	level1	294980	11	1934	Unity.TextMeshPro:TMPro.TMP_InputField	472	InputField (TMP)	mono_string_candidate
Pressed	level1	294996	7	1934	Unity.TextMeshPro:TMPro.TMP_InputField	472	InputField (TMP)	mono_string_candidate
Selected	level1	295008	8	1934	Unity.TextMeshPro:TMPro.TMP_InputField	472	InputField (TMP)	mono_string_candidate
Disabled	level1	295020	8	1934	Unity.TextMeshPro:TMPro.TMP_InputField	472	InputField (TMP)	mono_string_candidate
Normal	level1	295544	6	1935	UnityEngine.UI:UnityEngine.UI.Slider	346	Slider	mono_string_candidate
Highlighted	level1	295556	11	1935	UnityEngine.UI:UnityEngine.UI.Slider	346	Slider	mono_string_candidate
Pressed	level1	295572	7	1935	UnityEngine.UI:UnityEngine.UI.Slider	346	Slider	mono_string_candidate
Selected	level1	295584	8	1935	UnityEngine.UI:UnityEngine.UI.Slider	346	Slider	mono_string_candidate
Disabled	level1	295596	8	1935	UnityEngine.UI:UnityEngine.UI.Slider	346	Slider	mono_string_candidate
SettingsMenu, Assembly-CSharp	level1	295684	29	1935	UnityEngine.UI:UnityEngine.UI.Slider	346	Slider	mono_string_candidate
UpdateVolumeMaster	level1	295720	18	1935	UnityEngine.UI:UnityEngine.UI.Slider	346	Slider	mono_string_candidate
UnityEngine.Object, UnityEngine	level1	295760	31	1935	UnityEngine.UI:UnityEngine.UI.Slider	346	Slider	mono_string_candidate
SettingsMenu, Assembly-CSharp	level1	295828	29	1935	UnityEngine.UI:UnityEngine.UI.Slider	346	Slider	mono_string_candidate
UpdateVolumeMaster	level1	295864	18	1935	UnityEngine.UI:UnityEngine.UI.Slider	346	Slider	mono_string_candidate
UnityEngine.Object, UnityEngine	level1	295904	31	1935	UnityEngine.UI:UnityEngine.UI.Slider	346	Slider	mono_string_candidate
Normal	level1	296200	6	1936	UnityEngine.UI:UnityEngine.UI.Button	455	Settings	mono_string_candidate
Highlighted	level1	296212	11	1936	UnityEngine.UI:UnityEngine.UI.Button	455	Settings	mono_string_candidate
Pressed	level1	296228	7	1936	UnityEngine.UI:UnityEngine.UI.Button	455	Settings	mono_string_candidate
Selected	level1	296240	8	1936	UnityEngine.UI:UnityEngine.UI.Button	455	Settings	mono_string_candidate
Disabled	level1	296252	8	1936	UnityEngine.UI:UnityEngine.UI.Button	455	Settings	mono_string_candidate
PauseMenu, Assembly-CSharp	level1	296296	26	1936	UnityEngine.UI:UnityEngine.UI.Button	455	Settings	mono_string_candidate
OpenSettings	level1	296328	12	1936	UnityEngine.UI:UnityEngine.UI.Button	455	Settings	mono_string_candidate
UnityEngine.Object, UnityEngine	level1	296360	31	1936	UnityEngine.UI:UnityEngine.UI.Button	455	Settings	mono_string_candidate
Normal	level1	296648	6	1937	UnityEngine.UI:UnityEngine.UI.Slider	468	Slider	mono_string_candidate
Highlighted	level1	296660	11	1937	UnityEngine.UI:UnityEngine.UI.Slider	468	Slider	mono_string_candidate
Pressed	level1	296676	7	1937	UnityEngine.UI:UnityEngine.UI.Slider	468	Slider	mono_string_candidate
Selected	level1	296688	8	1937	UnityEngine.UI:UnityEngine.UI.Slider	468	Slider	mono_string_candidate
Disabled	level1	296700	8	1937	UnityEngine.UI:UnityEngine.UI.Slider	468	Slider	mono_string_candidate
SettingsMenu, Assembly-CSharp	level1	296788	29	1937	UnityEngine.UI:UnityEngine.UI.Slider	468	Slider	mono_string_candidate
UpdateBrightness	level1	296824	16	1937	UnityEngine.UI:UnityEngine.UI.Slider	468	Slider	mono_string_candidate
UnityEngine.Object, UnityEngine	level1	296860	31	1937	UnityEngine.UI:UnityEngine.UI.Slider	468	Slider	mono_string_candidate
Normal	level1	297816	6	1945	Unity.TextMeshPro:TMPro.TMP_Dropdown	477	Dropdown	mono_string_candidate
Highlighted	level1	297828	11	1945	Unity.TextMeshPro:TMPro.TMP_Dropdown	477	Dropdown	mono_string_candidate
Pressed	level1	297844	7	1945	Unity.TextMeshPro:TMPro.TMP_Dropdown	477	Dropdown	mono_string_candidate
Selected	level1	297856	8	1945	Unity.TextMeshPro:TMPro.TMP_Dropdown	477	Dropdown	mono_string_candidate
Disabled	level1	297868	8	1945	Unity.TextMeshPro:TMPro.TMP_Dropdown	477	Dropdown	mono_string_candidate
SettingsMenu, Assembly-CSharp	level1	298040	29	1945	Unity.TextMeshPro:TMPro.TMP_Dropdown	477	Dropdown	mono_string_candidate
ApplyResolution	level1	298076	15	1945	Unity.TextMeshPro:TMPro.TMP_Dropdown	477	Dropdown	mono_string_candidate
UnityEngine.Object, UnityEngine	level1	298112	31	1945	Unity.TextMeshPro:TMPro.TMP_Dropdown	477	Dropdown	mono_string_candidate
Normal	level1	298872	6	1950	UnityEngine.UI:UnityEngine.UI.Slider	384	Slider	mono_string_candidate
Highlighted	level1	298884	11	1950	UnityEngine.UI:UnityEngine.UI.Slider	384	Slider	mono_string_candidate
Pressed	level1	298900	7	1950	UnityEngine.UI:UnityEngine.UI.Slider	384	Slider	mono_string_candidate
Selected	level1	298912	8	1950	UnityEngine.UI:UnityEngine.UI.Slider	384	Slider	mono_string_candidate
Disabled	level1	298924	8	1950	UnityEngine.UI:UnityEngine.UI.Slider	384	Slider	mono_string_candidate
SettingsMenu, Assembly-CSharp	level1	299012	29	1950	UnityEngine.UI:UnityEngine.UI.Slider	384	Slider	mono_string_candidate
UpdateMousesens	level1	299048	15	1950	UnityEngine.UI:UnityEngine.UI.Slider	384	Slider	mono_string_candidate
UnityEngine.Object, UnityEngine	level1	299084	31	1950	UnityEngine.UI:UnityEngine.UI.Slider	384	Slider	mono_string_candidate
Normal	level1	299512	6	1952	UnityEngine.UI:UnityEngine.UI.Toggle	448	Toggle	mono_string_candidate
Highlighted	level1	299524	11	1952	UnityEngine.UI:UnityEngine.UI.Toggle	448	Toggle	mono_string_candidate
Pressed	level1	299540	7	1952	UnityEngine.UI:UnityEngine.UI.Toggle	448	Toggle	mono_string_candidate
Selected	level1	299552	8	1952	UnityEngine.UI:UnityEngine.UI.Toggle	448	Toggle	mono_string_candidate
Disabled	level1	299564	8	1952	UnityEngine.UI:UnityEngine.UI.Toggle	448	Toggle	mono_string_candidate
SettingsMenu, Assembly-CSharp	level1	299636	29	1952	UnityEngine.UI:UnityEngine.UI.Toggle	448	Toggle	mono_string_candidate
UpdateInstantClick	level1	299672	18	1952	UnityEngine.UI:UnityEngine.UI.Toggle	448	Toggle	mono_string_candidate
UnityEngine.Object, UnityEngine	level1	299712	31	1952	UnityEngine.UI:UnityEngine.UI.Toggle	448	Toggle	mono_string_candidate
Normal	level1	301432	6	1964	UnityEngine.UI:UnityEngine.UI.Button	488	SettingsPanel_Reset	mono_string_candidate
Highlighted	level1	301444	11	1964	UnityEngine.UI:UnityEngine.UI.Button	488	SettingsPanel_Reset	mono_string_candidate
Pressed	level1	301460	7	1964	UnityEngine.UI:UnityEngine.UI.Button	488	SettingsPanel_Reset	mono_string_candidate
Selected	level1	301472	8	1964	UnityEngine.UI:UnityEngine.UI.Button	488	SettingsPanel_Reset	mono_string_candidate
Disabled	level1	301484	8	1964	UnityEngine.UI:UnityEngine.UI.Button	488	SettingsPanel_Reset	mono_string_candidate
SettingsMenu, Assembly-CSharp	level1	301528	29	1964	UnityEngine.UI:UnityEngine.UI.Button	488	SettingsPanel_Reset	mono_string_candidate
RestoreDefaultSettings	level1	301564	22	1964	UnityEngine.UI:UnityEngine.UI.Button	488	SettingsPanel_Reset	mono_string_candidate
UnityEngine.Object, UnityEngine	level1	301608	31	1964	UnityEngine.UI:UnityEngine.UI.Button	488	SettingsPanel_Reset	mono_string_candidate
Normal	level1	302328	6	1968	UnityEngine.UI:UnityEngine.UI.Button	372	BackToMenu	mono_string_candidate
Highlighted	level1	302340	11	1968	UnityEngine.UI:UnityEngine.UI.Button	372	BackToMenu	mono_string_candidate
Pressed	level1	302356	7	1968	UnityEngine.UI:UnityEngine.UI.Button	372	BackToMenu	mono_string_candidate
Selected	level1	302368	8	1968	UnityEngine.UI:UnityEngine.UI.Button	372	BackToMenu	mono_string_candidate
Disabled	level1	302380	8	1968	UnityEngine.UI:UnityEngine.UI.Button	372	BackToMenu	mono_string_candidate
PauseMenu, Assembly-CSharp	level1	302424	26	1968	UnityEngine.UI:UnityEngine.UI.Button	372	BackToMenu	mono_string_candidate
BackToMenu	level1	302456	10	1968	UnityEngine.UI:UnityEngine.UI.Button	372	BackToMenu	mono_string_candidate
UnityEngine.Object, UnityEngine	level1	302488	31	1968	UnityEngine.UI:UnityEngine.UI.Button	372	BackToMenu	mono_string_candidate
Assets/UniStorm Weather System/Resources/Components/Resources/UniStorm Data.asset	level1	303184	81	1972	Assembly-CSharp:UniStorm.UniStormSystem	417	UniStorm URP System	mono_string_candidate
Player	level1	303320	6	1972	Assembly-CSharp:UniStorm.UniStormSystem	417	UniStorm URP System	mono_string_candidate
FPS Player	level1	303332	10	1972	Assembly-CSharp:UniStorm.UniStormSystem	417	UniStorm URP System	mono_string_candidate
MainCamera	level1	303348	10	1972	Assembly-CSharp:UniStorm.UniStormSystem	417	UniStorm URP System	mono_string_candidate
Main Camera	level1	303364	11	1972	Assembly-CSharp:UniStorm.UniStormSystem	417	UniStorm URP System	mono_string_candidate
Respawn	level1	306332	7	1972	Assembly-CSharp:UniStorm.UniStormSystem	417	UniStorm URP System	mono_string_candidate
Respawn	level1	306468	7	1972	Assembly-CSharp:UniStorm.UniStormSystem	417	UniStorm URP System	mono_string_candidate
Normal	level1	315320	6	1975	UnityEngine.UI:UnityEngine.UI.Button	405	RunButton	mono_string_candidate
Highlighted	level1	315332	11	1975	UnityEngine.UI:UnityEngine.UI.Button	405	RunButton	mono_string_candidate
Pressed	level1	315348	7	1975	UnityEngine.UI:UnityEngine.UI.Button	405	RunButton	mono_string_candidate
Selected	level1	315360	8	1975	UnityEngine.UI:UnityEngine.UI.Button	405	RunButton	mono_string_candidate
Disabled	level1	315372	8	1975	UnityEngine.UI:UnityEngine.UI.Button	405	RunButton	mono_string_candidate
game_controller, Assembly-CSharp	level1	315416	32	1975	UnityEngine.UI:UnityEngine.UI.Button	405	RunButton	mono_string_candidate
UnityEngine.Object, UnityEngine	level1	315488	31	1975	UnityEngine.UI:UnityEngine.UI.Button	405	RunButton	mono_string_candidate
Normal	level1	315784	6	1976	UnityEngine.UI:UnityEngine.UI.Button	375	Resume	mono_string_candidate
Highlighted	level1	315796	11	1976	UnityEngine.UI:UnityEngine.UI.Button	375	Resume	mono_string_candidate
Pressed	level1	315812	7	1976	UnityEngine.UI:UnityEngine.UI.Button	375	Resume	mono_string_candidate
Selected	level1	315824	8	1976	UnityEngine.UI:UnityEngine.UI.Button	375	Resume	mono_string_candidate
Disabled	level1	315836	8	1976	UnityEngine.UI:UnityEngine.UI.Button	375	Resume	mono_string_candidate
PauseMenu, Assembly-CSharp	level1	315880	26	1976	UnityEngine.UI:UnityEngine.UI.Button	375	Resume	mono_string_candidate
Resume	level1	315912	6	1976	UnityEngine.UI:UnityEngine.UI.Button	375	Resume	mono_string_candidate
UnityEngine.Object, UnityEngine	level1	315940	31	1976	UnityEngine.UI:UnityEngine.UI.Button	375	Resume	mono_string_candidate
Normal	level1	316232	6	1977	Unity.TextMeshPro:TMPro.TMP_InputField	351	InputNightResult	mono_string_candidate
Highlighted	level1	316244	11	1977	Unity.TextMeshPro:TMPro.TMP_InputField	351	InputNightResult	mono_string_candidate
Pressed	level1	316260	7	1977	Unity.TextMeshPro:TMPro.TMP_InputField	351	InputNightResult	mono_string_candidate
Selected	level1	316272	8	1977	Unity.TextMeshPro:TMPro.TMP_InputField	351	InputNightResult	mono_string_candidate
Disabled	level1	316284	8	1977	Unity.TextMeshPro:TMPro.TMP_InputField	351	InputNightResult	mono_string_candidate
Normal	level1	317864	6	1986	UnityEngine.UI:UnityEngine.UI.Toggle	465	Item	mono_string_candidate
Highlighted	level1	317876	11	1986	UnityEngine.UI:UnityEngine.UI.Toggle	465	Item	mono_string_candidate
Pressed	level1	317892	7	1986	UnityEngine.UI:UnityEngine.UI.Toggle	465	Item	mono_string_candidate
Selected	level1	317904	8	1986	UnityEngine.UI:UnityEngine.UI.Toggle	465	Item	mono_string_candidate
Disabled	level1	317916	8	1986	UnityEngine.UI:UnityEngine.UI.Toggle	465	Item	mono_string_candidate
Normal	level1	319688	6	1999	UnityEngine.UI:UnityEngine.UI.Button	365	Accept	mono_string_candidate
Highlighted	level1	319700	11	1999	UnityEngine.UI:UnityEngine.UI.Button	365	Accept	mono_string_candidate
Pressed	level1	319716	7	1999	UnityEngine.UI:UnityEngine.UI.Button	365	Accept	mono_string_candidate
Selected	level1	319728	8	1999	UnityEngine.UI:UnityEngine.UI.Button	365	Accept	mono_string_candidate
Disabled	level1	319740	8	1999	UnityEngine.UI:UnityEngine.UI.Button	365	Accept	mono_string_candidate
game_controller, Assembly-CSharp	level1	319784	32	1999	UnityEngine.UI:UnityEngine.UI.Button	365	Accept	mono_string_candidate
UnityEngine.Object, UnityEngine	level1	319856	31	1999	UnityEngine.UI:UnityEngine.UI.Button	365	Accept	mono_string_candidate
Normal	level1	320152	6	2000	UnityEngine.UI:UnityEngine.UI.Slider	438	Slider	mono_string_candidate
Highlighted	level1	320164	11	2000	UnityEngine.UI:UnityEngine.UI.Slider	438	Slider	mono_string_candidate
Pressed	level1	320180	7	2000	UnityEngine.UI:UnityEngine.UI.Slider	438	Slider	mono_string_candidate
Selected	level1	320192	8	2000	UnityEngine.UI:UnityEngine.UI.Slider	438	Slider	mono_string_candidate
Disabled	level1	320204	8	2000	UnityEngine.UI:UnityEngine.UI.Slider	438	Slider	mono_string_candidate
SettingsMenu, Assembly-CSharp	level1	320292	29	2000	UnityEngine.UI:UnityEngine.UI.Slider	438	Slider	mono_string_candidate
UpdateVolumeMusic	level1	320328	17	2000	UnityEngine.UI:UnityEngine.UI.Slider	438	Slider	mono_string_candidate
UnityEngine.Object, UnityEngine	level1	320368	31	2000	UnityEngine.UI:UnityEngine.UI.Slider	438	Slider	mono_string_candidate
SettingsMenu, Assembly-CSharp	level1	320436	29	2000	UnityEngine.UI:UnityEngine.UI.Slider	438	Slider	mono_string_candidate
UpdateVolumeMusic	level1	320472	17	2000	UnityEngine.UI:UnityEngine.UI.Slider	438	Slider	mono_string_candidate
UnityEngine.Object, UnityEngine	level1	320512	31	2000	UnityEngine.UI:UnityEngine.UI.Slider	438	Slider	mono_string_candidate
Normal	level1	321032	6	2003	UnityEngine.UI:UnityEngine.UI.Button	464	Quit	mono_string_candidate
Highlighted	level1	321044	11	2003	UnityEngine.UI:UnityEngine.UI.Button	464	Quit	mono_string_candidate
Pressed	level1	321060	7	2003	UnityEngine.UI:UnityEngine.UI.Button	464	Quit	mono_string_candidate
Selected	level1	321072	8	2003	UnityEngine.UI:UnityEngine.UI.Button	464	Quit	mono_string_candidate
Disabled	level1	321084	8	2003	UnityEngine.UI:UnityEngine.UI.Button	464	Quit	mono_string_candidate
PauseMenu, Assembly-CSharp	level1	321128	26	2003	UnityEngine.UI:UnityEngine.UI.Button	464	Quit	mono_string_candidate
QuitGame	level1	321160	8	2003	UnityEngine.UI:UnityEngine.UI.Button	464	Quit	mono_string_candidate
UnityEngine.Object, UnityEngine	level1	321188	31	2003	UnityEngine.UI:UnityEngine.UI.Button	464	Quit	mono_string_candidate
Normal	level1	321672	6	2006	UnityEngine.UI:UnityEngine.UI.Button	389	no	mono_string_candidate
Highlighted	level1	321684	11	2006	UnityEngine.UI:UnityEngine.UI.Button	389	no	mono_string_candidate
Pressed	level1	321700	7	2006	UnityEngine.UI:UnityEngine.UI.Button	389	no	mono_string_candidate
Selected	level1	321712	8	2006	UnityEngine.UI:UnityEngine.UI.Button	389	no	mono_string_candidate
Disabled	level1	321724	8	2006	UnityEngine.UI:UnityEngine.UI.Button	389	no	mono_string_candidate
SettingsMenu, Assembly-CSharp	level1	321768	29	2006	UnityEngine.UI:UnityEngine.UI.Button	389	no	mono_string_candidate
RevertResolution	level1	321804	16	2006	UnityEngine.UI:UnityEngine.UI.Button	389	no	mono_string_candidate
UnityEngine.Object, UnityEngine	level1	321840	31	2006	UnityEngine.UI:UnityEngine.UI.Button	389	no	mono_string_candidate
Normal	level1	322616	6	2011	UnityEngine.UI:UnityEngine.UI.Scrollbar	447	Scrollbar	mono_string_candidate
Highlighted	level1	322628	11	2011	UnityEngine.UI:UnityEngine.UI.Scrollbar	447	Scrollbar	mono_string_candidate
Pressed	level1	322644	7	2011	UnityEngine.UI:UnityEngine.UI.Scrollbar	447	Scrollbar	mono_string_candidate
Selected	level1	322656	8	2011	UnityEngine.UI:UnityEngine.UI.Scrollbar	447	Scrollbar	mono_string_candidate
Disabled	level1	322668	8	2011	UnityEngine.UI:UnityEngine.UI.Scrollbar	447	Scrollbar	mono_string_candidate
Dead by the Sea.	level1	325372	16	2021	Assembly-CSharp:game_controller	378	GameController	mono_string_candidate
Your friend is sleeping with the fishes.	level1	325944	40	2021	Assembly-CSharp:game_controller	378	GameController	mono_string_candidate
You lost an item to the sea.	level1	325988	28	2021	Assembly-CSharp:game_controller	378	GameController	mono_string_candidate
Something broke during the night.	level1	326020	33	2021	Assembly-CSharp:game_controller	378	GameController	mono_string_candidate
You did not sleep very well.	level1	326060	28	2021	Assembly-CSharp:game_controller	378	GameController	mono_string_candidate
You feel weak.	level1	326092	14	2021	Assembly-CSharp:game_controller	378	GameController	mono_string_candidate
Help may be on the way...	level1	326112	25	2021	Assembly-CSharp:game_controller	378	GameController	mono_string_candidate
45	level2	1105164	2	7119	Unity.TextMeshPro:TMPro.TextMeshProUGUI	61	time_num	tmp_m_text
Too Heavy!	level2	1105692	10	7120	Unity.TextMeshPro:TMPro.TextMeshProUGUI	86	tooheavy_text	tmp_m_text
Sliding : false | Dashing : false | Flying : false	level2	1106220	50	7121	Unity.TextMeshPro:TMPro.TextMeshProUGUI	143	PlayerMovementInfo	tmp_m_text
Speed: 0 | IsGrounded: true | CoyoteTime: 0.5555	level2	1106796	48	7122	Unity.TextMeshPro:TMPro.TextMeshProUGUI	169	PlayerDebugInfo	tmp_m_text
[E]	level2	1107356	3	7123	Unity.TextMeshPro:TMPro.TextMeshProUGUI	184	PickUpE	tmp_m_text
Pick Up	level2	1107884	7	7124	Unity.TextMeshPro:TMPro.TextMeshProUGUI	185	ItemName	tmp_m_text
[E]	level2	1108412	3	7125	Unity.TextMeshPro:TMPro.TextMeshProUGUI	261	PickUpE	tmp_m_text
Hold 'Click' to Skip	level2	1108940	20	7126	Unity.TextMeshPro:TMPro.TextMeshProUGUI	271	clickToSkipText	tmp_m_text
Boat Full!	level2	1109484	10	7127	Unity.TextMeshPro:TMPro.TextMeshProUGUI	459	tooheavy_text	tmp_m_text
To the boat!	level2	1110012	12	7128	Unity.TextMeshPro:TMPro.TextMeshProUGUI	579	to_the_boat	tmp_m_text
Abandon ship!	level2	1110540	13	7129	Unity.TextMeshPro:TMPro.TextMeshProUGUI	588	saveyo_text	tmp_m_text
Hands Full!	level2	1111068	11	7130	Unity.TextMeshPro:TMPro.TextMeshProUGUI	931	handfull_Text	tmp_m_text
Throw Items!	level2	1111596	12	7131	Unity.TextMeshPro:TMPro.TextMeshProUGUI	1033	ItemName	tmp_m_text
50%	level2	1112124	3	7132	Unity.TextMeshPro:TMPro.TextMeshProUGUI	2566	SettingPercent	tmp_m_text
Keep new resolution?	level2	1112652	20	7133	Unity.TextMeshPro:TMPro.TextMeshProUGUI	2056	keep_res_title	tmp_m_text
Back to Menu	level2	1113196	12	7134	Unity.TextMeshPro:TMPro.TextMeshProUGUI	1521	txt	tmp_m_text
"kill
getfish
superhelp"	level2	1113724	22	7135	Unity.TextMeshPro:TMPro.TextMeshProUGUI	1568	help	tmp_m_text
1920x1080	level2	1114268	9	7136	Unity.TextMeshPro:TMPro.TextMeshProUGUI	2048	Label	tmp_m_text
Volume SFX	level2	1114796	10	7137	Unity.TextMeshPro:TMPro.TextMeshProUGUI	1594	SettingName	tmp_m_text
Reverts automatically in: 10	level2	1115324	28	7138	Unity.TextMeshPro:TMPro.TextMeshProUGUI	1732	reset_counter	tmp_m_text
Volume Music	level2	1115868	12	7139	Unity.TextMeshPro:TMPro.TextMeshProUGUI	1785	SettingName	tmp_m_text
"itemgive-itemid-n
itemremove-itemid-n
itembreak-itemid
itemfix-itemid
damage-n
danger-n
dangerset-n
energy-n
hitfriendenergy-n
friendsick-n
curefriend
feedfriend
killfriend
addhappen-happenid,h,h…
adddistance-n
endgame-reason
itemremoverandom
itembreakrandom
notice-message
hitbait-n
"	level2	1116396	305	7140	Unity.TextMeshPro:TMPro.TextMeshProUGUI	2400	help	tmp_m_text
Brightness	level2	1117228	10	7141	Unity.TextMeshPro:TMPro.TextMeshProUGUI	1974	SettingName	tmp_m_text
(Removes the requirement of holding mouse button.)	level2	1117756	50	7142	Unity.TextMeshPro:TMPro.TextMeshProUGUI	2428	SettingDesc	tmp_m_text
Enter text...	level2	1118332	13	7143	Unity.TextMeshPro:TMPro.TextMeshProUGUI	2197	Placeholder	tmp_m_text
Settings	level2	1118860	8	7144	Unity.TextMeshPro:TMPro.TextMeshProUGUI	1893	txt	tmp_m_text
| Created by: Taiki <i>(DopplerGhost)</i> | Special Thanks to: TakDor, Merlidan, Drael, and you! |	level2	1119388	98	7145	Unity.TextMeshPro:TMPro.TextMeshProUGUI	2454	SettingName	tmp_m_text
100%	level2	1120012	4	7146	Unity.TextMeshPro:TMPro.TextMeshProUGUI	1960	SettingPercent	tmp_m_text
1920x1080	level2	1120540	9	7147	Unity.TextMeshPro:TMPro.TextMeshProUGUI	2429	Item Label	tmp_m_text
100%	level2	1121068	4	7148	Unity.TextMeshPro:TMPro.TextMeshProUGUI	2252	SettingPercent	tmp_m_text
Quit	level2	1121596	4	7149	Unity.TextMeshPro:TMPro.TextMeshProUGUI	1575	txt	tmp_m_text
50%	level2	1122652	3	7151	Unity.TextMeshPro:TMPro.TextMeshProUGUI	2205	SettingPercent	tmp_m_text
Enter text...	level2	1123180	13	7152	Unity.TextMeshPro:TMPro.TextMeshProUGUI	2527	Placeholder	tmp_m_text
Resume	level2	1123708	6	7153	Unity.TextMeshPro:TMPro.TextMeshProUGUI	1835	txt	tmp_m_text
Screen Resolution	level2	1124236	17	7154	Unity.TextMeshPro:TMPro.TextMeshProUGUI	2619	SettingName	tmp_m_text
Forced Night Result	level2	1124780	19	7155	Unity.TextMeshPro:TMPro.TextMeshProUGUI	2120	NightResulttxt	tmp_m_text
Settings	level2	1125324	8	7156	Unity.TextMeshPro:TMPro.TextMeshProUGUI	2018	settings_subtitle	tmp_m_text
Run	level2	1125852	3	7157	Unity.TextMeshPro:TMPro.TextMeshProUGUI	1812	Text (TMP)	tmp_m_text
No	level2	1126380	2	7158	Unity.TextMeshPro:TMPro.TextMeshProUGUI	2064	button_txt	tmp_m_text
Day 0	level2	1126908	5	7159	Unity.TextMeshPro:TMPro.TextMeshProUGUI	1836	Text (TMP)	tmp_m_text
Instant Clicking	level2	1127436	16	7160	Unity.TextMeshPro:TMPro.TextMeshProUGUI	1901	SettingName	tmp_m_text
Mouse Sensitivity	level2	1127964	17	7161	Unity.TextMeshPro:TMPro.TextMeshProUGUI	2258	SettingName	tmp_m_text
Paused	level2	1128508	6	7162	Unity.TextMeshPro:TMPro.TextMeshProUGUI	2335	PausedTitle	tmp_m_text
The Game is saved automatically every morning.	level2	1129036	46	7163	Unity.TextMeshPro:TMPro.TextMeshProUGUI	1928	save_tip	tmp_m_text
v0.3.5	level2	1129596	6	7164	Unity.TextMeshPro:TMPro.TextMeshProUGUI	1748	versiontext	tmp_m_text
Restore Default Settings	level2	1130124	24	7165	Unity.TextMeshPro:TMPro.TextMeshProUGUI	2409	SettingName	tmp_m_text
Accept	level2	1130668	6	7166	Unity.TextMeshPro:TMPro.TextMeshProUGUI	2424	txt	tmp_m_text
seed: 212832382	level2	1131724	15	7168	Unity.TextMeshPro:TMPro.TextMeshProUGUI	2239	save_tip	tmp_m_text
Volume Master	level2	1132252	13	7169	Unity.TextMeshPro:TMPro.TextMeshProUGUI	2427	SettingName	tmp_m_text
Yes	level2	1132780	3	7170	Unity.TextMeshPro:TMPro.TextMeshProUGUI	2304	button_txt	tmp_m_text
100%	level2	1133308	4	7171	Unity.TextMeshPro:TMPro.TextMeshProUGUI	2171	SettingPercent	tmp_m_text
Enter Action Code	level2	1133836	17	7172	Unity.TextMeshPro:TMPro.TextMeshProUGUI	2296	Text (TMP)	tmp_m_text
Anchor	level2	1134708	6	7178	Assembly-CSharp:ItemPickupable	25	anchor (1)	mono_string_candidate
Bucket	level2	1134948	6	7182	Assembly-CSharp:ItemPickupable	31	bucket (3)	mono_string_candidate
Row	level2	1135092	3	7184	Assembly-CSharp:ItemPickupable	38	Who1 (3)	mono_string_candidate
Food	level2	1135300	4	7186	Assembly-CSharp:ItemPickupable	44	food_fish (27)	mono_string_candidate
Bait	level2	1135444	4	7188	Assembly-CSharp:ItemPickupable	55	bait (10)	mono_string_candidate
Food	level2	1135732	4	7191	Assembly-CSharp:ItemPickupable	65	food_fish (20)	mono_string_candidate
Food	level2	1136068	4	7195	Assembly-CSharp:ItemPickupable	74	food_fish (22)	mono_string_candidate
Scuba Set	level2	1136212	9	7197	Assembly-CSharp:ItemPickupable	80	scuba_set (1)	mono_string_candidate
Laurel	level2	1136372	6	7199	Assembly-CSharp:ItemPickupable	85	Woman1 (2)	mono_string_candidate
Food	level2	1136708	4	7203	Assembly-CSharp:ItemPickupable	95	food_fish (24)	mono_string_candidate
Food	level2	1136980	4	7207	Assembly-CSharp:ItemPickupable	111	food_fish (25)	mono_string_candidate
Bucket	level2	1137940	6	7212	Assembly-CSharp:ItemPickupable	128	bucket (4)	mono_string_candidate
Duct Tape	level2	1138084	9	7214	Assembly-CSharp:ItemPickupable	131	ducttape (4)	mono_string_candidate
Food	level2	1138468	4	7218	Assembly-CSharp:ItemPickupable	148	food_fish (17)	mono_string_candidate
Compass	level2	1138932	7	7224	Assembly-CSharp:ItemPickupable	178	compass (2)	mono_string_candidate
Food	level2	1139076	4	7226	Assembly-CSharp:ItemPickupable	179	food_fish (31)	mono_string_candidate
Captain Whiskers	level2	1139284	16	7229	Assembly-CSharp:ItemPickupable	196	Cat1 (4)	mono_string_candidate
Row	level2	1139700	3	7232	Assembly-CSharp:ItemPickupable	215	Who1 (2)	mono_string_candidate
Duct Tape	level2	1139908	9	7234	Assembly-CSharp:ItemPickupable	229	ducttape	mono_string_candidate
Food	level2	1140340	4	7239	Assembly-CSharp:ItemPickupable	243	food_fish (18)	mono_string_candidate
Scuba Set	level2	1140724	9	7243	Assembly-CSharp:ItemPickupable	252	scuba_set (2)	mono_string_candidate
Food	level2	1140884	4	7245	Assembly-CSharp:ItemPickupable	253	food_fish (23)	mono_string_candidate
Food	level2	1141220	4	7250	Assembly-CSharp:ItemPickupable	285	food_fish (7)	mono_string_candidate
Bait	level2	1141364	4	7252	Assembly-CSharp:ItemPickupable	286	bait (5)	mono_string_candidate
Bucket	level2	1141572	6	7255	Assembly-CSharp:ItemPickupable	313	bucket (2)	mono_string_candidate
Bottled Paper	level2	1141956	13	7261	Assembly-CSharp:ItemPickupable	331	bottle (2)	mono_string_candidate
Food	level2	1142116	4	7263	Assembly-CSharp:ItemPickupable	334	food_fish (9)	mono_string_candidate
Bait	level2	1142404	4	7266	Assembly-CSharp:ItemPickupable	348	bait (1)	mono_string_candidate
Flare Gun	level2	1142548	9	7268	Assembly-CSharp:ItemPickupable	351	flaregun	mono_string_candidate
Swim Ring	level2	1142708	9	7270	Assembly-CSharp:ItemPickupable	354	swimming_belt	mono_string_candidate
Compass	level2	1143428	7	7278	Assembly-CSharp:ItemPickupable	373	compass (1)	mono_string_candidate
Anchor	level2	1143572	6	7280	Assembly-CSharp:ItemPickupable	376	anchor	mono_string_candidate
Laurel	level2	1143812	6	7284	Assembly-CSharp:ItemPickupable	391	Woman1 (3)	mono_string_candidate
Flashlight	level2	1144244	10	7289	Assembly-CSharp:ItemPickupable	406	flashlight (1)	mono_string_candidate
Bait	level2	1144468	4	7292	Assembly-CSharp:ItemPickupable	410	bait (15)	mono_string_candidate
Duct Tape	level2	1145124	9	7296	Assembly-CSharp:ItemPickupable	425	ducttape (1)	mono_string_candidate
Spyglass	level2	1145348	8	7299	Assembly-CSharp:ItemPickupable	437	telescope (2)	mono_string_candidate
Umbrella	level2	1145492	8	7301	Assembly-CSharp:ItemPickupable	445	umbrella (2)	mono_string_candidate
Map	level2	1145636	3	7303	Assembly-CSharp:ItemPickupable	451	map (4)	mono_string_candidate
Food	level2	1145780	4	7305	Assembly-CSharp:ItemPickupable	453	food_fish (14)	mono_string_candidate
Bait	level2	1145924	4	7307	Assembly-CSharp:ItemPickupable	458	bait (7)	mono_string_candidate
Bottled Paper	level2	1146100	13	7310	Assembly-CSharp:ItemPickupable	468	bottle (1)	mono_string_candidate
First Aid Kit	level2	1146660	13	7317	Assembly-CSharp:ItemPickupable	494	firstaidkit (2)	mono_string_candidate
Anchor	level2	1146820	6	7319	Assembly-CSharp:ItemPickupable	502	anchor (3)	mono_string_candidate
Map	level2	1146964	3	7321	Assembly-CSharp:ItemPickupable	505	map (1)	mono_string_candidate
Frederik	level2	1147140	8	7324	Assembly-CSharp:ItemPickupable	508	Man1 (4)	mono_string_candidate
Flare Gun	level2	1147268	9	7326	Assembly-CSharp:ItemPickupable	522	flaregun (1)	mono_string_candidate
Horizontal	level2	1147432	10	7328	UnityEngine.UI:UnityEngine.EventSystems.StandaloneInputModule	531	EventSystem	mono_string_candidate
Vertical	level2	1147448	8	7328	UnityEngine.UI:UnityEngine.EventSystems.StandaloneInputModule	531	EventSystem	mono_string_candidate
Submit	level2	1147460	6	7328	UnityEngine.UI:UnityEngine.EventSystems.StandaloneInputModule	531	EventSystem	mono_string_candidate
Cancel	level2	1147472	6	7328	UnityEngine.UI:UnityEngine.EventSystems.StandaloneInputModule	531	EventSystem	mono_string_candidate
Food	level2	1147668	4	7331	Assembly-CSharp:ItemPickupable	536	food_fish (2)	mono_string_candidate
Frederik	level2	1147956	8	7334	Assembly-CSharp:ItemPickupable	540	Man1	mono_string_candidate
First Aid Kit	level2	1148020	13	7335	Assembly-CSharp:ItemPickupable	546	firstaidkit (3)	mono_string_candidate
Bait	level2	1148404	4	7341	Assembly-CSharp:ItemPickupable	562	bait (16)	mono_string_candidate
Food	level2	1149108	4	7348	Assembly-CSharp:ItemPickupable	616	food_fish (21)	mono_string_candidate
Food	level2	1149316	4	7351	Assembly-CSharp:ItemPickupable	620	food_fish (6)	mono_string_candidate
Frederik	level2	1149460	8	7353	Assembly-CSharp:ItemPickupable	626	Man1 (1)	mono_string_candidate
Compass	level2	1149860	7	7357	Assembly-CSharp:ItemPickupable	671	compass	mono_string_candidate
Food	level2	1150004	4	7359	Assembly-CSharp:ItemPickupable	679	food_fish (4)	mono_string_candidate
Laurel	level2	1150148	6	7361	Assembly-CSharp:ItemPickupable	687	Woman1	mono_string_candidate
Food	level2	1150420	4	7364	Assembly-CSharp:ItemPickupable	691	food_fish (33)	mono_string_candidate
Laurel	level2	1150628	6	7367	Assembly-CSharp:ItemPickupable	701	Woman1 (1)	mono_string_candidate
Bottled Paper	level2	1150724	13	7369	Assembly-CSharp:ItemPickupable	717	bottle	mono_string_candidate
Food	level2	1150884	4	7371	Assembly-CSharp:ItemPickupable	720	food_fish (13)	mono_string_candidate
Harpoon Gun	level2	1151684	11	7379	Assembly-CSharp:ItemPickupable	764	hookgun	mono_string_candidate
Swim Ring	level2	1151844	9	7381	Assembly-CSharp:ItemPickupable	765	swimming_belt (1)	mono_string_candidate
Spyglass	level2	1152036	8	7384	Assembly-CSharp:ItemPickupable	783	telescope (3)	mono_string_candidate
Food	level2	1152180	4	7386	Assembly-CSharp:ItemPickupable	784	food_fish (3)	mono_string_candidate
Row	level2	1152324	3	7388	Assembly-CSharp:ItemPickupable	788	Who1 (4)	mono_string_candidate
Fishing Net	level2	1152596	11	7390	Assembly-CSharp:ItemPickupable	800	net (1)	mono_string_candidate
Food	level2	1152820	4	7393	Assembly-CSharp:ItemPickupable	804	food_fish (10)	mono_string_candidate
Food	level2	1152964	4	7395	Assembly-CSharp:ItemPickupable	805	food_fish (30)	mono_string_candidate
Flashlight	level2	1153108	10	7397	Assembly-CSharp:ItemPickupable	810	flashlight (3)	mono_string_candidate
Flare Gun	level2	1153268	9	7399	Assembly-CSharp:ItemPickupable	820	flaregun (2)	mono_string_candidate
First Aid Kit	level2	1153428	13	7401	Assembly-CSharp:ItemPickupable	821	firstaidkit	mono_string_candidate
Bait	level2	1153588	4	7403	Assembly-CSharp:ItemPickupable	822	bait (3)	mono_string_candidate
Duct Tape	level2	1153796	9	7406	Assembly-CSharp:ItemPickupable	830	ducttape (5)	mono_string_candidate
Bait	level2	1153956	4	7408	Assembly-CSharp:ItemPickupable	831	bait (14)	mono_string_candidate
Harpoon Gun	level2	1154132	11	7411	Assembly-CSharp:ItemPickupable	837	hookgun (1)	mono_string_candidate
Food	level2	1154292	4	7413	Assembly-CSharp:ItemPickupable	841	food_fish (5)	mono_string_candidate
Row	level2	1154436	3	7415	Assembly-CSharp:ItemPickupable	842	Who1	mono_string_candidate
Bait	level2	1154500	4	7416	Assembly-CSharp:ItemPickupable	844	bait (4)	mono_string_candidate
Food	level2	1155284	4	7420	Assembly-CSharp:ItemPickupable	857	food_fish (8)	mono_string_candidate
Bait	level2	1155428	4	7422	Assembly-CSharp:ItemPickupable	863	bait (13)	mono_string_candidate
Duct Tape	level2	1155572	9	7424	Assembly-CSharp:ItemPickupable	864	ducttape (2)	mono_string_candidate
Bait	level2	1155764	4	7427	Assembly-CSharp:ItemPickupable	871	bait (2)	mono_string_candidate
Bait	level2	1155972	4	7430	Assembly-CSharp:ItemPickupable	896	bait (12)	mono_string_candidate
Frederik	level2	1156516	8	7437	Assembly-CSharp:ItemPickupable	912	Man1 (2)	mono_string_candidate
Food	level2	1156580	4	7438	Assembly-CSharp:ItemPickupable	919	food_fish (34)	mono_string_candidate
Umbrella	level2	1156724	8	7440	Assembly-CSharp:ItemPickupable	920	umbrella	mono_string_candidate
Fishing Net	level2	1156868	11	7442	Assembly-CSharp:ItemPickupable	942	net (2)	mono_string_candidate
Map	level2	1157028	3	7444	Assembly-CSharp:ItemPickupable	945	map	mono_string_candidate
Umbrella	level2	1157508	8	7448	Assembly-CSharp:ItemPickupable	957	umbrella (3)	mono_string_candidate
First Aid Kit	level2	1157652	13	7450	Assembly-CSharp:ItemPickupable	968	firstaidkit (1)	mono_string_candidate
Map	level2	1157940	3	7454	Assembly-CSharp:ItemPickupable	970	map (2)	mono_string_candidate
Laurel	level2	1158324	6	7459	Assembly-CSharp:ItemPickupable	994	Woman1 (4)	mono_string_candidate
Bottled Paper	level2	1158388	13	7460	Assembly-CSharp:ItemPickupable	997	bottle (3)	mono_string_candidate
Bait	level2	1158548	4	7462	Assembly-CSharp:ItemPickupable	1010	bait (11)	mono_string_candidate
Anchor	level2	1158756	6	7465	Assembly-CSharp:ItemPickupable	1024	anchor (2)	mono_string_candidate
Food	level2	1158900	4	7467	Assembly-CSharp:ItemPickupable	1025	food_fish (16)	mono_string_candidate
Captain Whiskers	level2	1159044	16	7469	Assembly-CSharp:ItemPickupable	1034	Cat1 (1)	mono_string_candidate
Scuba Set	level2	1159188	9	7471	Assembly-CSharp:ItemPickupable	1036	scuba_set	mono_string_candidate
Food	level2	1159348	4	7473	Assembly-CSharp:ItemPickupable	1038	food_fish (28)	mono_string_candidate
Spyglass	level2	1159668	8	7477	Assembly-CSharp:ItemPickupable	1071	telescope	mono_string_candidate
Spyglass	level2	1159876	8	7480	Assembly-CSharp:ItemPickupable	1076	telescope (1)	mono_string_candidate
Bait	level2	1160164	4	7483	Assembly-CSharp:ItemPickupable	1080	bait (9)	mono_string_candidate
Fishing Net	level2	1160308	11	7485	Assembly-CSharp:ItemPickupable	1084	net	mono_string_candidate
Captain Whiskers	level2	1160724	16	7490	Assembly-CSharp:ItemPickupable	1088	Cat1	mono_string_candidate
Captain Whiskers	level2	1160884	16	7492	Assembly-CSharp:ItemPickupable	1098	Cat1 (2)	mono_string_candidate
Food	level2	1161092	4	7495	Assembly-CSharp:ItemPickupable	1109	food_fish (15)	mono_string_candidate
Flashlight	level2	1161300	10	7498	Assembly-CSharp:ItemPickupable	1127	flashlight (2)	mono_string_candidate
Flashlight	level2	1161460	10	7500	Assembly-CSharp:ItemPickupable	1130	flashlight	mono_string_candidate
Food	level2	1161620	4	7502	Assembly-CSharp:ItemPickupable	1131	food_fish (1)	mono_string_candidate
Bait	level2	1161908	4	7505	Assembly-CSharp:ItemPickupable	1148	bait	mono_string_candidate
Swim Ring	level2	1162052	9	7507	Assembly-CSharp:ItemPickupable	1161	swimming_belt (2)	mono_string_candidate
Food	level2	1162212	4	7509	Assembly-CSharp:ItemPickupable	1168	food_fish (26)	mono_string_candidate
Harpoon Gun	level2	1162388	11	7512	Assembly-CSharp:ItemPickupable	1174	hookgun (2)	mono_string_candidate
Frederik	level2	1163412	8	7522	Assembly-CSharp:ItemPickupable	1247	Man1 (3)	mono_string_candidate
Swim Ring	level2	1164484	9	7530	Assembly-CSharp:ItemPickupable	1256	swimming_belt (3)	mono_string_candidate
Fishing Net	level2	1164644	11	7532	Assembly-CSharp:ItemPickupable	1258	net (3)	mono_string_candidate
First Aid Kit	level2	1164804	13	7534	Assembly-CSharp:ItemPickupable	1266	firstaidkit (4)	mono_string_candidate
Captain Whiskers	level2	1165492	16	7540	Assembly-CSharp:ItemPickupable	1297	Cat1 (3)	mono_string_candidate
Umbrella	level2	1168100	8	7542	Assembly-CSharp:ItemPickupable	1309	umbrella (1)	mono_string_candidate
Bait	level2	1168308	4	7545	Assembly-CSharp:ItemPickupable	1329	bait (6)	mono_string_candidate
Food	level2	1168516	4	7548	Assembly-CSharp:ItemPickupable	1345	food_fish (29)	mono_string_candidate
Map	level2	1168804	3	7551	Assembly-CSharp:ItemPickupable	1360	map (3)	mono_string_candidate
Compass	level2	1169012	7	7554	Assembly-CSharp:ItemPickupable	1363	compass (3)	mono_string_candidate
Flare Gun	level2	1169156	9	7556	Assembly-CSharp:ItemPickupable	1366	flaregun (3)	mono_string_candidate
Food	level2	1169316	4	7558	Assembly-CSharp:ItemPickupable	1372	food_fish (12)	mono_string_candidate
Bait	level2	1169460	4	7560	Assembly-CSharp:ItemPickupable	1374	bait (8)	mono_string_candidate
Food	level2	1169892	4	7564	Assembly-CSharp:ItemPickupable	1384	food_fish (19)	mono_string_candidate
Bucket	level2	1170164	6	7568	Assembly-CSharp:ItemPickupable	1418	bucket	mono_string_candidate
Food	level2	1170308	4	7570	Assembly-CSharp:ItemPickupable	1425	food_fish (11)	mono_string_candidate
Bucket	level2	1170676	6	7574	Assembly-CSharp:ItemPickupable	1436	bucket (1)	mono_string_candidate
Row	level2	1170820	3	7576	Assembly-CSharp:ItemPickupable	1444	Who1 (1)	mono_string_candidate
Duct Tape	level2	1170884	9	7577	Assembly-CSharp:ItemPickupable	1445	ducttape (3)	mono_string_candidate
Food	level2	1171044	4	7579	Assembly-CSharp:ItemPickupable	1446	food_fish	mono_string_candidate
Food	level2	1171364	4	7583	Assembly-CSharp:ItemPickupable	1479	food_fish (32)	mono_string_candidate
Normal	level2	1174264	6	7586	UnityEngine.UI:UnityEngine.UI.Toggle	2606	Toggle	mono_string_candidate
Highlighted	level2	1174276	11	7586	UnityEngine.UI:UnityEngine.UI.Toggle	2606	Toggle	mono_string_candidate
Pressed	level2	1174292	7	7586	UnityEngine.UI:UnityEngine.UI.Toggle	2606	Toggle	mono_string_candidate
Selected	level2	1174304	8	7586	UnityEngine.UI:UnityEngine.UI.Toggle	2606	Toggle	mono_string_candidate
Disabled	level2	1174316	8	7586	UnityEngine.UI:UnityEngine.UI.Toggle	2606	Toggle	mono_string_candidate
SettingsMenu, Assembly-CSharp	level2	1174388	29	7586	UnityEngine.UI:UnityEngine.UI.Toggle	2606	Toggle	mono_string_candidate
UpdateInstantClick	level2	1174424	18	7586	UnityEngine.UI:UnityEngine.UI.Toggle	2606	Toggle	mono_string_candidate
UnityEngine.Object, UnityEngine	level2	1174464	31	7586	UnityEngine.UI:UnityEngine.UI.Toggle	2606	Toggle	mono_string_candidate
Normal	level2	1174904	6	7588	Unity.TextMeshPro:TMPro.TMP_Dropdown	2368	Dropdown	mono_string_candidate
Highlighted	level2	1174916	11	7588	Unity.TextMeshPro:TMPro.TMP_Dropdown	2368	Dropdown	mono_string_candidate
Pressed	level2	1174932	7	7588	Unity.TextMeshPro:TMPro.TMP_Dropdown	2368	Dropdown	mono_string_candidate
Selected	level2	1174944	8	7588	Unity.TextMeshPro:TMPro.TMP_Dropdown	2368	Dropdown	mono_string_candidate
Disabled	level2	1174956	8	7588	Unity.TextMeshPro:TMPro.TMP_Dropdown	2368	Dropdown	mono_string_candidate
SettingsMenu, Assembly-CSharp	level2	1175128	29	7588	Unity.TextMeshPro:TMPro.TMP_Dropdown	2368	Dropdown	mono_string_candidate
ApplyResolution	level2	1175164	15	7588	Unity.TextMeshPro:TMPro.TMP_Dropdown	2368	Dropdown	mono_string_candidate
UnityEngine.Object, UnityEngine	level2	1175200	31	7588	Unity.TextMeshPro:TMPro.TMP_Dropdown	2368	Dropdown	mono_string_candidate
Normal	level2	1175672	6	7591	UnityEngine.UI:UnityEngine.UI.Slider	1555	Slider	mono_string_candidate
Highlighted	level2	1175684	11	7591	UnityEngine.UI:UnityEngine.UI.Slider	1555	Slider	mono_string_candidate
Pressed	level2	1175700	7	7591	UnityEngine.UI:UnityEngine.UI.Slider	1555	Slider	mono_string_candidate
Selected	level2	1175712	8	7591	UnityEngine.UI:UnityEngine.UI.Slider	1555	Slider	mono_string_candidate
Disabled	level2	1175724	8	7591	UnityEngine.UI:UnityEngine.UI.Slider	1555	Slider	mono_string_candidate
SettingsMenu, Assembly-CSharp	level2	1175812	29	7591	UnityEngine.UI:UnityEngine.UI.Slider	1555	Slider	mono_string_candidate
UpdateMousesens	level2	1175848	15	7591	UnityEngine.UI:UnityEngine.UI.Slider	1555	Slider	mono_string_candidate
UnityEngine.Object, UnityEngine	level2	1175884	31	7591	UnityEngine.UI:UnityEngine.UI.Slider	1555	Slider	mono_string_candidate
Normal	level2	1177272	6	7602	Unity.TextMeshPro:TMPro.TMP_InputField	2186	InputField (TMP)	mono_string_candidate
Highlighted	level2	1177284	11	7602	Unity.TextMeshPro:TMPro.TMP_InputField	2186	InputField (TMP)	mono_string_candidate
Pressed	level2	1177300	7	7602	Unity.TextMeshPro:TMPro.TMP_InputField	2186	InputField (TMP)	mono_string_candidate
Selected	level2	1177312	8	7602	Unity.TextMeshPro:TMPro.TMP_InputField	2186	InputField (TMP)	mono_string_candidate
Disabled	level2	1177324	8	7602	Unity.TextMeshPro:TMPro.TMP_InputField	2186	InputField (TMP)	mono_string_candidate
Normal	level2	1177848	6	7603	UnityEngine.UI:UnityEngine.UI.Slider	1943	Slider	mono_string_candidate
Highlighted	level2	1177860	11	7603	UnityEngine.UI:UnityEngine.UI.Slider	1943	Slider	mono_string_candidate
Pressed	level2	1177876	7	7603	UnityEngine.UI:UnityEngine.UI.Slider	1943	Slider	mono_string_candidate
Selected	level2	1177888	8	7603	UnityEngine.UI:UnityEngine.UI.Slider	1943	Slider	mono_string_candidate
Disabled	level2	1177900	8	7603	UnityEngine.UI:UnityEngine.UI.Slider	1943	Slider	mono_string_candidate
SettingsMenu, Assembly-CSharp	level2	1177988	29	7603	UnityEngine.UI:UnityEngine.UI.Slider	1943	Slider	mono_string_candidate
UpdateVolumeMaster	level2	1178024	18	7603	UnityEngine.UI:UnityEngine.UI.Slider	1943	Slider	mono_string_candidate
UnityEngine.Object, UnityEngine	level2	1178064	31	7603	UnityEngine.UI:UnityEngine.UI.Slider	1943	Slider	mono_string_candidate
SettingsMenu, Assembly-CSharp	level2	1178132	29	7603	UnityEngine.UI:UnityEngine.UI.Slider	1943	Slider	mono_string_candidate
UpdateVolumeMaster	level2	1178168	18	7603	UnityEngine.UI:UnityEngine.UI.Slider	1943	Slider	mono_string_candidate
UnityEngine.Object, UnityEngine	level2	1178208	31	7603	UnityEngine.UI:UnityEngine.UI.Slider	1943	Slider	mono_string_candidate
Normal	level2	1178504	6	7604	UnityEngine.UI:UnityEngine.UI.Slider	2212	Slider	mono_string_candidate
Highlighted	level2	1178516	11	7604	UnityEngine.UI:UnityEngine.UI.Slider	2212	Slider	mono_string_candidate
Pressed	level2	1178532	7	7604	UnityEngine.UI:UnityEngine.UI.Slider	2212	Slider	mono_string_candidate
Selected	level2	1178544	8	7604	UnityEngine.UI:UnityEngine.UI.Slider	2212	Slider	mono_string_candidate
Disabled	level2	1178556	8	7604	UnityEngine.UI:UnityEngine.UI.Slider	2212	Slider	mono_string_candidate
SettingsMenu, Assembly-CSharp	level2	1178644	29	7604	UnityEngine.UI:UnityEngine.UI.Slider	2212	Slider	mono_string_candidate
UpdateBrightness	level2	1178680	16	7604	UnityEngine.UI:UnityEngine.UI.Slider	2212	Slider	mono_string_candidate
UnityEngine.Object, UnityEngine	level2	1178716	31	7604	UnityEngine.UI:UnityEngine.UI.Slider	2212	Slider	mono_string_candidate
Normal	level2	1179000	6	7605	UnityEngine.UI:UnityEngine.UI.Button	2576	Settings	mono_string_candidate
Highlighted	level2	1179012	11	7605	UnityEngine.UI:UnityEngine.UI.Button	2576	Settings	mono_string_candidate
Pressed	level2	1179028	7	7605	UnityEngine.UI:UnityEngine.UI.Button	2576	Settings	mono_string_candidate
Selected	level2	1179040	8	7605	UnityEngine.UI:UnityEngine.UI.Button	2576	Settings	mono_string_candidate
Disabled	level2	1179052	8	7605	UnityEngine.UI:UnityEngine.UI.Button	2576	Settings	mono_string_candidate
PauseMenu, Assembly-CSharp	level2	1179096	26	7605	UnityEngine.UI:UnityEngine.UI.Button	2576	Settings	mono_string_candidate
OpenSettings	level2	1179128	12	7605	UnityEngine.UI:UnityEngine.UI.Button	2576	Settings	mono_string_candidate
UnityEngine.Object, UnityEngine	level2	1179160	31	7605	UnityEngine.UI:UnityEngine.UI.Button	2576	Settings	mono_string_candidate
Normal	level2	1179880	6	7609	UnityEngine.UI:UnityEngine.UI.Button	2310	SettingsPanel_Reset	mono_string_candidate
Highlighted	level2	1179892	11	7609	UnityEngine.UI:UnityEngine.UI.Button	2310	SettingsPanel_Reset	mono_string_candidate
Pressed	level2	1179908	7	7609	UnityEngine.UI:UnityEngine.UI.Button	2310	SettingsPanel_Reset	mono_string_candidate
Selected	level2	1179920	8	7609	UnityEngine.UI:UnityEngine.UI.Button	2310	SettingsPanel_Reset	mono_string_candidate
Disabled	level2	1179932	8	7609	UnityEngine.UI:UnityEngine.UI.Button	2310	SettingsPanel_Reset	mono_string_candidate
SettingsMenu, Assembly-CSharp	level2	1179976	29	7609	UnityEngine.UI:UnityEngine.UI.Button	2310	SettingsPanel_Reset	mono_string_candidate
RestoreDefaultSettings	level2	1180012	22	7609	UnityEngine.UI:UnityEngine.UI.Button	2310	SettingsPanel_Reset	mono_string_candidate
UnityEngine.Object, UnityEngine	level2	1180056	31	7609	UnityEngine.UI:UnityEngine.UI.Button	2310	SettingsPanel_Reset	mono_string_candidate
Normal	level2	1182328	6	7624	UnityEngine.UI:UnityEngine.UI.Slider	1900	Slider	mono_string_candidate
Highlighted	level2	1182340	11	7624	UnityEngine.UI:UnityEngine.UI.Slider	1900	Slider	mono_string_candidate
Pressed	level2	1182356	7	7624	UnityEngine.UI:UnityEngine.UI.Slider	1900	Slider	mono_string_candidate
Selected	level2	1182368	8	7624	UnityEngine.UI:UnityEngine.UI.Slider	1900	Slider	mono_string_candidate
Disabled	level2	1182380	8	7624	UnityEngine.UI:UnityEngine.UI.Slider	1900	Slider	mono_string_candidate
SettingsMenu, Assembly-CSharp	level2	1182468	29	7624	UnityEngine.UI:UnityEngine.UI.Slider	1900	Slider	mono_string_candidate
UpdateVolumeSFX	level2	1182504	15	7624	UnityEngine.UI:UnityEngine.UI.Slider	1900	Slider	mono_string_candidate
UnityEngine.Object, UnityEngine	level2	1182540	31	7624	UnityEngine.UI:UnityEngine.UI.Slider	1900	Slider	mono_string_candidate
SettingsMenu, Assembly-CSharp	level2	1182608	29	7624	UnityEngine.UI:UnityEngine.UI.Slider	1900	Slider	mono_string_candidate
UpdateVolumeSFX	level2	1182644	15	7624	UnityEngine.UI:UnityEngine.UI.Slider	1900	Slider	mono_string_candidate
UnityEngine.Object, UnityEngine	level2	1182680	31	7624	UnityEngine.UI:UnityEngine.UI.Slider	1900	Slider	mono_string_candidate
Normal	level2	1184168	6	7635	UnityEngine.UI:UnityEngine.UI.Button	2564	yes	mono_string_candidate
Highlighted	level2	1184180	11	7635	UnityEngine.UI:UnityEngine.UI.Button	2564	yes	mono_string_candidate
Pressed	level2	1184196	7	7635	UnityEngine.UI:UnityEngine.UI.Button	2564	yes	mono_string_candidate
Selected	level2	1184208	8	7635	UnityEngine.UI:UnityEngine.UI.Button	2564	yes	mono_string_candidate
Disabled	level2	1184220	8	7635	UnityEngine.UI:UnityEngine.UI.Button	2564	yes	mono_string_candidate
SettingsMenu, Assembly-CSharp	level2	1184264	29	7635	UnityEngine.UI:UnityEngine.UI.Button	2564	yes	mono_string_candidate
ConfirmResolution	level2	1184300	17	7635	UnityEngine.UI:UnityEngine.UI.Button	2564	yes	mono_string_candidate
UnityEngine.Object, UnityEngine	level2	1184340	31	7635	UnityEngine.UI:UnityEngine.UI.Button	2564	yes	mono_string_candidate
Normal	level2	1186888	6	7653	UnityEngine.UI:UnityEngine.UI.Slider	2647	Slider	mono_string_candidate
Highlighted	level2	1186900	11	7653	UnityEngine.UI:UnityEngine.UI.Slider	2647	Slider	mono_string_candidate
Pressed	level2	1186916	7	7653	UnityEngine.UI:UnityEngine.UI.Slider	2647	Slider	mono_string_candidate
Selected	level2	1186928	8	7653	UnityEngine.UI:UnityEngine.UI.Slider	2647	Slider	mono_string_candidate
Disabled	level2	1186940	8	7653	UnityEngine.UI:UnityEngine.UI.Slider	2647	Slider	mono_string_candidate
SettingsMenu, Assembly-CSharp	level2	1187028	29	7653	UnityEngine.UI:UnityEngine.UI.Slider	2647	Slider	mono_string_candidate
UpdateVolumeMusic	level2	1187064	17	7653	UnityEngine.UI:UnityEngine.UI.Slider	2647	Slider	mono_string_candidate
UnityEngine.Object, UnityEngine	level2	1187104	31	7653	UnityEngine.UI:UnityEngine.UI.Slider	2647	Slider	mono_string_candidate
SettingsMenu, Assembly-CSharp	level2	1187172	29	7653	UnityEngine.UI:UnityEngine.UI.Slider	2647	Slider	mono_string_candidate
UpdateVolumeMusic	level2	1187208	17	7653	UnityEngine.UI:UnityEngine.UI.Slider	2647	Slider	mono_string_candidate
UnityEngine.Object, UnityEngine	level2	1187248	31	7653	UnityEngine.UI:UnityEngine.UI.Slider	2647	Slider	mono_string_candidate
Normal	level2	1187544	6	7654	UnityEngine.UI:UnityEngine.UI.Button	2221	Quit	mono_string_candidate
Highlighted	level2	1187556	11	7654	UnityEngine.UI:UnityEngine.UI.Button	2221	Quit	mono_string_candidate
Pressed	level2	1187572	7	7654	UnityEngine.UI:UnityEngine.UI.Button	2221	Quit	mono_string_candidate
Selected	level2	1187584	8	7654	UnityEngine.UI:UnityEngine.UI.Button	2221	Quit	mono_string_candidate
Disabled	level2	1187596	8	7654	UnityEngine.UI:UnityEngine.UI.Button	2221	Quit	mono_string_candidate
PauseMenu, Assembly-CSharp	level2	1187640	26	7654	UnityEngine.UI:UnityEngine.UI.Button	2221	Quit	mono_string_candidate
QuitGame	level2	1187672	8	7654	UnityEngine.UI:UnityEngine.UI.Button	2221	Quit	mono_string_candidate
UnityEngine.Object, UnityEngine	level2	1187700	31	7654	UnityEngine.UI:UnityEngine.UI.Button	2221	Quit	mono_string_candidate
Assets/UniStorm Weather System/Resources/Components/Resources/UniStorm Data.asset	level2	1188048	81	7655	Assembly-CSharp:UniStorm.UniStormSystem	2188	UniStorm URP System	mono_string_candidate
Player	level2	1188184	6	7655	Assembly-CSharp:UniStorm.UniStormSystem	2188	UniStorm URP System	mono_string_candidate
FPS Player	level2	1188196	10	7655	Assembly-CSharp:UniStorm.UniStormSystem	2188	UniStorm URP System	mono_string_candidate
MainCamera	level2	1188212	10	7655	Assembly-CSharp:UniStorm.UniStormSystem	2188	UniStorm URP System	mono_string_candidate
Main Camera	level2	1188228	11	7655	Assembly-CSharp:UniStorm.UniStormSystem	2188	UniStorm URP System	mono_string_candidate
Respawn	level2	1191196	7	7655	Assembly-CSharp:UniStorm.UniStormSystem	2188	UniStorm URP System	mono_string_candidate
Respawn	level2	1191332	7	7655	Assembly-CSharp:UniStorm.UniStormSystem	2188	UniStorm URP System	mono_string_candidate
Normal	level2	1200344	6	7660	UnityEngine.UI:UnityEngine.UI.Button	2098	Accept	mono_string_candidate
Highlighted	level2	1200356	11	7660	UnityEngine.UI:UnityEngine.UI.Button	2098	Accept	mono_string_candidate
Pressed	level2	1200372	7	7660	UnityEngine.UI:UnityEngine.UI.Button	2098	Accept	mono_string_candidate
Selected	level2	1200384	8	7660	UnityEngine.UI:UnityEngine.UI.Button	2098	Accept	mono_string_candidate
Disabled	level2	1200396	8	7660	UnityEngine.UI:UnityEngine.UI.Button	2098	Accept	mono_string_candidate
game_controller, Assembly-CSharp	level2	1200440	32	7660	UnityEngine.UI:UnityEngine.UI.Button	2098	Accept	mono_string_candidate
UnityEngine.Object, UnityEngine	level2	1200512	31	7660	UnityEngine.UI:UnityEngine.UI.Button	2098	Accept	mono_string_candidate
Dead by the Sea.	level2	1202780	16	7671	Assembly-CSharp:game_controller	1582	GameController	mono_string_candidate
Your friend is sleeping with the fishes.	level2	1203352	40	7671	Assembly-CSharp:game_controller	1582	GameController	mono_string_candidate
You lost an item to the sea.	level2	1203396	28	7671	Assembly-CSharp:game_controller	1582	GameController	mono_string_candidate
Something broke during the night.	level2	1203428	33	7671	Assembly-CSharp:game_controller	1582	GameController	mono_string_candidate
You did not sleep very well.	level2	1203468	28	7671	Assembly-CSharp:game_controller	1582	GameController	mono_string_candidate
You feel weak.	level2	1203500	14	7671	Assembly-CSharp:game_controller	1582	GameController	mono_string_candidate
Help may be on the way...	level2	1203520	25	7671	Assembly-CSharp:game_controller	1582	GameController	mono_string_candidate
Normal	level2	1205464	6	7682	UnityEngine.UI:UnityEngine.UI.Scrollbar	2586	Scrollbar	mono_string_candidate
Highlighted	level2	1205476	11	7682	UnityEngine.UI:UnityEngine.UI.Scrollbar	2586	Scrollbar	mono_string_candidate
Pressed	level2	1205492	7	7682	UnityEngine.UI:UnityEngine.UI.Scrollbar	2586	Scrollbar	mono_string_candidate
Selected	level2	1205504	8	7682	UnityEngine.UI:UnityEngine.UI.Scrollbar	2586	Scrollbar	mono_string_candidate
Disabled	level2	1205516	8	7682	UnityEngine.UI:UnityEngine.UI.Scrollbar	2586	Scrollbar	mono_string_candidate
Normal	level2	1205816	6	7683	UnityEngine.UI:UnityEngine.UI.Button	1504	no	mono_string_candidate
Highlighted	level2	1205828	11	7683	UnityEngine.UI:UnityEngine.UI.Button	1504	no	mono_string_candidate
Pressed	level2	1205844	7	7683	UnityEngine.UI:UnityEngine.UI.Button	1504	no	mono_string_candidate
Selected	level2	1205856	8	7683	UnityEngine.UI:UnityEngine.UI.Button	1504	no	mono_string_candidate
Disabled	level2	1205868	8	7683	UnityEngine.UI:UnityEngine.UI.Button	1504	no	mono_string_candidate
SettingsMenu, Assembly-CSharp	level2	1205912	29	7683	UnityEngine.UI:UnityEngine.UI.Button	1504	no	mono_string_candidate
RevertResolution	level2	1205948	16	7683	UnityEngine.UI:UnityEngine.UI.Button	1504	no	mono_string_candidate
UnityEngine.Object, UnityEngine	level2	1205984	31	7683	UnityEngine.UI:UnityEngine.UI.Button	1504	no	mono_string_candidate
Normal	level2	1207176	6	7693	UnityEngine.UI:UnityEngine.UI.Button	2027	Resume	mono_string_candidate
Highlighted	level2	1207188	11	7693	UnityEngine.UI:UnityEngine.UI.Button	2027	Resume	mono_string_candidate
Pressed	level2	1207204	7	7693	UnityEngine.UI:UnityEngine.UI.Button	2027	Resume	mono_string_candidate
Selected	level2	1207216	8	7693	UnityEngine.UI:UnityEngine.UI.Button	2027	Resume	mono_string_candidate
Disabled	level2	1207228	8	7693	UnityEngine.UI:UnityEngine.UI.Button	2027	Resume	mono_string_candidate
PauseMenu, Assembly-CSharp	level2	1207272	26	7693	UnityEngine.UI:UnityEngine.UI.Button	2027	Resume	mono_string_candidate
Resume	level2	1207304	6	7693	UnityEngine.UI:UnityEngine.UI.Button	2027	Resume	mono_string_candidate
UnityEngine.Object, UnityEngine	level2	1207332	31	7693	UnityEngine.UI:UnityEngine.UI.Button	2027	Resume	mono_string_candidate
Normal	level2	1207624	6	7694	UnityEngine.UI:UnityEngine.UI.Button	1751	RunButton	mono_string_candidate
Highlighted	level2	1207636	11	7694	UnityEngine.UI:UnityEngine.UI.Button	1751	RunButton	mono_string_candidate
Pressed	level2	1207652	7	7694	UnityEngine.UI:UnityEngine.UI.Button	1751	RunButton	mono_string_candidate
Selected	level2	1207664	8	7694	UnityEngine.UI:UnityEngine.UI.Button	1751	RunButton	mono_string_candidate
Disabled	level2	1207676	8	7694	UnityEngine.UI:UnityEngine.UI.Button	1751	RunButton	mono_string_candidate
game_controller, Assembly-CSharp	level2	1207720	32	7694	UnityEngine.UI:UnityEngine.UI.Button	1751	RunButton	mono_string_candidate
UnityEngine.Object, UnityEngine	level2	1207792	31	7694	UnityEngine.UI:UnityEngine.UI.Button	1751	RunButton	mono_string_candidate
Normal	level2	1208232	6	7696	Unity.TextMeshPro:TMPro.TMP_InputField	1887	InputNightResult	mono_string_candidate
Highlighted	level2	1208244	11	7696	Unity.TextMeshPro:TMPro.TMP_InputField	1887	InputNightResult	mono_string_candidate
Pressed	level2	1208260	7	7696	Unity.TextMeshPro:TMPro.TMP_InputField	1887	InputNightResult	mono_string_candidate
Selected	level2	1208272	8	7696	Unity.TextMeshPro:TMPro.TMP_InputField	1887	InputNightResult	mono_string_candidate
Disabled	level2	1208284	8	7696	Unity.TextMeshPro:TMPro.TMP_InputField	1887	InputNightResult	mono_string_candidate
Normal	level2	1209592	6	7705	UnityEngine.UI:UnityEngine.UI.Button	2016	BackToMenu	mono_string_candidate
Highlighted	level2	1209604	11	7705	UnityEngine.UI:UnityEngine.UI.Button	2016	BackToMenu	mono_string_candidate
Pressed	level2	1209620	7	7705	UnityEngine.UI:UnityEngine.UI.Button	2016	BackToMenu	mono_string_candidate
Selected	level2	1209632	8	7705	UnityEngine.UI:UnityEngine.UI.Button	2016	BackToMenu	mono_string_candidate
Disabled	level2	1209644	8	7705	UnityEngine.UI:UnityEngine.UI.Button	2016	BackToMenu	mono_string_candidate
PauseMenu, Assembly-CSharp	level2	1209688	26	7705	UnityEngine.UI:UnityEngine.UI.Button	2016	BackToMenu	mono_string_candidate
BackToMenu	level2	1209720	10	7705	UnityEngine.UI:UnityEngine.UI.Button	2016	BackToMenu	mono_string_candidate
UnityEngine.Object, UnityEngine	level2	1209752	31	7705	UnityEngine.UI:UnityEngine.UI.Button	2016	BackToMenu	mono_string_candidate
Normal	level2	1211608	6	7721	UnityEngine.UI:UnityEngine.UI.Toggle	2219	Item	mono_string_candidate
Highlighted	level2	1211620	11	7721	UnityEngine.UI:UnityEngine.UI.Toggle	2219	Item	mono_string_candidate
Pressed	level2	1211636	7	7721	UnityEngine.UI:UnityEngine.UI.Toggle	2219	Item	mono_string_candidate
Selected	level2	1211648	8	7721	UnityEngine.UI:UnityEngine.UI.Toggle	2219	Item	mono_string_candidate
Disabled	level2	1211660	8	7721	UnityEngine.UI:UnityEngine.UI.Toggle	2219	Item	mono_string_candidate
Heal?	level3	802252	5	4294	Unity.TextMeshPro:TMPro.TextMeshProUGUI	22	text_use	tmp_m_text
I am fully rested!	level3	802780	18	4295	Unity.TextMeshPro:TMPro.TextMeshProUGUI	32	mood_info	tmp_m_text
Get the Crate!	level3	803324	14	4296	Unity.TextMeshPro:TMPro.TextMeshProUGUI	38	myself_txt	tmp_m_text
+1	level3	803852	2	4297	Unity.TextMeshPro:TMPro.TextMeshProUGUI	42	IconText	tmp_m_text
Distance: 999m	level3	804380	14	4298	Unity.TextMeshPro:TMPro.TextMeshProUGUI	45	distance_text	tmp_m_text
Your search did not yield results.	level3	804908	34	4299	Unity.TextMeshPro:TMPro.TextMeshProUGUI	72	ItemText	tmp_m_text
Yes	level3	805468	3	4300	Unity.TextMeshPro:TMPro.TextMeshProUGUI	78	Text (TMP)	tmp_m_text
Frederik does not feel well...	level3	805996	30	4301	Unity.TextMeshPro:TMPro.TextMeshProUGUI	86	friendtootired_txt	tmp_m_text
Boost eating?	level3	806540	13	4302	Unity.TextMeshPro:TMPro.TextMeshProUGUI	105	text_use	tmp_m_text
Items Broken	level3	807068	12	4303	Unity.TextMeshPro:TMPro.TextMeshProUGUI	113	Title	tmp_m_text
Fix with tape!	level3	807596	14	4304	Unity.TextMeshPro:TMPro.TextMeshProUGUI	140	click_to_fix	tmp_m_text
You found a chest!	level3	808124	18	4305	Unity.TextMeshPro:TMPro.TextMeshProUGUI	169	ItemText	tmp_m_text
Frederick	level3	808668	9	4306	Unity.TextMeshPro:TMPro.TextMeshProUGUI	174	Name	tmp_m_text
Lonely	level3	809196	6	4307	Unity.TextMeshPro:TMPro.TextMeshProUGUI	189	Text (TMP)	tmp_m_text
A New Day	level3	809724	9	4308	Unity.TextMeshPro:TMPro.TextMeshProUGUI	237	NightText	tmp_m_text
<	level3	810252	1	4309	Unity.TextMeshPro:TMPro.TextMeshProUGUI	253	Text (TMP)	tmp_m_text
<b>Weight:</b> 0.5kg	level3	810780	20	4310	Unity.TextMeshPro:TMPro.TextMeshProUGUI	265	bottom	tmp_m_text
Bait Consumed	level3	811324	13	4311	Unity.TextMeshPro:TMPro.TextMeshProUGUI	270	bait_consumed	tmp_m_text
Sick	level3	811852	4	4312	Unity.TextMeshPro:TMPro.TextMeshProUGUI	300	Text (TMP)	tmp_m_text
Boat Damaged	level3	812380	12	4313	Unity.TextMeshPro:TMPro.TextMeshProUGUI	305	Title	tmp_m_text
You spent a short time underwater.	level3	812908	34	4314	Unity.TextMeshPro:TMPro.TextMeshProUGUI	316	ItemText	tmp_m_text
+1	level3	813468	2	4315	Unity.TextMeshPro:TMPro.TextMeshProUGUI	340	countText	tmp_m_text
Try diving for resources?	level3	813996	25	4316	Unity.TextMeshPro:TMPro.TextMeshProUGUI	343	Title	tmp_m_text
Click to continue	level3	814540	17	4317	Unity.TextMeshPro:TMPro.TextMeshProUGUI	366	ClickToContinue	tmp_m_text
Scuba set was damaged in the process.	level3	815084	37	4318	Unity.TextMeshPro:TMPro.TextMeshProUGUI	381	ItemText	tmp_m_text
Already healthy!	level3	815644	16	4319	Unity.TextMeshPro:TMPro.TextMeshProUGUI	389	AlreadyHealthytext	tmp_m_text
Talk?	level3	816172	5	4320	Unity.TextMeshPro:TMPro.TextMeshProUGUI	404	text_use	tmp_m_text
>	level3	816700	1	4321	Unity.TextMeshPro:TMPro.TextMeshProUGUI	415	Text (TMP)	tmp_m_text
You found food.	level3	817228	15	4322	Unity.TextMeshPro:TMPro.TextMeshProUGUI	419	ItemText	tmp_m_text
What are you going to do?	level3	817756	25	4323	Unity.TextMeshPro:TMPro.TextMeshProUGUI	420	Title	tmp_m_text
Click To Continue	level3	818300	17	4324	Unity.TextMeshPro:TMPro.TextMeshProUGUI	432	ClickToContinue	tmp_m_text
"Something broke during the night."	level3	818844	34	4325	Unity.TextMeshPro:TMPro.TextMeshProUGUI	444	NoticeText	tmp_m_text
Close Journal	level3	819404	13	4326	Unity.TextMeshPro:TMPro.TextMeshProUGUI	449	Text (TMP)	tmp_m_text
New Entry!	level3	819932	10	4327	Unity.TextMeshPro:TMPro.TextMeshProUGUI	500	new_entry	tmp_m_text
#9	level3	820460	2	4328	Unity.TextMeshPro:TMPro.TextMeshProUGUI	501	EntryText	tmp_m_text
Items Lost	level3	820988	10	4329	Unity.TextMeshPro:TMPro.TextMeshProUGUI	533	Title	tmp_m_text
+1	level3	821516	2	4330	Unity.TextMeshPro:TMPro.TextMeshProUGUI	547	IconText	tmp_m_text
Do you accept?	level3	822044	14	4331	Unity.TextMeshPro:TMPro.TextMeshProUGUI	582	ChoiceText	tmp_m_text
Let Frederik handle it!	level3	822572	23	4332	Unity.TextMeshPro:TMPro.TextMeshProUGUI	600	friend_txt	tmp_m_text
Found Inside:	level3	823116	13	4333	Unity.TextMeshPro:TMPro.TextMeshProUGUI	606	Title	tmp_m_text
Continue	level3	823644	8	4334	Unity.TextMeshPro:TMPro.TextMeshProUGUI	610	cancel_txt	tmp_m_text
You hurt yourself while searching.	level3	824172	34	4335	Unity.TextMeshPro:TMPro.TextMeshProUGUI	612	ItemText	tmp_m_text
<b>Red Snapper</b> <i>(+1 Food!)</i>	level3	824732	36	4336	Unity.TextMeshPro:TMPro.TextMeshProUGUI	617	top	tmp_m_text
Full already!	level3	825292	13	4337	Unity.TextMeshPro:TMPro.TextMeshProUGUI	678	AlreadyFullText	tmp_m_text
Nails Left: 4	level3	825820	13	4338	Unity.TextMeshPro:TMPro.TextMeshProUGUI	686	NoticeText	tmp_m_text
Go To Sleep?	level3	826348	12	4339	Unity.TextMeshPro:TMPro.TextMeshProUGUI	692	Text (TMP)	tmp_m_text
No	level3	826876	2	4340	Unity.TextMeshPro:TMPro.TextMeshProUGUI	702	Text (TMP)	tmp_m_text
End Day	level3	827404	7	4341	Unity.TextMeshPro:TMPro.TextMeshProUGUI	740	Text (TMP)	tmp_m_text
Do it!	level3	827932	6	4342	Unity.TextMeshPro:TMPro.TextMeshProUGUI	742	Text (TMP)	tmp_m_text
Prepare Bait	level3	828460	12	4343	Unity.TextMeshPro:TMPro.TextMeshProUGUI	757	SpecialityText	tmp_m_text
Write using your Mouse...	level3	828988	25	4344	Unity.TextMeshPro:TMPro.TextMeshProUGUI	765	PaperHeader	tmp_m_text
No New Entry	level3	829532	12	4345	Unity.TextMeshPro:TMPro.TextMeshProUGUI	766	no_new_entry	tmp_m_text
Cancel	level3	830060	6	4346	Unity.TextMeshPro:TMPro.TextMeshProUGUI	767	Text (TMP)	tmp_m_text
+10	level3	830588	3	4347	Unity.TextMeshPro:TMPro.TextMeshProUGUI	778	IconText	tmp_m_text
-25%	level3	831116	4	4348	Unity.TextMeshPro:TMPro.TextMeshProUGUI	780	Text	tmp_m_text
Hungry	level3	831644	6	4349	Unity.TextMeshPro:TMPro.TextMeshProUGUI	791	Text (TMP)	tmp_m_text
Not enough energy...	level3	832172	20	4350	Unity.TextMeshPro:TMPro.TextMeshProUGUI	805	myselfcannot_txt	tmp_m_text
Items Found	level3	832716	11	4351	Unity.TextMeshPro:TMPro.TextMeshProUGUI	824	Title	tmp_m_text
You found bait.	level3	833244	15	4352	Unity.TextMeshPro:TMPro.TextMeshProUGUI	837	ItemText	tmp_m_text
Well, there goes Dorothy…<br>I’m the only one left, stuck on this old junk of a lifeboat.<br>I have no idea what struck our ship, and judging by the sound, I honestly don’t want to find out.<br>Now all I can do is survive as long as I need. I’m sure help will come soon.	level3	833772	278	4353	Unity.TextMeshPro:TMPro.TextMeshProUGUI	851	NightDescription	tmp_m_text
I feel healthy!	level3	834572	15	4354	Unity.TextMeshPro:TMPro.TextMeshProUGUI	860	mood_info	tmp_m_text
!	level3	835100	1	4355	Unity.TextMeshPro:TMPro.TextMeshProUGUI	871	Text (TMP)	tmp_m_text
Open Journal?	level3	835628	13	4356	Unity.TextMeshPro:TMPro.TextMeshProUGUI	917	openjournal	tmp_m_text
Feed?	level3	836156	5	4357	Unity.TextMeshPro:TMPro.TextMeshProUGUI	920	text_use	tmp_m_text
I tried to bring some stuff with myself, too, but this is all I could get, look.	level3	836684	80	4358	Unity.TextMeshPro:TMPro.TextMeshProUGUI	939	DialogText	tmp_m_text
Search Results	level3	837276	14	4359	Unity.TextMeshPro:TMPro.TextMeshProUGUI	952	Title	tmp_m_text
-1	level3	837804	2	4360	Unity.TextMeshPro:TMPro.TextMeshProUGUI	955	countText	tmp_m_text
Eat Fish!	level3	838332	9	4361	Unity.TextMeshPro:TMPro.TextMeshProUGUI	972	CursorTipText_subText	tmp_m_text
Searching...	level3	838860	12	4362	Unity.TextMeshPro:TMPro.TextMeshProUGUI	981	Text (TMP)	tmp_m_text
Fish Food	level3	839388	9	4363	Unity.TextMeshPro:TMPro.TextMeshProUGUI	990	CursorTipText	tmp_m_text
I'm full!	level3	839916	9	4364	Unity.TextMeshPro:TMPro.TextMeshProUGUI	1014	mood_info	tmp_m_text
I have no helping hands...	level3	840444	26	4365	Unity.TextMeshPro:TMPro.TextMeshProUGUI	1020	friendcannot_txt	tmp_m_text
Cancel	level3	840988	6	4366	Unity.TextMeshPro:TMPro.TextMeshProUGUI	1050	cancel_txt	tmp_m_text
DEAD	level3	841516	4	4367	Unity.TextMeshPro:TMPro.TextMeshProUGUI	1079	Text (TMP)	tmp_m_text
Send	level3	842044	4	4368	Unity.TextMeshPro:TMPro.TextMeshProUGUI	1080	Text (TMP)	tmp_m_text
50%	level3	842572	3	4369	Unity.TextMeshPro:TMPro.TextMeshProUGUI	1390	SettingPercent	tmp_m_text
Keep new resolution?	level3	843100	20	4370	Unity.TextMeshPro:TMPro.TextMeshProUGUI	1247	keep_res_title	tmp_m_text
Back to Menu	level3	843644	12	4371	Unity.TextMeshPro:TMPro.TextMeshProUGUI	1111	txt	tmp_m_text
"kill
getfish
superhelp"	level3	844172	22	4372	Unity.TextMeshPro:TMPro.TextMeshProUGUI	1122	help	tmp_m_text
1920x1080	level3	844716	9	4373	Unity.TextMeshPro:TMPro.TextMeshProUGUI	1245	Label	tmp_m_text
Volume SFX	level3	845244	10	4374	Unity.TextMeshPro:TMPro.TextMeshProUGUI	1131	SettingName	tmp_m_text
Reverts automatically in: 10	level3	845772	28	4375	Unity.TextMeshPro:TMPro.TextMeshProUGUI	1143	reset_counter	tmp_m_text
Volume Music	level3	846316	12	4376	Unity.TextMeshPro:TMPro.TextMeshProUGUI	1164	SettingName	tmp_m_text
"itemgive-itemid-n
itemremove-itemid-n
itembreak-itemid
itemfix-itemid
damage-n
danger-n
dangerset-n
energy-n
hitfriendenergy-n
friendsick-n
curefriend
feedfriend
killfriend
addhappen-happenid,h,h…
adddistance-n
endgame-reason
itemremoverandom
itembreakrandom
notice-message
hitbait-n
"	level3	846844	305	4377	Unity.TextMeshPro:TMPro.TextMeshProUGUI	1345	help	tmp_m_text
Brightness	level3	847676	10	4378	Unity.TextMeshPro:TMPro.TextMeshProUGUI	1227	SettingName	tmp_m_text
(Removes the requirement of holding mouse button.)	level3	848204	50	4379	Unity.TextMeshPro:TMPro.TextMeshProUGUI	1356	SettingDesc	tmp_m_text
Enter text...	level3	848780	13	4380	Unity.TextMeshPro:TMPro.TextMeshProUGUI	1287	Placeholder	tmp_m_text
Settings	level3	849308	8	4381	Unity.TextMeshPro:TMPro.TextMeshProUGUI	1197	txt	tmp_m_text
| Created by: Taiki <i>(DopplerGhost)</i> | Special Thanks to: TakDor, Merlidan, Drael, and you! |	level3	849836	98	4382	Unity.TextMeshPro:TMPro.TextMeshProUGUI	1361	SettingName	tmp_m_text
100%	level3	850460	4	4383	Unity.TextMeshPro:TMPro.TextMeshProUGUI	1222	SettingPercent	tmp_m_text
1920x1080	level3	850988	9	4384	Unity.TextMeshPro:TMPro.TextMeshProUGUI	1357	Item Label	tmp_m_text
100%	level3	851516	4	4385	Unity.TextMeshPro:TMPro.TextMeshProUGUI	1308	SettingPercent	tmp_m_text
Quit	level3	852044	4	4386	Unity.TextMeshPro:TMPro.TextMeshProUGUI	1124	txt	tmp_m_text
50%	level3	853100	3	4388	Unity.TextMeshPro:TMPro.TextMeshProUGUI	1290	SettingPercent	tmp_m_text
Enter text...	level3	853628	13	4389	Unity.TextMeshPro:TMPro.TextMeshProUGUI	1380	Placeholder	tmp_m_text
Resume	level3	854156	6	4390	Unity.TextMeshPro:TMPro.TextMeshProUGUI	1183	txt	tmp_m_text
Screen Resolution	level3	854684	17	4391	Unity.TextMeshPro:TMPro.TextMeshProUGUI	1410	SettingName	tmp_m_text
Forced Night Result	level3	855228	19	4392	Unity.TextMeshPro:TMPro.TextMeshProUGUI	1262	NightResulttxt	tmp_m_text
Settings	level3	855772	8	4393	Unity.TextMeshPro:TMPro.TextMeshProUGUI	1237	settings_subtitle	tmp_m_text
Run	level3	856300	3	4394	Unity.TextMeshPro:TMPro.TextMeshProUGUI	1168	Text (TMP)	tmp_m_text
No	level3	856828	2	4395	Unity.TextMeshPro:TMPro.TextMeshProUGUI	1249	button_txt	tmp_m_text
Day 0	level3	857356	5	4396	Unity.TextMeshPro:TMPro.TextMeshProUGUI	1184	Text (TMP)	tmp_m_text
Instant Clicking	level3	857884	16	4397	Unity.TextMeshPro:TMPro.TextMeshProUGUI	1201	SettingName	tmp_m_text
Mouse Sensitivity	level3	858412	17	4398	Unity.TextMeshPro:TMPro.TextMeshProUGUI	1310	SettingName	tmp_m_text
Paused	level3	858956	6	4399	Unity.TextMeshPro:TMPro.TextMeshProUGUI	1327	PausedTitle	tmp_m_text
The Game is saved automatically every morning.	level3	859484	46	4400	Unity.TextMeshPro:TMPro.TextMeshProUGUI	1207	save_tip	tmp_m_text
v0.3.5	level3	860044	6	4401	Unity.TextMeshPro:TMPro.TextMeshProUGUI	1149	versiontext	tmp_m_text
Restore Default Settings	level3	860572	24	4402	Unity.TextMeshPro:TMPro.TextMeshProUGUI	1348	SettingName	tmp_m_text
Accept	level3	861116	6	4403	Unity.TextMeshPro:TMPro.TextMeshProUGUI	1354	txt	tmp_m_text
seed: 212832382	level3	862172	15	4405	Unity.TextMeshPro:TMPro.TextMeshProUGUI	1300	save_tip	tmp_m_text
Volume Master	level3	862700	13	4406	Unity.TextMeshPro:TMPro.TextMeshProUGUI	1355	SettingName	tmp_m_text
Yes	level3	863228	3	4407	Unity.TextMeshPro:TMPro.TextMeshProUGUI	1320	button_txt	tmp_m_text
100%	level3	863756	4	4408	Unity.TextMeshPro:TMPro.TextMeshProUGUI	1273	SettingPercent	tmp_m_text
Enter Action Code	level3	864284	17	4409	Unity.TextMeshPro:TMPro.TextMeshProUGUI	1316	Text (TMP)	tmp_m_text
Captain Whiskers	level3	864928	16	4411	Assembly-CSharp:CursorInfoMaker	11	Cats	mono_string_candidate
Broken Bucket	level3	866240	13	4423	Assembly-CSharp:CursorInfoMaker	34	bucket (broken)	mono_string_candidate
Open Chest	level3	866832	10	4428	Assembly-CSharp:CursorInfoMaker	54	LootBoxChest	mono_string_candidate
Drifting Barrel	level3	868992	15	4437	Assembly-CSharp:CursorInfoMaker	77	barrelToClick_2	mono_string_candidate
Fix!	level3	869344	4	4441	Assembly-CSharp:CursorInfoMaker	85	NAIL_01 (2)	mono_string_candidate
Food	level3	870112	4	4447	Assembly-CSharp:CursorInfoMaker	115	food_fish (7)	mono_string_candidate
Anchor	level3	871104	6	4456	Assembly-CSharp:CursorInfoMaker	143	anchor	mono_string_candidate
Normal	level3	873304	6	4468	UnityEngine.UI:UnityEngine.UI.Button	171	Button_StepForward	mono_string_candidate
Highlighted	level3	873316	11	4468	UnityEngine.UI:UnityEngine.UI.Button	171	Button_StepForward	mono_string_candidate
Pressed	level3	873332	7	4468	UnityEngine.UI:UnityEngine.UI.Button	171	Button_StepForward	mono_string_candidate
Selected	level3	873344	8	4468	UnityEngine.UI:UnityEngine.UI.Button	171	Button_StepForward	mono_string_candidate
Disabled	level3	873356	8	4468	UnityEngine.UI:UnityEngine.UI.Button	171	Button_StepForward	mono_string_candidate
JournalController, Assembly-CSharp	level3	873400	34	4468	UnityEngine.UI:UnityEngine.UI.Button	171	Button_StepForward	mono_string_candidate
PageTurnRight	level3	873440	13	4468	UnityEngine.UI:UnityEngine.UI.Button	171	Button_StepForward	mono_string_candidate
UnityEngine.Object, UnityEngine	level3	873476	31	4468	UnityEngine.UI:UnityEngine.UI.Button	171	Button_StepForward	mono_string_candidate
Normal	level3	873912	6	4470	UnityEngine.UI:UnityEngine.UI.Button	175	Yes	mono_string_candidate
Highlighted	level3	873924	11	4470	UnityEngine.UI:UnityEngine.UI.Button	175	Yes	mono_string_candidate
Pressed	level3	873940	7	4470	UnityEngine.UI:UnityEngine.UI.Button	175	Yes	mono_string_candidate
Selected	level3	873952	8	4470	UnityEngine.UI:UnityEngine.UI.Button	175	Yes	mono_string_candidate
Disabled	level3	873964	8	4470	UnityEngine.UI:UnityEngine.UI.Button	175	Yes	mono_string_candidate
ScubaAction, Assembly-CSharp	level3	874008	28	4470	UnityEngine.UI:UnityEngine.UI.Button	175	Yes	mono_string_candidate
SearchAccepted	level3	874040	14	4470	UnityEngine.UI:UnityEngine.UI.Button	175	Yes	mono_string_candidate
UnityEngine.Object, UnityEngine	level3	874076	31	4470	UnityEngine.UI:UnityEngine.UI.Button	175	Yes	mono_string_candidate
Normal	level3	874712	6	4474	UnityEngine.UI:UnityEngine.UI.Button	186	No	mono_string_candidate
Highlighted	level3	874724	11	4474	UnityEngine.UI:UnityEngine.UI.Button	186	No	mono_string_candidate
Pressed	level3	874740	7	4474	UnityEngine.UI:UnityEngine.UI.Button	186	No	mono_string_candidate
Selected	level3	874752	8	4474	UnityEngine.UI:UnityEngine.UI.Button	186	No	mono_string_candidate
Disabled	level3	874764	8	4474	UnityEngine.UI:UnityEngine.UI.Button	186	No	mono_string_candidate
ScubaAction, Assembly-CSharp	level3	874808	28	4474	UnityEngine.UI:UnityEngine.UI.Button	186	No	mono_string_candidate
SearchDenied	level3	874840	12	4474	UnityEngine.UI:UnityEngine.UI.Button	186	No	mono_string_candidate
UnityEngine.Object, UnityEngine	level3	874872	31	4474	UnityEngine.UI:UnityEngine.UI.Button	186	No	mono_string_candidate
Normal	level3	875448	6	4477	UnityEngine.UI:UnityEngine.UI.Button	190	JournalButtonOff	mono_string_candidate
Highlighted	level3	875460	11	4477	UnityEngine.UI:UnityEngine.UI.Button	190	JournalButtonOff	mono_string_candidate
Pressed	level3	875476	7	4477	UnityEngine.UI:UnityEngine.UI.Button	190	JournalButtonOff	mono_string_candidate
Selected	level3	875488	8	4477	UnityEngine.UI:UnityEngine.UI.Button	190	JournalButtonOff	mono_string_candidate
Disabled	level3	875500	8	4477	UnityEngine.UI:UnityEngine.UI.Button	190	JournalButtonOff	mono_string_candidate
JournalController, Assembly-CSharp	level3	875544	34	4477	UnityEngine.UI:UnityEngine.UI.Button	190	JournalButtonOff	mono_string_candidate
CloseJournal	level3	875584	12	4477	UnityEngine.UI:UnityEngine.UI.Button	190	JournalButtonOff	mono_string_candidate
UnityEngine.Object, UnityEngine	level3	875616	31	4477	UnityEngine.UI:UnityEngine.UI.Button	190	JournalButtonOff	mono_string_candidate
Swim Ring	level3	875968	9	4480	Assembly-CSharp:CursorInfoMaker	194	swimming_belt	mono_string_candidate
Telescope	level3	876656	9	4487	Assembly-CSharp:CursorInfoMaker	205	telescope	mono_string_candidate
Food	level3	876752	4	4488	Assembly-CSharp:CursorInfoMaker	206	food_fish (6)	mono_string_candidate
Food	level3	876848	4	4489	Assembly-CSharp:CursorInfoMaker	217	food_fish (3)	mono_string_candidate
Fishnet	level3	877104	7	4492	Assembly-CSharp:CursorInfoMaker	231	net	mono_string_candidate
Duct Tape	level3	877344	9	4494	Assembly-CSharp:CursorInfoMaker	247	ducttape	mono_string_candidate
Broken Anchor	level3	877904	13	4500	Assembly-CSharp:CursorInfoMaker	269	anchor (broken)	mono_string_candidate
Broken Flashlight	level3	878144	17	4502	Assembly-CSharp:CursorInfoMaker	274	flashlight (broken)	mono_string_candidate
Bait	level3	879248	4	4511	Assembly-CSharp:CursorInfoMaker	286	bait (1)	mono_string_candidate
Normal	level3	879528	6	4512	UnityEngine.UI:UnityEngine.UI.Button	293	CloseButton	mono_string_candidate
Highlighted	level3	879540	11	4512	UnityEngine.UI:UnityEngine.UI.Button	293	CloseButton	mono_string_candidate
Pressed	level3	879556	7	4512	UnityEngine.UI:UnityEngine.UI.Button	293	CloseButton	mono_string_candidate
Selected	level3	879568	8	4512	UnityEngine.UI:UnityEngine.UI.Button	293	CloseButton	mono_string_candidate
Disabled	level3	879580	8	4512	UnityEngine.UI:UnityEngine.UI.Button	293	CloseButton	mono_string_candidate
JournalController, Assembly-CSharp	level3	879624	34	4512	UnityEngine.UI:UnityEngine.UI.Button	293	CloseButton	mono_string_candidate
CloseJournal	level3	879664	12	4512	UnityEngine.UI:UnityEngine.UI.Button	293	CloseButton	mono_string_candidate
UnityEngine.Object, UnityEngine	level3	879696	31	4512	UnityEngine.UI:UnityEngine.UI.Button	293	CloseButton	mono_string_candidate
Broken Telescope	level3	880032	16	4515	Assembly-CSharp:CursorInfoMaker	301	telescope (broken)	mono_string_candidate
Normal	level3	880312	6	4516	UnityEngine.UI:UnityEngine.UI.Button	303	Myself	mono_string_candidate
Highlighted	level3	880324	11	4516	UnityEngine.UI:UnityEngine.UI.Button	303	Myself	mono_string_candidate
Pressed	level3	880340	7	4516	UnityEngine.UI:UnityEngine.UI.Button	303	Myself	mono_string_candidate
Selected	level3	880352	8	4516	UnityEngine.UI:UnityEngine.UI.Button	303	Myself	mono_string_candidate
Disabled	level3	880364	8	4516	UnityEngine.UI:UnityEngine.UI.Button	303	Myself	mono_string_candidate
TaskRandomBox, Assembly-CSharp	level3	880408	30	4516	UnityEngine.UI:UnityEngine.UI.Button	303	Myself	mono_string_candidate
UnityEngine.Object, UnityEngine	level3	880480	31	4516	UnityEngine.UI:UnityEngine.UI.Button	303	Myself	mono_string_candidate
Fix!	level3	881696	4	4527	Assembly-CSharp:CursorInfoMaker	326	NAIL_01 (5)	mono_string_candidate
Energy Bar	level3	881952	10	4530	Assembly-CSharp:CursorInfoMaker	329	energy_bar	mono_string_candidate
Food	level3	882320	4	4532	Assembly-CSharp:CursorInfoMaker	335	food_fish	mono_string_candidate
Food	level3	883776	4	4545	Assembly-CSharp:CursorInfoMaker	371	food_fish (1)	mono_string_candidate
Fix!	level3	884976	4	4556	Assembly-CSharp:CursorInfoMaker	392	NAIL_01 (8)	mono_string_candidate
Horizontal	level3	885144	10	4558	UnityEngine.UI:UnityEngine.EventSystems.StandaloneInputModule	393	EventSystem	mono_string_candidate
Vertical	level3	885160	8	4558	UnityEngine.UI:UnityEngine.EventSystems.StandaloneInputModule	393	EventSystem	mono_string_candidate
Submit	level3	885172	6	4558	UnityEngine.UI:UnityEngine.EventSystems.StandaloneInputModule	393	EventSystem	mono_string_candidate
Cancel	level3	885184	6	4558	UnityEngine.UI:UnityEngine.EventSystems.StandaloneInputModule	393	EventSystem	mono_string_candidate
Flashlight	level3	885264	10	4559	Assembly-CSharp:CursorInfoMaker	400	flashlight	mono_string_candidate
Food	level3	885360	4	4560	Assembly-CSharp:CursorInfoMaker	405	food_fish (4)	mono_string_candidate
Torn Map	level3	885840	8	4564	Assembly-CSharp:CursorInfoMaker	413	map (broken)	mono_string_candidate
Try Fishing	level3	886560	11	4570	Assembly-CSharp:CursorInfoMaker	433	doTask_fishing	mono_string_candidate
Needs Bait	level3	886596	10	4570	Assembly-CSharp:CursorInfoMaker	433	doTask_fishing	mono_string_candidate
Fix!	level3	888400	4	4589	Assembly-CSharp:CursorInfoMaker	470	NAIL_01 (6)	mono_string_candidate
Bucket	level3	889008	6	4595	Assembly-CSharp:CursorInfoMaker	491	bucket	mono_string_candidate
Deflated Swim Ring	level3	890480	18	4609	Assembly-CSharp:CursorInfoMaker	530	swimming_belt (broken)	mono_string_candidate
First Aid Kit	level3	891120	13	4616	Assembly-CSharp:CursorInfoMaker	551	firstaidkit	mono_string_candidate
Write Message	level3	891424	13	4619	Assembly-CSharp:CursorInfoMaker	556	doTask_writing	mono_string_candidate
Normal	level3	892152	6	4625	UnityEngine.UI:UnityEngine.UI.Button	565	Sleep Button	mono_string_candidate
Highlighted	level3	892164	11	4625	UnityEngine.UI:UnityEngine.UI.Button	565	Sleep Button	mono_string_candidate
Pressed	level3	892180	7	4625	UnityEngine.UI:UnityEngine.UI.Button	565	Sleep Button	mono_string_candidate
Selected	level3	892192	8	4625	UnityEngine.UI:UnityEngine.UI.Button	565	Sleep Button	mono_string_candidate
Disabled	level3	892204	8	4625	UnityEngine.UI:UnityEngine.UI.Button	565	Sleep Button	mono_string_candidate
GameStoryController, Assembly-CSharp	level3	892248	36	4625	UnityEngine.UI:UnityEngine.UI.Button	565	Sleep Button	mono_string_candidate
GoToNight	level3	892288	9	4625	UnityEngine.UI:UnityEngine.UI.Button	565	Sleep Button	mono_string_candidate
UnityEngine.Object, UnityEngine	level3	892320	31	4625	UnityEngine.UI:UnityEngine.UI.Button	565	Sleep Button	mono_string_candidate
Seagull	level3	893024	7	4631	Assembly-CSharp:CursorInfoMaker	580	seagull	mono_string_candidate
Normal	level3	893640	6	4634	UnityEngine.UI:UnityEngine.UI.Button	589	Continue	mono_string_candidate
Highlighted	level3	893652	11	4634	UnityEngine.UI:UnityEngine.UI.Button	589	Continue	mono_string_candidate
Pressed	level3	893668	7	4634	UnityEngine.UI:UnityEngine.UI.Button	589	Continue	mono_string_candidate
Selected	level3	893680	8	4634	UnityEngine.UI:UnityEngine.UI.Button	589	Continue	mono_string_candidate
Disabled	level3	893692	8	4634	UnityEngine.UI:UnityEngine.UI.Button	589	Continue	mono_string_candidate
TaskRandomBox, Assembly-CSharp	level3	893736	30	4634	UnityEngine.UI:UnityEngine.UI.Button	589	Continue	mono_string_candidate
UnityEngine.Object, UnityEngine	level3	893808	31	4634	UnityEngine.UI:UnityEngine.UI.Button	589	Continue	mono_string_candidate
Umbrella	level3	894944	8	4643	Assembly-CSharp:CursorInfoMaker	611	umbrella	mono_string_candidate
Starving	level3	895328	8	4644	Assembly-CSharp:FriendHud	621	FriendManageUI	mono_string_candidate
Starving	level3	895340	8	4644	Assembly-CSharp:FriendHud	621	FriendManageUI	mono_string_candidate
Hungry	level3	895352	6	4644	Assembly-CSharp:FriendHud	621	FriendManageUI	mono_string_candidate
Hungry	level3	895364	6	4644	Assembly-CSharp:FriendHud	621	FriendManageUI	mono_string_candidate
Peckish	level3	895376	7	4644	Assembly-CSharp:FriendHud	621	FriendManageUI	mono_string_candidate
Full	level3	895388	4	4644	Assembly-CSharp:FriendHud	621	FriendManageUI	mono_string_candidate
Dying	level3	895400	5	4644	Assembly-CSharp:FriendHud	621	FriendManageUI	mono_string_candidate
Dying	level3	895412	5	4644	Assembly-CSharp:FriendHud	621	FriendManageUI	mono_string_candidate
Sick	level3	895424	4	4644	Assembly-CSharp:FriendHud	621	FriendManageUI	mono_string_candidate
Sick	level3	895432	4	4644	Assembly-CSharp:FriendHud	621	FriendManageUI	mono_string_candidate
Unwell	level3	895440	6	4644	Assembly-CSharp:FriendHud	621	FriendManageUI	mono_string_candidate
Healthy	level3	895452	7	4644	Assembly-CSharp:FriendHud	621	FriendManageUI	mono_string_candidate
Miserable	level3	895468	9	4644	Assembly-CSharp:FriendHud	621	FriendManageUI	mono_string_candidate
Miserable	level3	895484	9	4644	Assembly-CSharp:FriendHud	621	FriendManageUI	mono_string_candidate
Depressed	level3	895500	9	4644	Assembly-CSharp:FriendHud	621	FriendManageUI	mono_string_candidate
Lonely	level3	895516	6	4644	Assembly-CSharp:FriendHud	621	FriendManageUI	mono_string_candidate
Bored	level3	895528	5	4644	Assembly-CSharp:FriendHud	621	FriendManageUI	mono_string_candidate
Happy	level3	895540	5	4644	Assembly-CSharp:FriendHud	621	FriendManageUI	mono_string_candidate
Treasure	level3	895948	8	4645	Assembly-CSharp:TaskRandomBox	623	RandomDayBox	mono_string_candidate
Normal	level3	896696	6	4647	UnityEngine.UI:UnityEngine.UI.Button	632	Button_Speciality	mono_string_candidate
Highlighted	level3	896708	11	4647	UnityEngine.UI:UnityEngine.UI.Button	632	Button_Speciality	mono_string_candidate
Pressed	level3	896724	7	4647	UnityEngine.UI:UnityEngine.UI.Button	632	Button_Speciality	mono_string_candidate
Selected	level3	896736	8	4647	UnityEngine.UI:UnityEngine.UI.Button	632	Button_Speciality	mono_string_candidate
Disabled	level3	896748	8	4647	UnityEngine.UI:UnityEngine.UI.Button	632	Button_Speciality	mono_string_candidate
GameStoryController, Assembly-CSharp	level3	896792	36	4647	UnityEngine.UI:UnityEngine.UI.Button	632	Button_Speciality	mono_string_candidate
FriendSpecialityButton	level3	896832	22	4647	UnityEngine.UI:UnityEngine.UI.Button	632	Button_Speciality	mono_string_candidate
UnityEngine.Object, UnityEngine	level3	896876	31	4647	UnityEngine.UI:UnityEngine.UI.Button	632	Button_Speciality	mono_string_candidate
Sea Search	level3	897536	10	4653	Assembly-CSharp:CursorInfoMaker	645	scuba_set	mono_string_candidate
Bait	level3	898016	4	4658	Assembly-CSharp:CursorInfoMaker	670	bait (2)	mono_string_candidate
Food	level3	898400	4	4661	Assembly-CSharp:CursorInfoMaker	675	food_fish (2)	mono_string_candidate
Torn Umbrella	level3	898640	13	4663	Assembly-CSharp:CursorInfoMaker	677	umbrella (broken)	mono_string_candidate
Normal	level3	898920	6	4664	UnityEngine.UI:UnityEngine.UI.Button	679	Cancel	mono_string_candidate
Highlighted	level3	898932	11	4664	UnityEngine.UI:UnityEngine.UI.Button	679	Cancel	mono_string_candidate
Pressed	level3	898948	7	4664	UnityEngine.UI:UnityEngine.UI.Button	679	Cancel	mono_string_candidate
Selected	level3	898960	8	4664	UnityEngine.UI:UnityEngine.UI.Button	679	Cancel	mono_string_candidate
Disabled	level3	898972	8	4664	UnityEngine.UI:UnityEngine.UI.Button	679	Cancel	mono_string_candidate
TaskRandomBox, Assembly-CSharp	level3	899016	30	4664	UnityEngine.UI:UnityEngine.UI.Button	679	Cancel	mono_string_candidate
UnityEngine.Object, UnityEngine	level3	899088	31	4664	UnityEngine.UI:UnityEngine.UI.Button	679	Cancel	mono_string_candidate
Repair Boat	level3	899344	11	4666	Assembly-CSharp:CursorInfoMaker	680	doTask_repair	mono_string_candidate
Already repaired	level3	899380	16	4666	Assembly-CSharp:CursorInfoMaker	680	doTask_repair	mono_string_candidate
Seagull	level3	899776	7	4670	Assembly-CSharp:CursorInfoMaker	690	seagull 2	mono_string_candidate
Broken Harpoon Gun	level3	900208	18	4674	Assembly-CSharp:CursorInfoMaker	717	hookgun (broken)	mono_string_candidate
Normal	level3	901784	6	4688	UnityEngine.UI:UnityEngine.UI.Button	756	Button_Eat	mono_string_candidate
Highlighted	level3	901796	11	4688	UnityEngine.UI:UnityEngine.UI.Button	756	Button_Eat	mono_string_candidate
Pressed	level3	901812	7	4688	UnityEngine.UI:UnityEngine.UI.Button	756	Button_Eat	mono_string_candidate
Selected	level3	901824	8	4688	UnityEngine.UI:UnityEngine.UI.Button	756	Button_Eat	mono_string_candidate
Disabled	level3	901836	8	4688	UnityEngine.UI:UnityEngine.UI.Button	756	Button_Eat	mono_string_candidate
FriendHud, Assembly-CSharp	level3	901880	26	4688	UnityEngine.UI:UnityEngine.UI.Button	756	Button_Eat	mono_string_candidate
UnityEngine.Object, UnityEngine	level3	901944	31	4688	UnityEngine.UI:UnityEngine.UI.Button	756	Button_Eat	mono_string_candidate
Captain Whiskers	level3	902368	16	4692	Assembly-CSharp:CursorInfoMaker	768	Cats (3)	mono_string_candidate
Food	level3	903920	4	4702	Assembly-CSharp:CursorInfoMaker	796	food_fish (5)	mono_string_candidate
Normal	level3	904584	6	4706	UnityEngine.UI:UnityEngine.UI.Button	807	Button_StepBack	mono_string_candidate
Highlighted	level3	904596	11	4706	UnityEngine.UI:UnityEngine.UI.Button	807	Button_StepBack	mono_string_candidate
Pressed	level3	904612	7	4706	UnityEngine.UI:UnityEngine.UI.Button	807	Button_StepBack	mono_string_candidate
Selected	level3	904624	8	4706	UnityEngine.UI:UnityEngine.UI.Button	807	Button_StepBack	mono_string_candidate
Disabled	level3	904636	8	4706	UnityEngine.UI:UnityEngine.UI.Button	807	Button_StepBack	mono_string_candidate
JournalController, Assembly-CSharp	level3	904680	34	4706	UnityEngine.UI:UnityEngine.UI.Button	807	Button_StepBack	mono_string_candidate
PageTurnBack	level3	904720	12	4706	UnityEngine.UI:UnityEngine.UI.Button	807	Button_StepBack	mono_string_candidate
UnityEngine.Object, UnityEngine	level3	904752	31	4706	UnityEngine.UI:UnityEngine.UI.Button	807	Button_StepBack	mono_string_candidate
Bait	level3	905536	4	4714	Assembly-CSharp:CursorInfoMaker	813	bait	mono_string_candidate
Fix!	level3	906192	4	4720	Assembly-CSharp:CursorInfoMaker	821	NAIL_01 (3)	mono_string_candidate
Drifting Crate	level3	906512	14	4723	Assembly-CSharp:CursorInfoMaker	825	crateToClick_2	mono_string_candidate
Normal	level3	906792	6	4724	UnityEngine.UI:UnityEngine.UI.Button	827	JournalButton	mono_string_candidate
Highlighted	level3	906804	11	4724	UnityEngine.UI:UnityEngine.UI.Button	827	JournalButton	mono_string_candidate
Pressed	level3	906820	7	4724	UnityEngine.UI:UnityEngine.UI.Button	827	JournalButton	mono_string_candidate
Selected	level3	906832	8	4724	UnityEngine.UI:UnityEngine.UI.Button	827	JournalButton	mono_string_candidate
Disabled	level3	906844	8	4724	UnityEngine.UI:UnityEngine.UI.Button	827	JournalButton	mono_string_candidate
JournalController, Assembly-CSharp	level3	906888	34	4724	UnityEngine.UI:UnityEngine.UI.Button	827	JournalButton	mono_string_candidate
OpenJournal	level3	906928	11	4724	UnityEngine.UI:UnityEngine.UI.Button	827	JournalButton	mono_string_candidate
UnityEngine.Object, UnityEngine	level3	906960	31	4724	UnityEngine.UI:UnityEngine.UI.Button	827	JournalButton	mono_string_candidate
Normal	level3	907400	6	4726	UnityEngine.UI:UnityEngine.UI.Button	834	Friend	mono_string_candidate
Highlighted	level3	907412	11	4726	UnityEngine.UI:UnityEngine.UI.Button	834	Friend	mono_string_candidate
Pressed	level3	907428	7	4726	UnityEngine.UI:UnityEngine.UI.Button	834	Friend	mono_string_candidate
Selected	level3	907440	8	4726	UnityEngine.UI:UnityEngine.UI.Button	834	Friend	mono_string_candidate
Disabled	level3	907452	8	4726	UnityEngine.UI:UnityEngine.UI.Button	834	Friend	mono_string_candidate
TaskRandomBox, Assembly-CSharp	level3	907496	30	4726	UnityEngine.UI:UnityEngine.UI.Button	834	Friend	mono_string_candidate
UnityEngine.Object, UnityEngine	level3	907568	31	4726	UnityEngine.UI:UnityEngine.UI.Button	834	Friend	mono_string_candidate
Cod	level3	907972	3	4729	Assembly-CSharp:FishingController	836	Task_Fishing	mono_string_candidate
Flounder	level3	908084	8	4729	Assembly-CSharp:FishingController	836	Task_Fishing	mono_string_candidate
Salmon	level3	908196	6	4729	Assembly-CSharp:FishingController	836	Task_Fishing	mono_string_candidate
Tuna	level3	908308	4	4729	Assembly-CSharp:FishingController	836	Task_Fishing	mono_string_candidate
Crab	level3	908416	4	4729	Assembly-CSharp:FishingController	836	Task_Fishing	mono_string_candidate
Squid	level3	908524	5	4729	Assembly-CSharp:FishingController	836	Task_Fishing	mono_string_candidate
Seaweed	level3	908636	7	4729	Assembly-CSharp:FishingController	836	Task_Fishing	mono_string_candidate
Worthless junk...	level3	908656	17	4729	Assembly-CSharp:FishingController	836	Task_Fishing	mono_string_candidate
Boot	level3	908768	4	4729	Assembly-CSharp:FishingController	836	Task_Fishing	mono_string_candidate
Worthless junk...	level3	908784	17	4729	Assembly-CSharp:FishingController	836	Task_Fishing	mono_string_candidate
Plastic Bottle	level3	908896	14	4729	Assembly-CSharp:FishingController	836	Task_Fishing	mono_string_candidate
Worthless junk...	level3	908924	17	4729	Assembly-CSharp:FishingController	836	Task_Fishing	mono_string_candidate
Fishlet	level3	909040	7	4729	Assembly-CSharp:FishingController	836	Task_Fishing	mono_string_candidate
Way too small...	level3	909060	16	4729	Assembly-CSharp:FishingController	836	Task_Fishing	mono_string_candidate
Can of Worms	level3	909172	12	4729	Assembly-CSharp:FishingController	836	Task_Fishing	mono_string_candidate
Useful for fishing!	level3	909196	19	4729	Assembly-CSharp:FishingController	836	Task_Fishing	mono_string_candidate
Wet Duct Tape	level3	909312	13	4729	Assembly-CSharp:FishingController	836	Task_Fishing	mono_string_candidate
Seems useable!	level3	909340	14	4729	Assembly-CSharp:FishingController	836	Task_Fishing	mono_string_candidate
Broken Compass	level3	909448	14	4729	Assembly-CSharp:FishingController	836	Task_Fishing	mono_string_candidate
Looks reparable!	level3	909476	16	4729	Assembly-CSharp:FishingController	836	Task_Fishing	mono_string_candidate
Torn Fishing Net	level3	909612	16	4729	Assembly-CSharp:FishingController	836	Task_Fishing	mono_string_candidate
Looks reparable!	level3	909640	16	4729	Assembly-CSharp:FishingController	836	Task_Fishing	mono_string_candidate
Energy Bar	level3	909776	10	4729	Assembly-CSharp:FishingController	836	Task_Fishing	mono_string_candidate
Looks tasty!	level3	909800	12	4729	Assembly-CSharp:FishingController	836	Task_Fishing	mono_string_candidate
A note...?	level3	910028	10	4729	Assembly-CSharp:FishingController	836	Task_Fishing	mono_string_candidate
Soaked but readable.	level3	910052	20	4729	Assembly-CSharp:FishingController	836	Task_Fishing	mono_string_candidate
Newspaper...?	level3	910188	13	4729	Assembly-CSharp:FishingController	836	Task_Fishing	mono_string_candidate
Details are smudged.	level3	910216	20	4729	Assembly-CSharp:FishingController	836	Task_Fishing	mono_string_candidate
A photo...?	level3	910352	11	4729	Assembly-CSharp:FishingController	836	Task_Fishing	mono_string_candidate
It's somewhat faded.	level3	910376	20	4729	Assembly-CSharp:FishingController	836	Task_Fishing	mono_string_candidate
A wallet...?	level3	910512	12	4729	Assembly-CSharp:FishingController	836	Task_Fishing	mono_string_candidate
Still has a card.	level3	910536	17	4729	Assembly-CSharp:FishingController	836	Task_Fishing	mono_string_candidate
A tape record...?	level3	910668	17	4729	Assembly-CSharp:FishingController	836	Task_Fishing	mono_string_candidate
Barely working.	level3	910700	15	4729	Assembly-CSharp:FishingController	836	Task_Fishing	mono_string_candidate
Sardine	level3	910828	7	4729	Assembly-CSharp:FishingController	836	Task_Fishing	mono_string_candidate
Bass	level3	910940	4	4729	Assembly-CSharp:FishingController	836	Task_Fishing	mono_string_candidate
Herring	level3	911048	7	4729	Assembly-CSharp:FishingController	836	Task_Fishing	mono_string_candidate
Red Snapper	level3	911164	11	4729	Assembly-CSharp:FishingController	836	Task_Fishing	mono_string_candidate
Mackerel	level3	911284	8	4729	Assembly-CSharp:FishingController	836	Task_Fishing	mono_string_candidate
Clownfish	level3	911400	9	4729	Assembly-CSharp:FishingController	836	Task_Fishing	mono_string_candidate
Swordfish	level3	911520	9	4729	Assembly-CSharp:FishingController	836	Task_Fishing	mono_string_candidate
Flare Gun	level3	912704	9	4732	Assembly-CSharp:CursorInfoMaker	849	flaregun	mono_string_candidate
Seagull	level3	916048	7	4742	Assembly-CSharp:CursorInfoMaker	870	seagull 3	mono_string_candidate
Fix!	level3	917296	4	4755	Assembly-CSharp:CursorInfoMaker	907	NAIL_01 (7)	mono_string_candidate
Broken Compass	level3	918976	14	4771	Assembly-CSharp:CursorInfoMaker	931	compass (broken)	mono_string_candidate
Talk	level3	919072	4	4772	Assembly-CSharp:CursorInfoMaker	933	doTask_friendTalk	mono_string_candidate
FriendTalkController, Assembly-CSharp	level3	920128	37	4779	Febucci.TextAnimator.Runtime:Febucci.UI.TypewriterByCharacter	939	DialogText	mono_string_candidate
ChangeCurrentState	level3	920172	18	4779	Febucci.TextAnimator.Runtime:Febucci.UI.TypewriterByCharacter	939	DialogText	mono_string_candidate
UnityEngine.Object, UnityEngine	level3	920212	31	4779	Febucci.TextAnimator.Runtime:Febucci.UI.TypewriterByCharacter	939	DialogText	mono_string_candidate
FriendTalkController, Assembly-CSharp	level3	920292	37	4779	Febucci.TextAnimator.Runtime:Febucci.UI.TypewriterByCharacter	939	DialogText	mono_string_candidate
SoundTypeWriter	level3	920336	15	4779	Febucci.TextAnimator.Runtime:Febucci.UI.TypewriterByCharacter	939	DialogText	mono_string_candidate
UnityEngine.Object, UnityEngine	level3	920372	31	4779	Febucci.TextAnimator.Runtime:Febucci.UI.TypewriterByCharacter	939	DialogText	mono_string_candidate
What do you think? Should we do this?	level3	920512	37	4780	Febucci.TextAnimator.TMP.Runtime:Febucci.UI.TextAnimator_TMP	939	DialogText	mono_string_candidate
Normal	level3	921112	6	4783	UnityEngine.UI:UnityEngine.UI.Button	948	Button_Heal	mono_string_candidate
Highlighted	level3	921124	11	4783	UnityEngine.UI:UnityEngine.UI.Button	948	Button_Heal	mono_string_candidate
Pressed	level3	921140	7	4783	UnityEngine.UI:UnityEngine.UI.Button	948	Button_Heal	mono_string_candidate
Selected	level3	921152	8	4783	UnityEngine.UI:UnityEngine.UI.Button	948	Button_Heal	mono_string_candidate
Disabled	level3	921164	8	4783	UnityEngine.UI:UnityEngine.UI.Button	948	Button_Heal	mono_string_candidate
FriendHud, Assembly-CSharp	level3	921208	26	4783	UnityEngine.UI:UnityEngine.UI.Button	948	Button_Heal	mono_string_candidate
UnityEngine.Object, UnityEngine	level3	921272	31	4783	UnityEngine.UI:UnityEngine.UI.Button	948	Button_Heal	mono_string_candidate
Torn Fishnet	level3	922208	12	4792	Assembly-CSharp:CursorInfoMaker	973	net (broken)	mono_string_candidate
Harpoon Gun	level3	922368	11	4794	Assembly-CSharp:CursorInfoMaker	975	hookgun	mono_string_candidate
Normal	level3	922648	6	4795	UnityEngine.UI:UnityEngine.UI.Button	983	Button_Send	mono_string_candidate
Highlighted	level3	922660	11	4795	UnityEngine.UI:UnityEngine.UI.Button	983	Button_Send	mono_string_candidate
Pressed	level3	922676	7	4795	UnityEngine.UI:UnityEngine.UI.Button	983	Button_Send	mono_string_candidate
Selected	level3	922688	8	4795	UnityEngine.UI:UnityEngine.UI.Button	983	Button_Send	mono_string_candidate
Disabled	level3	922700	8	4795	UnityEngine.UI:UnityEngine.UI.Button	983	Button_Send	mono_string_candidate
LetterWritingController, Assembly-CSharp	level3	922744	40	4795	UnityEngine.UI:UnityEngine.UI.Button	983	Button_Send	mono_string_candidate
CloseWritingTask	level3	922788	16	4795	UnityEngine.UI:UnityEngine.UI.Button	983	Button_Send	mono_string_candidate
UnityEngine.Object, UnityEngine	level3	922824	31	4795	UnityEngine.UI:UnityEngine.UI.Button	983	Button_Send	mono_string_candidate
Broken Scuba Set	level3	923072	16	4797	Assembly-CSharp:CursorInfoMaker	984	scuba_set (broken)	mono_string_candidate
Compass	level3	923312	7	4799	Assembly-CSharp:CursorInfoMaker	987	compass	mono_string_candidate
Fix!	level3	924000	4	4805	Assembly-CSharp:CursorInfoMaker	1002	NAIL_01 (1)	mono_string_candidate
Captain Whiskers	level3	924592	16	4811	Assembly-CSharp:CursorInfoMaker	1008	Cats (2)	mono_string_candidate
Captain Whiskers	level3	924960	16	4815	Assembly-CSharp:CursorInfoMaker	1018	Cats (1)	mono_string_candidate
Fix!	level3	925440	4	4820	Assembly-CSharp:CursorInfoMaker	1032	NAIL_01 (4)	mono_string_candidate
Normal	level3	926040	6	4824	UnityEngine.UI:UnityEngine.UI.Button	1040	Yes	mono_string_candidate
Highlighted	level3	926052	11	4824	UnityEngine.UI:UnityEngine.UI.Button	1040	Yes	mono_string_candidate
Pressed	level3	926068	7	4824	UnityEngine.UI:UnityEngine.UI.Button	1040	Yes	mono_string_candidate
Selected	level3	926080	8	4824	UnityEngine.UI:UnityEngine.UI.Button	1040	Yes	mono_string_candidate
Disabled	level3	926092	8	4824	UnityEngine.UI:UnityEngine.UI.Button	1040	Yes	mono_string_candidate
FriendTalkController, Assembly-CSharp	level3	926136	37	4824	UnityEngine.UI:UnityEngine.UI.Button	1040	Yes	mono_string_candidate
PickYesNoOption	level3	926180	15	4824	UnityEngine.UI:UnityEngine.UI.Button	1040	Yes	mono_string_candidate
UnityEngine.Object, UnityEngine	level3	926216	31	4824	UnityEngine.UI:UnityEngine.UI.Button	1040	Yes	mono_string_candidate
Normal	level3	926648	6	4826	UnityEngine.UI:UnityEngine.UI.Button	1048	No	mono_string_candidate
Highlighted	level3	926660	11	4826	UnityEngine.UI:UnityEngine.UI.Button	1048	No	mono_string_candidate
Pressed	level3	926676	7	4826	UnityEngine.UI:UnityEngine.UI.Button	1048	No	mono_string_candidate
Selected	level3	926688	8	4826	UnityEngine.UI:UnityEngine.UI.Button	1048	No	mono_string_candidate
Disabled	level3	926700	8	4826	UnityEngine.UI:UnityEngine.UI.Button	1048	No	mono_string_candidate
FriendTalkController, Assembly-CSharp	level3	926744	37	4826	UnityEngine.UI:UnityEngine.UI.Button	1048	No	mono_string_candidate
PickYesNoOption	level3	926788	15	4826	UnityEngine.UI:UnityEngine.UI.Button	1048	No	mono_string_candidate
UnityEngine.Object, UnityEngine	level3	926824	31	4826	UnityEngine.UI:UnityEngine.UI.Button	1048	No	mono_string_candidate
Map	level3	929088	3	4847	Assembly-CSharp:CursorInfoMaker	1103	map	mono_string_candidate
Normal	level3	929368	6	4848	UnityEngine.UI:UnityEngine.UI.Toggle	1404	Toggle	mono_string_candidate
Highlighted	level3	929380	11	4848	UnityEngine.UI:UnityEngine.UI.Toggle	1404	Toggle	mono_string_candidate
Pressed	level3	929396	7	4848	UnityEngine.UI:UnityEngine.UI.Toggle	1404	Toggle	mono_string_candidate
Selected	level3	929408	8	4848	UnityEngine.UI:UnityEngine.UI.Toggle	1404	Toggle	mono_string_candidate
Disabled	level3	929420	8	4848	UnityEngine.UI:UnityEngine.UI.Toggle	1404	Toggle	mono_string_candidate
SettingsMenu, Assembly-CSharp	level3	929492	29	4848	UnityEngine.UI:UnityEngine.UI.Toggle	1404	Toggle	mono_string_candidate
UpdateInstantClick	level3	929528	18	4848	UnityEngine.UI:UnityEngine.UI.Toggle	1404	Toggle	mono_string_candidate
UnityEngine.Object, UnityEngine	level3	929568	31	4848	UnityEngine.UI:UnityEngine.UI.Toggle	1404	Toggle	mono_string_candidate
Normal	level3	930008	6	4850	Unity.TextMeshPro:TMPro.TMP_Dropdown	1337	Dropdown	mono_string_candidate
Highlighted	level3	930020	11	4850	Unity.TextMeshPro:TMPro.TMP_Dropdown	1337	Dropdown	mono_string_candidate
Pressed	level3	930036	7	4850	Unity.TextMeshPro:TMPro.TMP_Dropdown	1337	Dropdown	mono_string_candidate
Selected	level3	930048	8	4850	Unity.TextMeshPro:TMPro.TMP_Dropdown	1337	Dropdown	mono_string_candidate
Disabled	level3	930060	8	4850	Unity.TextMeshPro:TMPro.TMP_Dropdown	1337	Dropdown	mono_string_candidate
SettingsMenu, Assembly-CSharp	level3	930232	29	4850	Unity.TextMeshPro:TMPro.TMP_Dropdown	1337	Dropdown	mono_string_candidate
ApplyResolution	level3	930268	15	4850	Unity.TextMeshPro:TMPro.TMP_Dropdown	1337	Dropdown	mono_string_candidate
UnityEngine.Object, UnityEngine	level3	930304	31	4850	Unity.TextMeshPro:TMPro.TMP_Dropdown	1337	Dropdown	mono_string_candidate
Normal	level3	930776	6	4853	UnityEngine.UI:UnityEngine.UI.Slider	1120	Slider	mono_string_candidate
Highlighted	level3	930788	11	4853	UnityEngine.UI:UnityEngine.UI.Slider	1120	Slider	mono_string_candidate
Pressed	level3	930804	7	4853	UnityEngine.UI:UnityEngine.UI.Slider	1120	Slider	mono_string_candidate
Selected	level3	930816	8	4853	UnityEngine.UI:UnityEngine.UI.Slider	1120	Slider	mono_string_candidate
Disabled	level3	930828	8	4853	UnityEngine.UI:UnityEngine.UI.Slider	1120	Slider	mono_string_candidate
SettingsMenu, Assembly-CSharp	level3	930916	29	4853	UnityEngine.UI:UnityEngine.UI.Slider	1120	Slider	mono_string_candidate
UpdateMousesens	level3	930952	15	4853	UnityEngine.UI:UnityEngine.UI.Slider	1120	Slider	mono_string_candidate
UnityEngine.Object, UnityEngine	level3	930988	31	4853	UnityEngine.UI:UnityEngine.UI.Slider	1120	Slider	mono_string_candidate
Normal	level3	932376	6	4864	Unity.TextMeshPro:TMPro.TMP_InputField	1277	InputField (TMP)	mono_string_candidate
Highlighted	level3	932388	11	4864	Unity.TextMeshPro:TMPro.TMP_InputField	1277	InputField (TMP)	mono_string_candidate
Pressed	level3	932404	7	4864	Unity.TextMeshPro:TMPro.TMP_InputField	1277	InputField (TMP)	mono_string_candidate
Selected	level3	932416	8	4864	Unity.TextMeshPro:TMPro.TMP_InputField	1277	InputField (TMP)	mono_string_candidate
Disabled	level3	932428	8	4864	Unity.TextMeshPro:TMPro.TMP_InputField	1277	InputField (TMP)	mono_string_candidate
Fix!	level3	932768	4	4865	Assembly-CSharp:CursorInfoMaker	1123	NAIL_01	mono_string_candidate
Normal	level3	933192	6	4868	UnityEngine.UI:UnityEngine.UI.Slider	1212	Slider	mono_string_candidate
Highlighted	level3	933204	11	4868	UnityEngine.UI:UnityEngine.UI.Slider	1212	Slider	mono_string_candidate
Pressed	level3	933220	7	4868	UnityEngine.UI:UnityEngine.UI.Slider	1212	Slider	mono_string_candidate
Selected	level3	933232	8	4868	UnityEngine.UI:UnityEngine.UI.Slider	1212	Slider	mono_string_candidate
Disabled	level3	933244	8	4868	UnityEngine.UI:UnityEngine.UI.Slider	1212	Slider	mono_string_candidate
SettingsMenu, Assembly-CSharp	level3	933332	29	4868	UnityEngine.UI:UnityEngine.UI.Slider	1212	Slider	mono_string_candidate
UpdateVolumeMaster	level3	933368	18	4868	UnityEngine.UI:UnityEngine.UI.Slider	1212	Slider	mono_string_candidate
UnityEngine.Object, UnityEngine	level3	933408	31	4868	UnityEngine.UI:UnityEngine.UI.Slider	1212	Slider	mono_string_candidate
SettingsMenu, Assembly-CSharp	level3	933476	29	4868	UnityEngine.UI:UnityEngine.UI.Slider	1212	Slider	mono_string_candidate
UpdateVolumeMaster	level3	933512	18	4868	UnityEngine.UI:UnityEngine.UI.Slider	1212	Slider	mono_string_candidate
UnityEngine.Object, UnityEngine	level3	933552	31	4868	UnityEngine.UI:UnityEngine.UI.Slider	1212	Slider	mono_string_candidate
Normal	level3	933848	6	4869	UnityEngine.UI:UnityEngine.UI.Slider	1292	Slider	mono_string_candidate
Highlighted	level3	933860	11	4869	UnityEngine.UI:UnityEngine.UI.Slider	1292	Slider	mono_string_candidate
Pressed	level3	933876	7	4869	UnityEngine.UI:UnityEngine.UI.Slider	1292	Slider	mono_string_candidate
Selected	level3	933888	8	4869	UnityEngine.UI:UnityEngine.UI.Slider	1292	Slider	mono_string_candidate
Disabled	level3	933900	8	4869	UnityEngine.UI:UnityEngine.UI.Slider	1292	Slider	mono_string_candidate
SettingsMenu, Assembly-CSharp	level3	933988	29	4869	UnityEngine.UI:UnityEngine.UI.Slider	1292	Slider	mono_string_candidate
UpdateBrightness	level3	934024	16	4869	UnityEngine.UI:UnityEngine.UI.Slider	1292	Slider	mono_string_candidate
UnityEngine.Object, UnityEngine	level3	934060	31	4869	UnityEngine.UI:UnityEngine.UI.Slider	1292	Slider	mono_string_candidate
Normal	level3	934344	6	4870	UnityEngine.UI:UnityEngine.UI.Button	1392	Settings	mono_string_candidate
Highlighted	level3	934356	11	4870	UnityEngine.UI:UnityEngine.UI.Button	1392	Settings	mono_string_candidate
Pressed	level3	934372	7	4870	UnityEngine.UI:UnityEngine.UI.Button	1392	Settings	mono_string_candidate
Selected	level3	934384	8	4870	UnityEngine.UI:UnityEngine.UI.Button	1392	Settings	mono_string_candidate
Disabled	level3	934396	8	4870	UnityEngine.UI:UnityEngine.UI.Button	1392	Settings	mono_string_candidate
PauseMenu, Assembly-CSharp	level3	934440	26	4870	UnityEngine.UI:UnityEngine.UI.Button	1392	Settings	mono_string_candidate
OpenSettings	level3	934472	12	4870	UnityEngine.UI:UnityEngine.UI.Button	1392	Settings	mono_string_candidate
UnityEngine.Object, UnityEngine	level3	934504	31	4870	UnityEngine.UI:UnityEngine.UI.Button	1392	Settings	mono_string_candidate
Normal	level3	935224	6	4874	UnityEngine.UI:UnityEngine.UI.Button	1322	SettingsPanel_Reset	mono_string_candidate
Highlighted	level3	935236	11	4874	UnityEngine.UI:UnityEngine.UI.Button	1322	SettingsPanel_Reset	mono_string_candidate
Pressed	level3	935252	7	4874	UnityEngine.UI:UnityEngine.UI.Button	1322	SettingsPanel_Reset	mono_string_candidate
Selected	level3	935264	8	4874	UnityEngine.UI:UnityEngine.UI.Button	1322	SettingsPanel_Reset	mono_string_candidate
Disabled	level3	935276	8	4874	UnityEngine.UI:UnityEngine.UI.Button	1322	SettingsPanel_Reset	mono_string_candidate
SettingsMenu, Assembly-CSharp	level3	935320	29	4874	UnityEngine.UI:UnityEngine.UI.Button	1322	SettingsPanel_Reset	mono_string_candidate
RestoreDefaultSettings	level3	935356	22	4874	UnityEngine.UI:UnityEngine.UI.Button	1322	SettingsPanel_Reset	mono_string_candidate
UnityEngine.Object, UnityEngine	level3	935400	31	4874	UnityEngine.UI:UnityEngine.UI.Button	1322	SettingsPanel_Reset	mono_string_candidate
Normal	level3	937224	6	4889	UnityEngine.UI:UnityEngine.UI.Slider	1200	Slider	mono_string_candidate
Highlighted	level3	937236	11	4889	UnityEngine.UI:UnityEngine.UI.Slider	1200	Slider	mono_string_candidate
Pressed	level3	937252	7	4889	UnityEngine.UI:UnityEngine.UI.Slider	1200	Slider	mono_string_candidate
Selected	level3	937264	8	4889	UnityEngine.UI:UnityEngine.UI.Slider	1200	Slider	mono_string_candidate
Disabled	level3	937276	8	4889	UnityEngine.UI:UnityEngine.UI.Slider	1200	Slider	mono_string_candidate
SettingsMenu, Assembly-CSharp	level3	937364	29	4889	UnityEngine.UI:UnityEngine.UI.Slider	1200	Slider	mono_string_candidate
UpdateVolumeSFX	level3	937400	15	4889	UnityEngine.UI:UnityEngine.UI.Slider	1200	Slider	mono_string_candidate
UnityEngine.Object, UnityEngine	level3	937436	31	4889	UnityEngine.UI:UnityEngine.UI.Slider	1200	Slider	mono_string_candidate
SettingsMenu, Assembly-CSharp	level3	937504	29	4889	UnityEngine.UI:UnityEngine.UI.Slider	1200	Slider	mono_string_candidate
UpdateVolumeSFX	level3	937540	15	4889	UnityEngine.UI:UnityEngine.UI.Slider	1200	Slider	mono_string_candidate
UnityEngine.Object, UnityEngine	level3	937576	31	4889	UnityEngine.UI:UnityEngine.UI.Slider	1200	Slider	mono_string_candidate
Normal	level3	939064	6	4900	UnityEngine.UI:UnityEngine.UI.Button	1389	yes	mono_string_candidate
Highlighted	level3	939076	11	4900	UnityEngine.UI:UnityEngine.UI.Button	1389	yes	mono_string_candidate
Pressed	level3	939092	7	4900	UnityEngine.UI:UnityEngine.UI.Button	1389	yes	mono_string_candidate
Selected	level3	939104	8	4900	UnityEngine.UI:UnityEngine.UI.Button	1389	yes	mono_string_candidate
Disabled	level3	939116	8	4900	UnityEngine.UI:UnityEngine.UI.Button	1389	yes	mono_string_candidate
SettingsMenu, Assembly-CSharp	level3	939160	29	4900	UnityEngine.UI:UnityEngine.UI.Button	1389	yes	mono_string_candidate
ConfirmResolution	level3	939196	17	4900	UnityEngine.UI:UnityEngine.UI.Button	1389	yes	mono_string_candidate
UnityEngine.Object, UnityEngine	level3	939236	31	4900	UnityEngine.UI:UnityEngine.UI.Button	1389	yes	mono_string_candidate
Normal	level3	941320	6	4915	UnityEngine.UI:UnityEngine.UI.Slider	1421	Slider	mono_string_candidate
Highlighted	level3	941332	11	4915	UnityEngine.UI:UnityEngine.UI.Slider	1421	Slider	mono_string_candidate
Pressed	level3	941348	7	4915	UnityEngine.UI:UnityEngine.UI.Slider	1421	Slider	mono_string_candidate
Selected	level3	941360	8	4915	UnityEngine.UI:UnityEngine.UI.Slider	1421	Slider	mono_string_candidate
Disabled	level3	941372	8	4915	UnityEngine.UI:UnityEngine.UI.Slider	1421	Slider	mono_string_candidate
SettingsMenu, Assembly-CSharp	level3	941460	29	4915	UnityEngine.UI:UnityEngine.UI.Slider	1421	Slider	mono_string_candidate
UpdateVolumeMusic	level3	941496	17	4915	UnityEngine.UI:UnityEngine.UI.Slider	1421	Slider	mono_string_candidate
UnityEngine.Object, UnityEngine	level3	941536	31	4915	UnityEngine.UI:UnityEngine.UI.Slider	1421	Slider	mono_string_candidate
SettingsMenu, Assembly-CSharp	level3	941604	29	4915	UnityEngine.UI:UnityEngine.UI.Slider	1421	Slider	mono_string_candidate
UpdateVolumeMusic	level3	941640	17	4915	UnityEngine.UI:UnityEngine.UI.Slider	1421	Slider	mono_string_candidate
UnityEngine.Object, UnityEngine	level3	941680	31	4915	UnityEngine.UI:UnityEngine.UI.Slider	1421	Slider	mono_string_candidate
Normal	level3	941976	6	4916	UnityEngine.UI:UnityEngine.UI.Button	1294	Quit	mono_string_candidate
Highlighted	level3	941988	11	4916	UnityEngine.UI:UnityEngine.UI.Button	1294	Quit	mono_string_candidate
Pressed	level3	942004	7	4916	UnityEngine.UI:UnityEngine.UI.Button	1294	Quit	mono_string_candidate
Selected	level3	942016	8	4916	UnityEngine.UI:UnityEngine.UI.Button	1294	Quit	mono_string_candidate
Disabled	level3	942028	8	4916	UnityEngine.UI:UnityEngine.UI.Button	1294	Quit	mono_string_candidate
PauseMenu, Assembly-CSharp	level3	942072	26	4916	UnityEngine.UI:UnityEngine.UI.Button	1294	Quit	mono_string_candidate
QuitGame	level3	942104	8	4916	UnityEngine.UI:UnityEngine.UI.Button	1294	Quit	mono_string_candidate
UnityEngine.Object, UnityEngine	level3	942132	31	4916	UnityEngine.UI:UnityEngine.UI.Button	1294	Quit	mono_string_candidate
Assets/UniStorm Weather System/Resources/Components/Resources/UniStorm Data.asset	level3	942480	81	4917	Assembly-CSharp:UniStorm.UniStormSystem	1278	UniStorm URP System	mono_string_candidate
Player	level3	942616	6	4917	Assembly-CSharp:UniStorm.UniStormSystem	1278	UniStorm URP System	mono_string_candidate
FPS Player	level3	942628	10	4917	Assembly-CSharp:UniStorm.UniStormSystem	1278	UniStorm URP System	mono_string_candidate
MainCamera	level3	942644	10	4917	Assembly-CSharp:UniStorm.UniStormSystem	1278	UniStorm URP System	mono_string_candidate
Main Camera	level3	942660	11	4917	Assembly-CSharp:UniStorm.UniStormSystem	1278	UniStorm URP System	mono_string_candidate
Respawn	level3	945628	7	4917	Assembly-CSharp:UniStorm.UniStormSystem	1278	UniStorm URP System	mono_string_candidate
Respawn	level3	945764	7	4917	Assembly-CSharp:UniStorm.UniStormSystem	1278	UniStorm URP System	mono_string_candidate
Normal	level3	954648	6	4920	UnityEngine.UI:UnityEngine.UI.Button	1256	Accept	mono_string_candidate
Highlighted	level3	954660	11	4920	UnityEngine.UI:UnityEngine.UI.Button	1256	Accept	mono_string_candidate
Pressed	level3	954676	7	4920	UnityEngine.UI:UnityEngine.UI.Button	1256	Accept	mono_string_candidate
Selected	level3	954688	8	4920	UnityEngine.UI:UnityEngine.UI.Button	1256	Accept	mono_string_candidate
Disabled	level3	954700	8	4920	UnityEngine.UI:UnityEngine.UI.Button	1256	Accept	mono_string_candidate
game_controller, Assembly-CSharp	level3	954744	32	4920	UnityEngine.UI:UnityEngine.UI.Button	1256	Accept	mono_string_candidate
UnityEngine.Object, UnityEngine	level3	954816	31	4920	UnityEngine.UI:UnityEngine.UI.Button	1256	Accept	mono_string_candidate
Dead by the Sea.	level3	957040	16	4926	Assembly-CSharp:game_controller	1127	GameController	mono_string_candidate
Your friend is sleeping with the fishes.	level3	957612	40	4926	Assembly-CSharp:game_controller	1127	GameController	mono_string_candidate
You lost an item to the sea.	level3	957656	28	4926	Assembly-CSharp:game_controller	1127	GameController	mono_string_candidate
Something broke during the night.	level3	957688	33	4926	Assembly-CSharp:game_controller	1127	GameController	mono_string_candidate
You did not sleep very well.	level3	957728	28	4926	Assembly-CSharp:game_controller	1127	GameController	mono_string_candidate
You feel weak.	level3	957760	14	4926	Assembly-CSharp:game_controller	1127	GameController	mono_string_candidate
Help may be on the way...	level3	957780	25	4926	Assembly-CSharp:game_controller	1127	GameController	mono_string_candidate
Normal	level3	959720	6	4937	UnityEngine.UI:UnityEngine.UI.Scrollbar	1396	Scrollbar	mono_string_candidate
Highlighted	level3	959732	11	4937	UnityEngine.UI:UnityEngine.UI.Scrollbar	1396	Scrollbar	mono_string_candidate
Pressed	level3	959748	7	4937	UnityEngine.UI:UnityEngine.UI.Scrollbar	1396	Scrollbar	mono_string_candidate
Selected	level3	959760	8	4937	UnityEngine.UI:UnityEngine.UI.Scrollbar	1396	Scrollbar	mono_string_candidate
Disabled	level3	959772	8	4937	UnityEngine.UI:UnityEngine.UI.Scrollbar	1396	Scrollbar	mono_string_candidate
Normal	level3	960072	6	4938	UnityEngine.UI:UnityEngine.UI.Button	1106	no	mono_string_candidate
Highlighted	level3	960084	11	4938	UnityEngine.UI:UnityEngine.UI.Button	1106	no	mono_string_candidate
Pressed	level3	960100	7	4938	UnityEngine.UI:UnityEngine.UI.Button	1106	no	mono_string_candidate
Selected	level3	960112	8	4938	UnityEngine.UI:UnityEngine.UI.Button	1106	no	mono_string_candidate
Disabled	level3	960124	8	4938	UnityEngine.UI:UnityEngine.UI.Button	1106	no	mono_string_candidate
SettingsMenu, Assembly-CSharp	level3	960168	29	4938	UnityEngine.UI:UnityEngine.UI.Button	1106	no	mono_string_candidate
RevertResolution	level3	960204	16	4938	UnityEngine.UI:UnityEngine.UI.Button	1106	no	mono_string_candidate
UnityEngine.Object, UnityEngine	level3	960240	31	4938	UnityEngine.UI:UnityEngine.UI.Button	1106	no	mono_string_candidate
Normal	level3	961400	6	4947	UnityEngine.UI:UnityEngine.UI.Button	1240	Resume	mono_string_candidate
Highlighted	level3	961412	11	4947	UnityEngine.UI:UnityEngine.UI.Button	1240	Resume	mono_string_candidate
Pressed	level3	961428	7	4947	UnityEngine.UI:UnityEngine.UI.Button	1240	Resume	mono_string_candidate
Selected	level3	961440	8	4947	UnityEngine.UI:UnityEngine.UI.Button	1240	Resume	mono_string_candidate
Disabled	level3	961452	8	4947	UnityEngine.UI:UnityEngine.UI.Button	1240	Resume	mono_string_candidate
PauseMenu, Assembly-CSharp	level3	961496	26	4947	UnityEngine.UI:UnityEngine.UI.Button	1240	Resume	mono_string_candidate
Resume	level3	961528	6	4947	UnityEngine.UI:UnityEngine.UI.Button	1240	Resume	mono_string_candidate
UnityEngine.Object, UnityEngine	level3	961556	31	4947	UnityEngine.UI:UnityEngine.UI.Button	1240	Resume	mono_string_candidate
Normal	level3	961848	6	4948	UnityEngine.UI:UnityEngine.UI.Button	1150	RunButton	mono_string_candidate
Highlighted	level3	961860	11	4948	UnityEngine.UI:UnityEngine.UI.Button	1150	RunButton	mono_string_candidate
Pressed	level3	961876	7	4948	UnityEngine.UI:UnityEngine.UI.Button	1150	RunButton	mono_string_candidate
Selected	level3	961888	8	4948	UnityEngine.UI:UnityEngine.UI.Button	1150	RunButton	mono_string_candidate
Disabled	level3	961900	8	4948	UnityEngine.UI:UnityEngine.UI.Button	1150	RunButton	mono_string_candidate
game_controller, Assembly-CSharp	level3	961944	32	4948	UnityEngine.UI:UnityEngine.UI.Button	1150	RunButton	mono_string_candidate
UnityEngine.Object, UnityEngine	level3	962016	31	4948	UnityEngine.UI:UnityEngine.UI.Button	1150	RunButton	mono_string_candidate
Normal	level3	962456	6	4950	Unity.TextMeshPro:TMPro.TMP_InputField	1194	InputNightResult	mono_string_candidate
Highlighted	level3	962468	11	4950	Unity.TextMeshPro:TMPro.TMP_InputField	1194	InputNightResult	mono_string_candidate
Pressed	level3	962484	7	4950	Unity.TextMeshPro:TMPro.TMP_InputField	1194	InputNightResult	mono_string_candidate
Selected	level3	962496	8	4950	Unity.TextMeshPro:TMPro.TMP_InputField	1194	InputNightResult	mono_string_candidate
Disabled	level3	962508	8	4950	Unity.TextMeshPro:TMPro.TMP_InputField	1194	InputNightResult	mono_string_candidate
Normal	level3	964200	6	4958	UnityEngine.UI:UnityEngine.UI.Button	1236	BackToMenu	mono_string_candidate
Highlighted	level3	964212	11	4958	UnityEngine.UI:UnityEngine.UI.Button	1236	BackToMenu	mono_string_candidate
Pressed	level3	964228	7	4958	UnityEngine.UI:UnityEngine.UI.Button	1236	BackToMenu	mono_string_candidate
Selected	level3	964240	8	4958	UnityEngine.UI:UnityEngine.UI.Button	1236	BackToMenu	mono_string_candidate
Disabled	level3	964252	8	4958	UnityEngine.UI:UnityEngine.UI.Button	1236	BackToMenu	mono_string_candidate
PauseMenu, Assembly-CSharp	level3	964296	26	4958	UnityEngine.UI:UnityEngine.UI.Button	1236	BackToMenu	mono_string_candidate
BackToMenu	level3	964328	10	4958	UnityEngine.UI:UnityEngine.UI.Button	1236	BackToMenu	mono_string_candidate
UnityEngine.Object, UnityEngine	level3	964360	31	4958	UnityEngine.UI:UnityEngine.UI.Button	1236	BackToMenu	mono_string_candidate
Drifting Barrel	level3	964640	15	4961	Assembly-CSharp:CursorInfoMaker	1369	barrelToClick	mono_string_candidate
Normal	level3	968776	6	4974	UnityEngine.UI:UnityEngine.UI.Toggle	1293	Item	mono_string_candidate
Highlighted	level3	968788	11	4974	UnityEngine.UI:UnityEngine.UI.Toggle	1293	Item	mono_string_candidate
Pressed	level3	968804	7	4974	UnityEngine.UI:UnityEngine.UI.Toggle	1293	Item	mono_string_candidate
Selected	level3	968816	8	4974	UnityEngine.UI:UnityEngine.UI.Toggle	1293	Item	mono_string_candidate
Disabled	level3	968828	8	4974	UnityEngine.UI:UnityEngine.UI.Toggle	1293	Item	mono_string_candidate
Drifting Crate	level3	968944	14	4975	Assembly-CSharp:CursorInfoMaker	1429	crateToClick	mono_string_candidate
Yes	level4	2024252	3	9569	Unity.TextMeshPro:TMPro.TextMeshProUGUI	12	Text (TMP)	tmp_m_text
What's your choice?	level4	2024780	19	9570	Unity.TextMeshPro:TMPro.TextMeshProUGUI	269	choice_question_text	tmp_m_text
go to sleep	level4	2025324	11	9571	Unity.TextMeshPro:TMPro.TextMeshProUGUI	426	Text (TMP)	tmp_m_text
go to sleep	level4	2025852	11	9572	Unity.TextMeshPro:TMPro.TextMeshProUGUI	504	Text (TMP)	tmp_m_text
go to sleep	level4	2026380	11	9573	Unity.TextMeshPro:TMPro.TextMeshProUGUI	521	Text (TMP)	tmp_m_text
go to sleep	level4	2026908	11	9574	Unity.TextMeshPro:TMPro.TextMeshProUGUI	567	Text (TMP)	tmp_m_text
go to sleep	level4	2027436	11	9575	Unity.TextMeshPro:TMPro.TextMeshProUGUI	797	Text (TMP)	tmp_m_text
I cannot sleep.	level4	2027964	15	9576	Unity.TextMeshPro:TMPro.TextMeshProUGUI	818	FriendText	tmp_m_text
go to sleep	level4	2028492	11	9577	Unity.TextMeshPro:TMPro.TextMeshProUGUI	835	Text (TMP)	tmp_m_text
"Today i fucked up by goin on a boat tour and it literally just sink onto the bottom of the fucking ocean.

I'm hungry."	level4	2029020	118	9578	Unity.TextMeshPro:TMPro.TextMeshProUGUI	970	StoryText	tmp_m_text
go to sleep	level4	2029660	11	9579	Unity.TextMeshPro:TMPro.TextMeshProUGUI	1165	Text (TMP)	tmp_m_text
Thank you...	level4	2030188	12	9580	Unity.TextMeshPro:TMPro.TextMeshProUGUI	1188	ThanksText	tmp_m_text
"""I need to turn..."""	level4	2030716	19	9581	Unity.TextMeshPro:TMPro.TextMeshProUGUI	1200	FriendText	tmp_m_text
That did not help...	level4	2031260	20	9582	Unity.TextMeshPro:TMPro.TextMeshProUGUI	1237	NoThanksText	tmp_m_text
go to sleep	level4	2031804	11	9583	Unity.TextMeshPro:TMPro.TextMeshProUGUI	1414	Text (TMP)	tmp_m_text
"""This might help me navigate..."""	level4	2032332	32	9584	Unity.TextMeshPro:TMPro.TextMeshProUGUI	1420	handy_text	tmp_m_text
"""Going this way seems dangerous..."""	level4	2032876	35	9585	Unity.TextMeshPro:TMPro.TextMeshProUGUI	1433	FriendText	tmp_m_text
go to sleep	level4	2033436	11	9586	Unity.TextMeshPro:TMPro.TextMeshProUGUI	1449	Text (TMP)	tmp_m_text
go to sleep	level4	2033964	11	9587	Unity.TextMeshPro:TMPro.TextMeshProUGUI	1467	Text (TMP)	tmp_m_text
go to sleep	level4	2034492	11	9588	Unity.TextMeshPro:TMPro.TextMeshProUGUI	1492	Text (TMP)	tmp_m_text
Eat (Small)	level4	2035020	11	9589	Unity.TextMeshPro:TMPro.TextMeshProUGUI	1499	CursorTipText_subText	tmp_m_text
Try to sleep back?	level4	2035548	18	9590	Unity.TextMeshPro:TMPro.TextMeshProUGUI	1523	Text (TMP)	tmp_m_text
That did not help...	level4	2036092	20	9591	Unity.TextMeshPro:TMPro.TextMeshProUGUI	1645	NoThanksText	tmp_m_text
go to sleep	level4	2036636	11	9592	Unity.TextMeshPro:TMPro.TextMeshProUGUI	1817	Text (TMP)	tmp_m_text
go to sleep	level4	2037164	11	9593	Unity.TextMeshPro:TMPro.TextMeshProUGUI	1829	Text (TMP)	tmp_m_text
"The debt has been paid.
You are free."	level4	2037692	37	9594	Unity.TextMeshPro:TMPro.TextMeshProUGUI	1856	Text (TMP)	tmp_m_text
"""Let's hope this can guide me..."""	level4	2038252	33	9595	Unity.TextMeshPro:TMPro.TextMeshProUGUI	1858	handy_text	tmp_m_text
Click to fix!	level4	2038812	13	9596	Unity.TextMeshPro:TMPro.TextMeshProUGUI	1957	click_to_fix	tmp_m_text
Thank you...	level4	2039340	12	9597	Unity.TextMeshPro:TMPro.TextMeshProUGUI	1968	ThanksText	tmp_m_text
I don't feel very well...	level4	2039868	25	9598	Unity.TextMeshPro:TMPro.TextMeshProUGUI	1985	FriendText	tmp_m_text
Cursor Tip Text	level4	2040412	15	9599	Unity.TextMeshPro:TMPro.TextMeshProUGUI	2033	CursorTipText	tmp_m_text
No	level4	2040940	2	9600	Unity.TextMeshPro:TMPro.TextMeshProUGUI	2099	Text (TMP)	tmp_m_text
"""This might come in handy..."""	level4	2041468	29	9601	Unity.TextMeshPro:TMPro.TextMeshProUGUI	2186	handy_text	tmp_m_text
go to sleep	level4	2042012	11	9602	Unity.TextMeshPro:TMPro.TextMeshProUGUI	2195	Text (TMP)	tmp_m_text
Choose an item...	level4	2042540	17	9603	Unity.TextMeshPro:TMPro.TextMeshProUGUI	2316	choice_question_text	tmp_m_text
go to sleep	level4	2043084	11	9604	Unity.TextMeshPro:TMPro.TextMeshProUGUI	2324	Text (TMP)	tmp_m_text
night events:	level4	2043612	13	9605	Unity.TextMeshPro:TMPro.TextMeshProUGUI	2343	text	tmp_m_text
"""I can't sleep well..."""	level4	2044140	23	9606	Unity.TextMeshPro:TMPro.TextMeshProUGUI	2451	Text (TMP)	tmp_m_text
Day 1	level4	2044684	5	9607	Unity.TextMeshPro:TMPro.TextMeshProUGUI	2456	DayText	tmp_m_text
"""Okay, let's go somewhere..."""	level4	2045212	29	9608	Unity.TextMeshPro:TMPro.TextMeshProUGUI	2460	handy_text (1)	tmp_m_text
go to sleep	level4	2045756	11	9609	Unity.TextMeshPro:TMPro.TextMeshProUGUI	2468	Text (TMP)	tmp_m_text
It was a peaceful night...	level4	2046284	26	9610	Unity.TextMeshPro:TMPro.TextMeshProUGUI	2473	Text (TMP)	tmp_m_text
50%	level4	2046828	3	9611	Unity.TextMeshPro:TMPro.TextMeshProUGUI	2949	SettingPercent	tmp_m_text
Keep new resolution?	level4	2047356	20	9612	Unity.TextMeshPro:TMPro.TextMeshProUGUI	2743	keep_res_title	tmp_m_text
Back to Menu	level4	2047900	12	9613	Unity.TextMeshPro:TMPro.TextMeshProUGUI	2491	txt	tmp_m_text
"kill
getfish
superhelp"	level4	2048428	22	9614	Unity.TextMeshPro:TMPro.TextMeshProUGUI	2500	help	tmp_m_text
1920x1080	level4	2048972	9	9615	Unity.TextMeshPro:TMPro.TextMeshProUGUI	2742	Label	tmp_m_text
Volume SFX	level4	2049500	10	9616	Unity.TextMeshPro:TMPro.TextMeshProUGUI	2511	SettingName	tmp_m_text
Reverts automatically in: 10	level4	2050028	28	9617	Unity.TextMeshPro:TMPro.TextMeshProUGUI	2580	reset_counter	tmp_m_text
Volume Music	level4	2050572	12	9618	Unity.TextMeshPro:TMPro.TextMeshProUGUI	2605	SettingName	tmp_m_text
"itemgive-itemid-n
itemremove-itemid-n
itembreak-itemid
itemfix-itemid
damage-n
danger-n
dangerset-n
energy-n
hitfriendenergy-n
friendsick-n
curefriend
feedfriend
killfriend
addhappen-happenid,h,h…
adddistance-n
endgame-reason
itemremoverandom
itembreakrandom
notice-message
hitbait-n
"	level4	2051100	305	9619	Unity.TextMeshPro:TMPro.TextMeshProUGUI	2893	help	tmp_m_text
Brightness	level4	2051932	10	9620	Unity.TextMeshPro:TMPro.TextMeshProUGUI	2716	SettingName	tmp_m_text
(Removes the requirement of holding mouse button.)	level4	2052460	50	9621	Unity.TextMeshPro:TMPro.TextMeshProUGUI	2911	SettingDesc	tmp_m_text
Enter text...	level4	2053036	13	9622	Unity.TextMeshPro:TMPro.TextMeshProUGUI	2806	Placeholder	tmp_m_text
Settings	level4	2053564	8	9623	Unity.TextMeshPro:TMPro.TextMeshProUGUI	2655	txt	tmp_m_text
| Created by: Taiki <i>(DopplerGhost)</i> | Special Thanks to: TakDor, Merlidan, Drael, and you! |	level4	2054092	98	9624	Unity.TextMeshPro:TMPro.TextMeshProUGUI	2915	SettingName	tmp_m_text
100%	level4	2054716	4	9625	Unity.TextMeshPro:TMPro.TextMeshProUGUI	2701	SettingPercent	tmp_m_text
1920x1080	level4	2055244	9	9626	Unity.TextMeshPro:TMPro.TextMeshProUGUI	2912	Item Label	tmp_m_text
100%	level4	2055772	4	9627	Unity.TextMeshPro:TMPro.TextMeshProUGUI	2826	SettingPercent	tmp_m_text
Quit	level4	2056300	4	9628	Unity.TextMeshPro:TMPro.TextMeshProUGUI	2501	txt	tmp_m_text
50%	level4	2057356	3	9630	Unity.TextMeshPro:TMPro.TextMeshProUGUI	2809	SettingPercent	tmp_m_text
Enter text...	level4	2057884	13	9631	Unity.TextMeshPro:TMPro.TextMeshProUGUI	2937	Placeholder	tmp_m_text
Resume	level4	2058412	6	9632	Unity.TextMeshPro:TMPro.TextMeshProUGUI	2630	txt	tmp_m_text
Screen Resolution	level4	2058940	17	9633	Unity.TextMeshPro:TMPro.TextMeshProUGUI	2982	SettingName	tmp_m_text
Forced Night Result	level4	2059484	19	9634	Unity.TextMeshPro:TMPro.TextMeshProUGUI	2766	NightResulttxt	tmp_m_text
Settings	level4	2060028	8	9635	Unity.TextMeshPro:TMPro.TextMeshProUGUI	2724	settings_subtitle	tmp_m_text
Run	level4	2060556	3	9636	Unity.TextMeshPro:TMPro.TextMeshProUGUI	2620	Text (TMP)	tmp_m_text
No	level4	2061084	2	9637	Unity.TextMeshPro:TMPro.TextMeshProUGUI	2744	button_txt	tmp_m_text
Day 0	level4	2061612	5	9638	Unity.TextMeshPro:TMPro.TextMeshProUGUI	2631	Text (TMP)	tmp_m_text
Instant Clicking	level4	2062140	16	9639	Unity.TextMeshPro:TMPro.TextMeshProUGUI	2668	SettingName	tmp_m_text
Mouse Sensitivity	level4	2062668	17	9640	Unity.TextMeshPro:TMPro.TextMeshProUGUI	2828	SettingName	tmp_m_text
Paused	level4	2063212	6	9641	Unity.TextMeshPro:TMPro.TextMeshProUGUI	2858	PausedTitle	tmp_m_text
The Game is saved automatically every morning.	level4	2063740	46	9642	Unity.TextMeshPro:TMPro.TextMeshProUGUI	2681	save_tip	tmp_m_text
v0.3.5	level4	2064300	6	9643	Unity.TextMeshPro:TMPro.TextMeshProUGUI	2587	versiontext	tmp_m_text
Restore Default Settings	level4	2064828	24	9644	Unity.TextMeshPro:TMPro.TextMeshProUGUI	2899	SettingName	tmp_m_text
Accept	level4	2065372	6	9645	Unity.TextMeshPro:TMPro.TextMeshProUGUI	2905	txt	tmp_m_text
seed: 212832382	level4	2066428	15	9647	Unity.TextMeshPro:TMPro.TextMeshProUGUI	2821	save_tip	tmp_m_text
Volume Master	level4	2066956	13	9648	Unity.TextMeshPro:TMPro.TextMeshProUGUI	2907	SettingName	tmp_m_text
Yes	level4	2067484	3	9649	Unity.TextMeshPro:TMPro.TextMeshProUGUI	2846	button_txt	tmp_m_text
100%	level4	2068012	4	9650	Unity.TextMeshPro:TMPro.TextMeshProUGUI	2792	SettingPercent	tmp_m_text
Enter Action Code	level4	2068540	17	9651	Unity.TextMeshPro:TMPro.TextMeshProUGUI	2841	Text (TMP)	tmp_m_text
Deflated Swim Ring	level4	2070432	18	9661	Assembly-CSharp:CursorInfoMaker	63	swimming_belt (broken)	mono_string_candidate
Map	level4	2072240	3	9674	Assembly-CSharp:CursorInfoMaker	101	map	mono_string_candidate
Normal	level4	2073912	6	9688	UnityEngine.UI:UnityEngine.UI.Button	168	Button_No	mono_string_candidate
Highlighted	level4	2073924	11	9688	UnityEngine.UI:UnityEngine.UI.Button	168	Button_No	mono_string_candidate
Pressed	level4	2073940	7	9688	UnityEngine.UI:UnityEngine.UI.Button	168	Button_No	mono_string_candidate
Selected	level4	2073952	8	9688	UnityEngine.UI:UnityEngine.UI.Button	168	Button_No	mono_string_candidate
Disabled	level4	2073964	8	9688	UnityEngine.UI:UnityEngine.UI.Button	168	Button_No	mono_string_candidate
NightChoiceMaker, Assembly-CSharp	level4	2074008	33	9688	UnityEngine.UI:UnityEngine.UI.Button	168	Button_No	mono_string_candidate
PressedNo	level4	2074048	9	9688	UnityEngine.UI:UnityEngine.UI.Button	168	Button_No	mono_string_candidate
UnityEngine.Object, UnityEngine	level4	2074080	31	9688	UnityEngine.UI:UnityEngine.UI.Button	168	Button_No	mono_string_candidate
Fish Can	level4	2074656	8	9693	Assembly-CSharp:CursorInfoMaker	174	food_fish (1)	mono_string_candidate
Duct Tape	level4	2075600	9	9701	Assembly-CSharp:CursorInfoMaker	195	ducttape	mono_string_candidate
Anchor	level4	2078976	6	9731	Assembly-CSharp:CursorInfoMaker	331	anchor	mono_string_candidate
Bait	level4	2079504	4	9736	Assembly-CSharp:CursorInfoMaker	366	bait	mono_string_candidate
Telescope	level4	2080592	9	9742	Assembly-CSharp:CursorInfoMaker	384	telescope	mono_string_candidate
Broken Scuba Set	level4	2083104	16	9766	Assembly-CSharp:CursorInfoMaker	469	scuba_set (broken)	mono_string_candidate
Umbrella	level4	2084176	8	9774	Assembly-CSharp:CursorInfoMaker	509	umbrella	mono_string_candidate
Fish Can	level4	2084912	8	9780	Assembly-CSharp:CursorInfoMaker	525	food_fish (2)	mono_string_candidate
Flashlight	level4	2086416	10	9794	Assembly-CSharp:CursorInfoMaker	559	flashlight	mono_string_candidate
Swim Ring	level4	2087136	9	9799	Assembly-CSharp:CursorInfoMaker	580	swimming_belt	mono_string_candidate
Broken Telescope	level4	2091648	16	9829	Assembly-CSharp:CursorInfoMaker	736	telescope (broken)	mono_string_candidate
Fish Can	level4	2091984	8	9832	Assembly-CSharp:CursorInfoMaker	740	food_fish (4)	mono_string_candidate
Harpoon Gun	level4	2092784	11	9838	Assembly-CSharp:CursorInfoMaker	753	hookgun	mono_string_candidate
Torn Fishnet	level4	2094176	12	9848	Assembly-CSharp:CursorInfoMaker	794	net (broken)	mono_string_candidate
Fishnet	level4	2094496	7	9852	Assembly-CSharp:CursorInfoMaker	803	net	mono_string_candidate
Horizontal	level4	2094872	10	9855	UnityEngine.UI:UnityEngine.EventSystems.StandaloneInputModule	815	EventSystem	mono_string_candidate
Vertical	level4	2094888	8	9855	UnityEngine.UI:UnityEngine.EventSystems.StandaloneInputModule	815	EventSystem	mono_string_candidate
Submit	level4	2094900	6	9855	UnityEngine.UI:UnityEngine.EventSystems.StandaloneInputModule	815	EventSystem	mono_string_candidate
Cancel	level4	2094912	6	9855	UnityEngine.UI:UnityEngine.EventSystems.StandaloneInputModule	815	EventSystem	mono_string_candidate
I cannot sleep.	level4	2095188	15	9857	Assembly-CSharp:addRandomText	818	FriendText	mono_string_candidate
You can't sleep either?	level4	2095208	23	9857	Assembly-CSharp:addRandomText	818	FriendText	mono_string_candidate
We should be asleep...	level4	2095236	22	9857	Assembly-CSharp:addRandomText	818	FriendText	mono_string_candidate
Fish Can	level4	2100832	8	9908	Assembly-CSharp:CursorInfoMaker	1008	food_fish (3)	mono_string_candidate
Fish Can	level4	2101152	8	9911	Assembly-CSharp:CursorInfoMaker	1018	food_fish	mono_string_candidate
Normal	level4	2103912	6	9934	UnityEngine.UI:UnityEngine.UI.Button	1126	Button_Yes	mono_string_candidate
Highlighted	level4	2103924	11	9934	UnityEngine.UI:UnityEngine.UI.Button	1126	Button_Yes	mono_string_candidate
Pressed	level4	2103940	7	9934	UnityEngine.UI:UnityEngine.UI.Button	1126	Button_Yes	mono_string_candidate
Selected	level4	2103952	8	9934	UnityEngine.UI:UnityEngine.UI.Button	1126	Button_Yes	mono_string_candidate
Disabled	level4	2103964	8	9934	UnityEngine.UI:UnityEngine.UI.Button	1126	Button_Yes	mono_string_candidate
NightChoiceMaker, Assembly-CSharp	level4	2104008	33	9934	UnityEngine.UI:UnityEngine.UI.Button	1126	Button_Yes	mono_string_candidate
PressedYes	level4	2104048	10	9934	UnityEngine.UI:UnityEngine.UI.Button	1126	Button_Yes	mono_string_candidate
UnityEngine.Object, UnityEngine	level4	2104080	31	9934	UnityEngine.UI:UnityEngine.UI.Button	1126	Button_Yes	mono_string_candidate
Torn Map	level4	2104640	8	9940	Assembly-CSharp:CursorInfoMaker	1136	map (broken)	mono_string_candidate
Fish Can	level4	2105120	8	9944	Assembly-CSharp:CursorInfoMaker	1150	food_fish (5)	mono_string_candidate
Bottled Paper	level4	2107536	13	9964	Assembly-CSharp:CursorInfoMaker	1221	bottle_left_visual	mono_string_candidate
Torn Umbrella	level4	2108000	13	9968	Assembly-CSharp:CursorInfoMaker	1232	umbrella (broken)	mono_string_candidate
Normal	level4	2108408	6	9971	UnityEngine.UI:UnityEngine.UI.Button	1243	GoBackToSleep	mono_string_candidate
Highlighted	level4	2108420	11	9971	UnityEngine.UI:UnityEngine.UI.Button	1243	GoBackToSleep	mono_string_candidate
Pressed	level4	2108436	7	9971	UnityEngine.UI:UnityEngine.UI.Button	1243	GoBackToSleep	mono_string_candidate
Selected	level4	2108448	8	9971	UnityEngine.UI:UnityEngine.UI.Button	1243	GoBackToSleep	mono_string_candidate
Disabled	level4	2108460	8	9971	UnityEngine.UI:UnityEngine.UI.Button	1243	GoBackToSleep	mono_string_candidate
GameNightController, Assembly-CSharp	level4	2108504	36	9971	UnityEngine.UI:UnityEngine.UI.Button	1243	GoBackToSleep	mono_string_candidate
TryToSleep	level4	2108544	10	9971	UnityEngine.UI:UnityEngine.UI.Button	1243	GoBackToSleep	mono_string_candidate
UnityEngine.Object, UnityEngine	level4	2108576	31	9971	UnityEngine.UI:UnityEngine.UI.Button	1243	GoBackToSleep	mono_string_candidate
Bait	level4	2108832	4	9973	Assembly-CSharp:CursorInfoMaker	1244	bait (2)	mono_string_candidate
Energy Bar	level4	2114448	10	10015	Assembly-CSharp:CursorInfoMaker	1416	energy_bar	mono_string_candidate
First Aid Kit	level4	2114720	13	10018	Assembly-CSharp:CursorInfoMaker	1432	firstaidkit	mono_string_candidate
Scuba Set	level4	2114912	9	10020	Assembly-CSharp:CursorInfoMaker	1437	scuba_set	mono_string_candidate
Broken Compass	level4	2118832	14	10051	Assembly-CSharp:CursorInfoMaker	1573	compass (broken)	mono_string_candidate
Broken Anchor	level4	2120592	13	10067	Assembly-CSharp:CursorInfoMaker	1620	anchor (broken)	mono_string_candidate
Fish Can	level4	2121840	8	10070	Assembly-CSharp:CursorInfoMaker	1633	food_fish (6)	mono_string_candidate
Broken Flashlight	level4	2125104	17	10099	Assembly-CSharp:CursorInfoMaker	1723	flashlight (broken)	mono_string_candidate
Flare Gun	level4	2126928	9	10117	Assembly-CSharp:CursorInfoMaker	1793	flaregun	mono_string_candidate
I don't feel very well...	level4	2134228	25	10161	Assembly-CSharp:addRandomText	1985	FriendText	mono_string_candidate
I think I feel sick...	level4	2134260	22	10161	Assembly-CSharp:addRandomText	1985	FriendText	mono_string_candidate
My head hurts...	level4	2134288	16	10161	Assembly-CSharp:addRandomText	1985	FriendText	mono_string_candidate
Bucket	level4	2135024	6	10167	Assembly-CSharp:CursorInfoMaker	2007	bucket	mono_string_candidate
Broken Harpoon Gun	level4	2137216	18	10183	Assembly-CSharp:CursorInfoMaker	2079	hookgun (broken)	mono_string_candidate
Chest	level4	2139648	5	10204	Assembly-CSharp:CursorInfoMaker	2132	LootBoxChest	mono_string_candidate
Bait	level4	2143344	4	10237	Assembly-CSharp:CursorInfoMaker	2270	bait (1)	mono_string_candidate
Fish Can	level4	2145392	8	10245	Assembly-CSharp:CursorInfoMaker	2295	food_fish (7)	mono_string_candidate
Touch Hand?	level4	2146384	11	10255	Assembly-CSharp:CursorInfoMaker	2569	fatehand	mono_string_candidate
Broken Bucket	level4	2147328	13	10263	Assembly-CSharp:CursorInfoMaker	2372	bucket (broken)	mono_string_candidate
Compass	level4	2147872	7	10267	Assembly-CSharp:CursorInfoMaker	2406	compass	mono_string_candidate
Normal	level4	2151928	6	10278	UnityEngine.UI:UnityEngine.UI.Toggle	2973	Toggle	mono_string_candidate
Highlighted	level4	2151940	11	10278	UnityEngine.UI:UnityEngine.UI.Toggle	2973	Toggle	mono_string_candidate
Pressed	level4	2151956	7	10278	UnityEngine.UI:UnityEngine.UI.Toggle	2973	Toggle	mono_string_candidate
Selected	level4	2151968	8	10278	UnityEngine.UI:UnityEngine.UI.Toggle	2973	Toggle	mono_string_candidate
Disabled	level4	2151980	8	10278	UnityEngine.UI:UnityEngine.UI.Toggle	2973	Toggle	mono_string_candidate
SettingsMenu, Assembly-CSharp	level4	2152052	29	10278	UnityEngine.UI:UnityEngine.UI.Toggle	2973	Toggle	mono_string_candidate
UpdateInstantClick	level4	2152088	18	10278	UnityEngine.UI:UnityEngine.UI.Toggle	2973	Toggle	mono_string_candidate
UnityEngine.Object, UnityEngine	level4	2152128	31	10278	UnityEngine.UI:UnityEngine.UI.Toggle	2973	Toggle	mono_string_candidate
Normal	level4	2152568	6	10280	Unity.TextMeshPro:TMPro.TMP_Dropdown	2880	Dropdown	mono_string_candidate
Highlighted	level4	2152580	11	10280	Unity.TextMeshPro:TMPro.TMP_Dropdown	2880	Dropdown	mono_string_candidate
Pressed	level4	2152596	7	10280	Unity.TextMeshPro:TMPro.TMP_Dropdown	2880	Dropdown	mono_string_candidate
Selected	level4	2152608	8	10280	Unity.TextMeshPro:TMPro.TMP_Dropdown	2880	Dropdown	mono_string_candidate
Disabled	level4	2152620	8	10280	Unity.TextMeshPro:TMPro.TMP_Dropdown	2880	Dropdown	mono_string_candidate
SettingsMenu, Assembly-CSharp	level4	2152792	29	10280	Unity.TextMeshPro:TMPro.TMP_Dropdown	2880	Dropdown	mono_string_candidate
ApplyResolution	level4	2152828	15	10280	Unity.TextMeshPro:TMPro.TMP_Dropdown	2880	Dropdown	mono_string_candidate
UnityEngine.Object, UnityEngine	level4	2152864	31	10280	Unity.TextMeshPro:TMPro.TMP_Dropdown	2880	Dropdown	mono_string_candidate
Normal	level4	2153336	6	10283	UnityEngine.UI:UnityEngine.UI.Slider	2499	Slider	mono_string_candidate
Highlighted	level4	2153348	11	10283	UnityEngine.UI:UnityEngine.UI.Slider	2499	Slider	mono_string_candidate
Pressed	level4	2153364	7	10283	UnityEngine.UI:UnityEngine.UI.Slider	2499	Slider	mono_string_candidate
Selected	level4	2153376	8	10283	UnityEngine.UI:UnityEngine.UI.Slider	2499	Slider	mono_string_candidate
Disabled	level4	2153388	8	10283	UnityEngine.UI:UnityEngine.UI.Slider	2499	Slider	mono_string_candidate
SettingsMenu, Assembly-CSharp	level4	2153476	29	10283	UnityEngine.UI:UnityEngine.UI.Slider	2499	Slider	mono_string_candidate
UpdateMousesens	level4	2153512	15	10283	UnityEngine.UI:UnityEngine.UI.Slider	2499	Slider	mono_string_candidate
UnityEngine.Object, UnityEngine	level4	2153548	31	10283	UnityEngine.UI:UnityEngine.UI.Slider	2499	Slider	mono_string_candidate
Normal	level4	2154936	6	10294	Unity.TextMeshPro:TMPro.TMP_InputField	2795	InputField (TMP)	mono_string_candidate
Highlighted	level4	2154948	11	10294	Unity.TextMeshPro:TMPro.TMP_InputField	2795	InputField (TMP)	mono_string_candidate
Pressed	level4	2154964	7	10294	Unity.TextMeshPro:TMPro.TMP_InputField	2795	InputField (TMP)	mono_string_candidate
Selected	level4	2154976	8	10294	Unity.TextMeshPro:TMPro.TMP_InputField	2795	InputField (TMP)	mono_string_candidate
Disabled	level4	2154988	8	10294	Unity.TextMeshPro:TMPro.TMP_InputField	2795	InputField (TMP)	mono_string_candidate
Normal	level4	2155512	6	10295	UnityEngine.UI:UnityEngine.UI.Slider	2686	Slider	mono_string_candidate
Highlighted	level4	2155524	11	10295	UnityEngine.UI:UnityEngine.UI.Slider	2686	Slider	mono_string_candidate
Pressed	level4	2155540	7	10295	UnityEngine.UI:UnityEngine.UI.Slider	2686	Slider	mono_string_candidate
Selected	level4	2155552	8	10295	UnityEngine.UI:UnityEngine.UI.Slider	2686	Slider	mono_string_candidate
Disabled	level4	2155564	8	10295	UnityEngine.UI:UnityEngine.UI.Slider	2686	Slider	mono_string_candidate
SettingsMenu, Assembly-CSharp	level4	2155652	29	10295	UnityEngine.UI:UnityEngine.UI.Slider	2686	Slider	mono_string_candidate
UpdateVolumeMaster	level4	2155688	18	10295	UnityEngine.UI:UnityEngine.UI.Slider	2686	Slider	mono_string_candidate
UnityEngine.Object, UnityEngine	level4	2155728	31	10295	UnityEngine.UI:UnityEngine.UI.Slider	2686	Slider	mono_string_candidate
SettingsMenu, Assembly-CSharp	level4	2155796	29	10295	UnityEngine.UI:UnityEngine.UI.Slider	2686	Slider	mono_string_candidate
UpdateVolumeMaster	level4	2155832	18	10295	UnityEngine.UI:UnityEngine.UI.Slider	2686	Slider	mono_string_candidate
UnityEngine.Object, UnityEngine	level4	2155872	31	10295	UnityEngine.UI:UnityEngine.UI.Slider	2686	Slider	mono_string_candidate
Normal	level4	2156168	6	10296	UnityEngine.UI:UnityEngine.UI.Slider	2811	Slider	mono_string_candidate
Highlighted	level4	2156180	11	10296	UnityEngine.UI:UnityEngine.UI.Slider	2811	Slider	mono_string_candidate
Pressed	level4	2156196	7	10296	UnityEngine.UI:UnityEngine.UI.Slider	2811	Slider	mono_string_candidate
Selected	level4	2156208	8	10296	UnityEngine.UI:UnityEngine.UI.Slider	2811	Slider	mono_string_candidate
Disabled	level4	2156220	8	10296	UnityEngine.UI:UnityEngine.UI.Slider	2811	Slider	mono_string_candidate
SettingsMenu, Assembly-CSharp	level4	2156308	29	10296	UnityEngine.UI:UnityEngine.UI.Slider	2811	Slider	mono_string_candidate
UpdateBrightness	level4	2156344	16	10296	UnityEngine.UI:UnityEngine.UI.Slider	2811	Slider	mono_string_candidate
UnityEngine.Object, UnityEngine	level4	2156380	31	10296	UnityEngine.UI:UnityEngine.UI.Slider	2811	Slider	mono_string_candidate
Normal	level4	2156664	6	10297	UnityEngine.UI:UnityEngine.UI.Button	2951	Settings	mono_string_candidate
Highlighted	level4	2156676	11	10297	UnityEngine.UI:UnityEngine.UI.Button	2951	Settings	mono_string_candidate
Pressed	level4	2156692	7	10297	UnityEngine.UI:UnityEngine.UI.Button	2951	Settings	mono_string_candidate
Selected	level4	2156704	8	10297	UnityEngine.UI:UnityEngine.UI.Button	2951	Settings	mono_string_candidate
Disabled	level4	2156716	8	10297	UnityEngine.UI:UnityEngine.UI.Button	2951	Settings	mono_string_candidate
PauseMenu, Assembly-CSharp	level4	2156760	26	10297	UnityEngine.UI:UnityEngine.UI.Button	2951	Settings	mono_string_candidate
OpenSettings	level4	2156792	12	10297	UnityEngine.UI:UnityEngine.UI.Button	2951	Settings	mono_string_candidate
UnityEngine.Object, UnityEngine	level4	2156824	31	10297	UnityEngine.UI:UnityEngine.UI.Button	2951	Settings	mono_string_candidate
Normal	level4	2157544	6	10301	UnityEngine.UI:UnityEngine.UI.Button	2847	SettingsPanel_Reset	mono_string_candidate
Highlighted	level4	2157556	11	10301	UnityEngine.UI:UnityEngine.UI.Button	2847	SettingsPanel_Reset	mono_string_candidate
Pressed	level4	2157572	7	10301	UnityEngine.UI:UnityEngine.UI.Button	2847	SettingsPanel_Reset	mono_string_candidate
Selected	level4	2157584	8	10301	UnityEngine.UI:UnityEngine.UI.Button	2847	SettingsPanel_Reset	mono_string_candidate
Disabled	level4	2157596	8	10301	UnityEngine.UI:UnityEngine.UI.Button	2847	SettingsPanel_Reset	mono_string_candidate
SettingsMenu, Assembly-CSharp	level4	2157640	29	10301	UnityEngine.UI:UnityEngine.UI.Button	2847	SettingsPanel_Reset	mono_string_candidate
RestoreDefaultSettings	level4	2157676	22	10301	UnityEngine.UI:UnityEngine.UI.Button	2847	SettingsPanel_Reset	mono_string_candidate
UnityEngine.Object, UnityEngine	level4	2157720	31	10301	UnityEngine.UI:UnityEngine.UI.Button	2847	SettingsPanel_Reset	mono_string_candidate
Normal	level4	2159992	6	10316	UnityEngine.UI:UnityEngine.UI.Slider	2667	Slider	mono_string_candidate
Highlighted	level4	2160004	11	10316	UnityEngine.UI:UnityEngine.UI.Slider	2667	Slider	mono_string_candidate
Pressed	level4	2160020	7	10316	UnityEngine.UI:UnityEngine.UI.Slider	2667	Slider	mono_string_candidate
Selected	level4	2160032	8	10316	UnityEngine.UI:UnityEngine.UI.Slider	2667	Slider	mono_string_candidate
Disabled	level4	2160044	8	10316	UnityEngine.UI:UnityEngine.UI.Slider	2667	Slider	mono_string_candidate
SettingsMenu, Assembly-CSharp	level4	2160132	29	10316	UnityEngine.UI:UnityEngine.UI.Slider	2667	Slider	mono_string_candidate
UpdateVolumeSFX	level4	2160168	15	10316	UnityEngine.UI:UnityEngine.UI.Slider	2667	Slider	mono_string_candidate
UnityEngine.Object, UnityEngine	level4	2160204	31	10316	UnityEngine.UI:UnityEngine.UI.Slider	2667	Slider	mono_string_candidate
SettingsMenu, Assembly-CSharp	level4	2160272	29	10316	UnityEngine.UI:UnityEngine.UI.Slider	2667	Slider	mono_string_candidate
UpdateVolumeSFX	level4	2160308	15	10316	UnityEngine.UI:UnityEngine.UI.Slider	2667	Slider	mono_string_candidate
UnityEngine.Object, UnityEngine	level4	2160344	31	10316	UnityEngine.UI:UnityEngine.UI.Slider	2667	Slider	mono_string_candidate
Normal	level4	2161832	6	10327	UnityEngine.UI:UnityEngine.UI.Button	2948	yes	mono_string_candidate
Highlighted	level4	2161844	11	10327	UnityEngine.UI:UnityEngine.UI.Button	2948	yes	mono_string_candidate
Pressed	level4	2161860	7	10327	UnityEngine.UI:UnityEngine.UI.Button	2948	yes	mono_string_candidate
Selected	level4	2161872	8	10327	UnityEngine.UI:UnityEngine.UI.Button	2948	yes	mono_string_candidate
Disabled	level4	2161884	8	10327	UnityEngine.UI:UnityEngine.UI.Button	2948	yes	mono_string_candidate
SettingsMenu, Assembly-CSharp	level4	2161928	29	10327	UnityEngine.UI:UnityEngine.UI.Button	2948	yes	mono_string_candidate
ConfirmResolution	level4	2161964	17	10327	UnityEngine.UI:UnityEngine.UI.Button	2948	yes	mono_string_candidate
UnityEngine.Object, UnityEngine	level4	2162004	31	10327	UnityEngine.UI:UnityEngine.UI.Button	2948	yes	mono_string_candidate
Normal	level4	2164088	6	10342	UnityEngine.UI:UnityEngine.UI.Slider	2999	Slider	mono_string_candidate
Highlighted	level4	2164100	11	10342	UnityEngine.UI:UnityEngine.UI.Slider	2999	Slider	mono_string_candidate
Pressed	level4	2164116	7	10342	UnityEngine.UI:UnityEngine.UI.Slider	2999	Slider	mono_string_candidate
Selected	level4	2164128	8	10342	UnityEngine.UI:UnityEngine.UI.Slider	2999	Slider	mono_string_candidate
Disabled	level4	2164140	8	10342	UnityEngine.UI:UnityEngine.UI.Slider	2999	Slider	mono_string_candidate
SettingsMenu, Assembly-CSharp	level4	2164228	29	10342	UnityEngine.UI:UnityEngine.UI.Slider	2999	Slider	mono_string_candidate
UpdateVolumeMusic	level4	2164264	17	10342	UnityEngine.UI:UnityEngine.UI.Slider	2999	Slider	mono_string_candidate
UnityEngine.Object, UnityEngine	level4	2164304	31	10342	UnityEngine.UI:UnityEngine.UI.Slider	2999	Slider	mono_string_candidate
SettingsMenu, Assembly-CSharp	level4	2164372	29	10342	UnityEngine.UI:UnityEngine.UI.Slider	2999	Slider	mono_string_candidate
UpdateVolumeMusic	level4	2164408	17	10342	UnityEngine.UI:UnityEngine.UI.Slider	2999	Slider	mono_string_candidate
UnityEngine.Object, UnityEngine	level4	2164448	31	10342	UnityEngine.UI:UnityEngine.UI.Slider	2999	Slider	mono_string_candidate
Normal	level4	2164744	6	10343	UnityEngine.UI:UnityEngine.UI.Button	2815	Quit	mono_string_candidate
Highlighted	level4	2164756	11	10343	UnityEngine.UI:UnityEngine.UI.Button	2815	Quit	mono_string_candidate
Pressed	level4	2164772	7	10343	UnityEngine.UI:UnityEngine.UI.Button	2815	Quit	mono_string_candidate
Selected	level4	2164784	8	10343	UnityEngine.UI:UnityEngine.UI.Button	2815	Quit	mono_string_candidate
Disabled	level4	2164796	8	10343	UnityEngine.UI:UnityEngine.UI.Button	2815	Quit	mono_string_candidate
PauseMenu, Assembly-CSharp	level4	2164840	26	10343	UnityEngine.UI:UnityEngine.UI.Button	2815	Quit	mono_string_candidate
QuitGame	level4	2164872	8	10343	UnityEngine.UI:UnityEngine.UI.Button	2815	Quit	mono_string_candidate
UnityEngine.Object, UnityEngine	level4	2164900	31	10343	UnityEngine.UI:UnityEngine.UI.Button	2815	Quit	mono_string_candidate
Assets/UniStorm Weather System/Resources/Components/Resources/UniStorm Data.asset	level4	2165248	81	10344	Assembly-CSharp:UniStorm.UniStormSystem	2796	UniStorm URP System	mono_string_candidate
Player	level4	2165384	6	10344	Assembly-CSharp:UniStorm.UniStormSystem	2796	UniStorm URP System	mono_string_candidate
FPS Player	level4	2165396	10	10344	Assembly-CSharp:UniStorm.UniStormSystem	2796	UniStorm URP System	mono_string_candidate
MainCamera	level4	2165412	10	10344	Assembly-CSharp:UniStorm.UniStormSystem	2796	UniStorm URP System	mono_string_candidate
Main Camera	level4	2165428	11	10344	Assembly-CSharp:UniStorm.UniStormSystem	2796	UniStorm URP System	mono_string_candidate
Respawn	level4	2168396	7	10344	Assembly-CSharp:UniStorm.UniStormSystem	2796	UniStorm URP System	mono_string_candidate
Respawn	level4	2168532	7	10344	Assembly-CSharp:UniStorm.UniStormSystem	2796	UniStorm URP System	mono_string_candidate
Normal	level4	2177512	6	10348	UnityEngine.UI:UnityEngine.UI.Button	2760	Accept	mono_string_candidate
Highlighted	level4	2177524	11	10348	UnityEngine.UI:UnityEngine.UI.Button	2760	Accept	mono_string_candidate
Pressed	level4	2177540	7	10348	UnityEngine.UI:UnityEngine.UI.Button	2760	Accept	mono_string_candidate
Selected	level4	2177552	8	10348	UnityEngine.UI:UnityEngine.UI.Button	2760	Accept	mono_string_candidate
Disabled	level4	2177564	8	10348	UnityEngine.UI:UnityEngine.UI.Button	2760	Accept	mono_string_candidate
game_controller, Assembly-CSharp	level4	2177608	32	10348	UnityEngine.UI:UnityEngine.UI.Button	2760	Accept	mono_string_candidate
UnityEngine.Object, UnityEngine	level4	2177680	31	10348	UnityEngine.UI:UnityEngine.UI.Button	2760	Accept	mono_string_candidate
Dead by the Sea.	level4	2179892	16	10354	Assembly-CSharp:game_controller	2504	GameController	mono_string_candidate
Your friend is sleeping with the fishes.	level4	2180464	40	10354	Assembly-CSharp:game_controller	2504	GameController	mono_string_candidate
You lost an item to the sea.	level4	2180508	28	10354	Assembly-CSharp:game_controller	2504	GameController	mono_string_candidate
Something broke during the night.	level4	2180540	33	10354	Assembly-CSharp:game_controller	2504	GameController	mono_string_candidate
You did not sleep very well.	level4	2180580	28	10354	Assembly-CSharp:game_controller	2504	GameController	mono_string_candidate
You feel weak.	level4	2180612	14	10354	Assembly-CSharp:game_controller	2504	GameController	mono_string_candidate
Help may be on the way...	level4	2180632	25	10354	Assembly-CSharp:game_controller	2504	GameController	mono_string_candidate
Normal	level4	2182584	6	10365	UnityEngine.UI:UnityEngine.UI.Scrollbar	2955	Scrollbar	mono_string_candidate
Highlighted	level4	2182596	11	10365	UnityEngine.UI:UnityEngine.UI.Scrollbar	2955	Scrollbar	mono_string_candidate
Pressed	level4	2182612	7	10365	UnityEngine.UI:UnityEngine.UI.Scrollbar	2955	Scrollbar	mono_string_candidate
Selected	level4	2182624	8	10365	UnityEngine.UI:UnityEngine.UI.Scrollbar	2955	Scrollbar	mono_string_candidate
Disabled	level4	2182636	8	10365	UnityEngine.UI:UnityEngine.UI.Scrollbar	2955	Scrollbar	mono_string_candidate
Normal	level4	2182936	6	10366	UnityEngine.UI:UnityEngine.UI.Button	2478	no	mono_string_candidate
Highlighted	level4	2182948	11	10366	UnityEngine.UI:UnityEngine.UI.Button	2478	no	mono_string_candidate
Pressed	level4	2182964	7	10366	UnityEngine.UI:UnityEngine.UI.Button	2478	no	mono_string_candidate
Selected	level4	2182976	8	10366	UnityEngine.UI:UnityEngine.UI.Button	2478	no	mono_string_candidate
Disabled	level4	2182988	8	10366	UnityEngine.UI:UnityEngine.UI.Button	2478	no	mono_string_candidate
SettingsMenu, Assembly-CSharp	level4	2183032	29	10366	UnityEngine.UI:UnityEngine.UI.Button	2478	no	mono_string_candidate
RevertResolution	level4	2183068	16	10366	UnityEngine.UI:UnityEngine.UI.Button	2478	no	mono_string_candidate
UnityEngine.Object, UnityEngine	level4	2183104	31	10366	UnityEngine.UI:UnityEngine.UI.Button	2478	no	mono_string_candidate
Normal	level4	2184264	6	10375	UnityEngine.UI:UnityEngine.UI.Button	2736	Resume	mono_string_candidate
Highlighted	level4	2184276	11	10375	UnityEngine.UI:UnityEngine.UI.Button	2736	Resume	mono_string_candidate
Pressed	level4	2184292	7	10375	UnityEngine.UI:UnityEngine.UI.Button	2736	Resume	mono_string_candidate
Selected	level4	2184304	8	10375	UnityEngine.UI:UnityEngine.UI.Button	2736	Resume	mono_string_candidate
Disabled	level4	2184316	8	10375	UnityEngine.UI:UnityEngine.UI.Button	2736	Resume	mono_string_candidate
PauseMenu, Assembly-CSharp	level4	2184360	26	10375	UnityEngine.UI:UnityEngine.UI.Button	2736	Resume	mono_string_candidate
Resume	level4	2184392	6	10375	UnityEngine.UI:UnityEngine.UI.Button	2736	Resume	mono_string_candidate
UnityEngine.Object, UnityEngine	level4	2184420	31	10375	UnityEngine.UI:UnityEngine.UI.Button	2736	Resume	mono_string_candidate
Normal	level4	2184712	6	10376	UnityEngine.UI:UnityEngine.UI.Button	2592	RunButton	mono_string_candidate
Highlighted	level4	2184724	11	10376	UnityEngine.UI:UnityEngine.UI.Button	2592	RunButton	mono_string_candidate
Pressed	level4	2184740	7	10376	UnityEngine.UI:UnityEngine.UI.Button	2592	RunButton	mono_string_candidate
Selected	level4	2184752	8	10376	UnityEngine.UI:UnityEngine.UI.Button	2592	RunButton	mono_string_candidate
Disabled	level4	2184764	8	10376	UnityEngine.UI:UnityEngine.UI.Button	2592	RunButton	mono_string_candidate
game_controller, Assembly-CSharp	level4	2184808	32	10376	UnityEngine.UI:UnityEngine.UI.Button	2592	RunButton	mono_string_candidate
UnityEngine.Object, UnityEngine	level4	2184880	31	10376	UnityEngine.UI:UnityEngine.UI.Button	2592	RunButton	mono_string_candidate
Normal	level4	2185320	6	10378	Unity.TextMeshPro:TMPro.TMP_InputField	2652	InputNightResult	mono_string_candidate
Highlighted	level4	2185332	11	10378	Unity.TextMeshPro:TMPro.TMP_InputField	2652	InputNightResult	mono_string_candidate
Pressed	level4	2185348	7	10378	Unity.TextMeshPro:TMPro.TMP_InputField	2652	InputNightResult	mono_string_candidate
Selected	level4	2185360	8	10378	Unity.TextMeshPro:TMPro.TMP_InputField	2652	InputNightResult	mono_string_candidate
Disabled	level4	2185372	8	10378	Unity.TextMeshPro:TMPro.TMP_InputField	2652	InputNightResult	mono_string_candidate
Normal	level4	2186584	6	10385	UnityEngine.UI:UnityEngine.UI.Button	2723	BackToMenu	mono_string_candidate
Highlighted	level4	2186596	11	10385	UnityEngine.UI:UnityEngine.UI.Button	2723	BackToMenu	mono_string_candidate
Pressed	level4	2186612	7	10385	UnityEngine.UI:UnityEngine.UI.Button	2723	BackToMenu	mono_string_candidate
Selected	level4	2186624	8	10385	UnityEngine.UI:UnityEngine.UI.Button	2723	BackToMenu	mono_string_candidate
Disabled	level4	2186636	8	10385	UnityEngine.UI:UnityEngine.UI.Button	2723	BackToMenu	mono_string_candidate
PauseMenu, Assembly-CSharp	level4	2186680	26	10385	UnityEngine.UI:UnityEngine.UI.Button	2723	BackToMenu	mono_string_candidate
BackToMenu	level4	2186712	10	10385	UnityEngine.UI:UnityEngine.UI.Button	2723	BackToMenu	mono_string_candidate
UnityEngine.Object, UnityEngine	level4	2186744	31	10385	UnityEngine.UI:UnityEngine.UI.Button	2723	BackToMenu	mono_string_candidate
Normal	level4	2188440	6	10397	UnityEngine.UI:UnityEngine.UI.Toggle	2814	Item	mono_string_candidate
Highlighted	level4	2188452	11	10397	UnityEngine.UI:UnityEngine.UI.Toggle	2814	Item	mono_string_candidate
Pressed	level4	2188468	7	10397	UnityEngine.UI:UnityEngine.UI.Toggle	2814	Item	mono_string_candidate
Selected	level4	2188480	8	10397	UnityEngine.UI:UnityEngine.UI.Toggle	2814	Item	mono_string_candidate
Disabled	level4	2188492	8	10397	UnityEngine.UI:UnityEngine.UI.Toggle	2814	Item	mono_string_candidate
Sleeping with the Fishes	level5	272588	24	1717	Unity.TextMeshPro:TMPro.TextMeshProUGUI	5	fate_text	tmp_m_text
"Shipmates sunk with the ship.
Captain Whiskers may wander the sea alone."	level5	273132	72	1718	Unity.TextMeshPro:TMPro.TextMeshProUGUI	27	friend_fate	tmp_m_text
Fish Caught: <size=75><color=#adf1ff>6	level5	273724	38	1719	Unity.TextMeshPro:TMPro.TextMeshProUGUI	32	4	tmp_m_text
Days Survived: <size=75><color=#adf1ff>22	level5	274284	41	1720	Unity.TextMeshPro:TMPro.TextMeshProUGUI	42	2	tmp_m_text
Continue	level5	274844	8	1721	Unity.TextMeshPro:TMPro.TextMeshProUGUI	50	Text (TMP)	tmp_m_text
"Company's Note: <size=70><color=#ffea8c>""Calculated Risk"""	level5	275372	57	1722	Unity.TextMeshPro:TMPro.TextMeshProUGUI	78	6	tmp_m_text
Cause of Death: <size=75><color=#ff4400>Bleeding to death.	level5	275948	58	1723	Unity.TextMeshPro:TMPro.TextMeshProUGUI	87	1	tmp_m_text
Food Eaten: <size=75><color=#adf1ff>15	level5	276524	38	1724	Unity.TextMeshPro:TMPro.TextMeshProUGUI	115	3	tmp_m_text
Items Used: <size=75><color=#adf1ff>9	level5	277084	37	1725	Unity.TextMeshPro:TMPro.TextMeshProUGUI	198	5	tmp_m_text
Your fate...	level5	277644	12	1726	Unity.TextMeshPro:TMPro.TextMeshProUGUI	252	yourfate	tmp_m_text
50%	level5	278172	3	1727	Unity.TextMeshPro:TMPro.TextMeshProUGUI	544	SettingPercent	tmp_m_text
Keep new resolution?	level5	278700	20	1728	Unity.TextMeshPro:TMPro.TextMeshProUGUI	454	keep_res_title	tmp_m_text
Back to Menu	level5	279244	12	1729	Unity.TextMeshPro:TMPro.TextMeshProUGUI	371	txt	tmp_m_text
"kill
getfish
superhelp"	level5	279772	22	1730	Unity.TextMeshPro:TMPro.TextMeshProUGUI	375	help	tmp_m_text
1920x1080	level5	280316	9	1731	Unity.TextMeshPro:TMPro.TextMeshProUGUI	453	Label	tmp_m_text
Volume SFX	level5	280844	10	1732	Unity.TextMeshPro:TMPro.TextMeshProUGUI	379	SettingName	tmp_m_text
Reverts automatically in: 10	level5	281372	28	1733	Unity.TextMeshPro:TMPro.TextMeshProUGUI	394	reset_counter	tmp_m_text
Volume Music	level5	281916	12	1734	Unity.TextMeshPro:TMPro.TextMeshProUGUI	405	SettingName	tmp_m_text
"itemgive-itemid-n
itemremove-itemid-n
itembreak-itemid
itemfix-itemid
damage-n
danger-n
dangerset-n
energy-n
hitfriendenergy-n
friendsick-n
curefriend
feedfriend
killfriend
addhappen-happenid,h,h…
adddistance-n
endgame-reason
itemremoverandom
itembreakrandom
notice-message
hitbait-n
"	level5	282444	305	1735	Unity.TextMeshPro:TMPro.TextMeshProUGUI	518	help	tmp_m_text
Brightness	level5	283276	10	1736	Unity.TextMeshPro:TMPro.TextMeshProUGUI	442	SettingName	tmp_m_text
(Removes the requirement of holding mouse button.)	level5	283804	50	1737	Unity.TextMeshPro:TMPro.TextMeshProUGUI	525	SettingDesc	tmp_m_text
Enter text...	level5	284380	13	1738	Unity.TextMeshPro:TMPro.TextMeshProUGUI	485	Placeholder	tmp_m_text
Settings	level5	284908	8	1739	Unity.TextMeshPro:TMPro.TextMeshProUGUI	422	txt	tmp_m_text
| Created by: Taiki <i>(DopplerGhost)</i> | Special Thanks to: TakDor, Merlidan, Drael, and you! |	level5	285436	98	1740	Unity.TextMeshPro:TMPro.TextMeshProUGUI	528	SettingName	tmp_m_text
100%	level5	286060	4	1741	Unity.TextMeshPro:TMPro.TextMeshProUGUI	439	SettingPercent	tmp_m_text
1920x1080	level5	286588	9	1742	Unity.TextMeshPro:TMPro.TextMeshProUGUI	526	Item Label	tmp_m_text
100%	level5	287116	4	1743	Unity.TextMeshPro:TMPro.TextMeshProUGUI	496	SettingPercent	tmp_m_text
Quit	level5	287644	4	1744	Unity.TextMeshPro:TMPro.TextMeshProUGUI	376	txt	tmp_m_text
50%	level5	288700	3	1746	Unity.TextMeshPro:TMPro.TextMeshProUGUI	486	SettingPercent	tmp_m_text
Enter text...	level5	289228	13	1747	Unity.TextMeshPro:TMPro.TextMeshProUGUI	538	Placeholder	tmp_m_text
Resume	level5	289756	6	1748	Unity.TextMeshPro:TMPro.TextMeshProUGUI	413	txt	tmp_m_text
Screen Resolution	level5	290284	17	1749	Unity.TextMeshPro:TMPro.TextMeshProUGUI	555	SettingName	tmp_m_text
Forced Night Result	level5	290828	19	1750	Unity.TextMeshPro:TMPro.TextMeshProUGUI	466	NightResulttxt	tmp_m_text
Settings	level5	291372	8	1751	Unity.TextMeshPro:TMPro.TextMeshProUGUI	448	settings_subtitle	tmp_m_text
Run	level5	291900	3	1752	Unity.TextMeshPro:TMPro.TextMeshProUGUI	408	Text (TMP)	tmp_m_text
No	level5	292428	2	1753	Unity.TextMeshPro:TMPro.TextMeshProUGUI	455	button_txt	tmp_m_text
Day 0	level5	292956	5	1754	Unity.TextMeshPro:TMPro.TextMeshProUGUI	414	Text (TMP)	tmp_m_text
Instant Clicking	level5	293484	16	1755	Unity.TextMeshPro:TMPro.TextMeshProUGUI	425	SettingName	tmp_m_text
Mouse Sensitivity	level5	294012	17	1756	Unity.TextMeshPro:TMPro.TextMeshProUGUI	497	SettingName	tmp_m_text
Paused	level5	294556	6	1757	Unity.TextMeshPro:TMPro.TextMeshProUGUI	510	PausedTitle	tmp_m_text
The Game is saved automatically every morning.	level5	295084	46	1758	Unity.TextMeshPro:TMPro.TextMeshProUGUI	430	save_tip	tmp_m_text
v0.3.5	level5	295644	6	1759	Unity.TextMeshPro:TMPro.TextMeshProUGUI	397	versiontext	tmp_m_text
Restore Default Settings	level5	296172	24	1760	Unity.TextMeshPro:TMPro.TextMeshProUGUI	519	SettingName	tmp_m_text
Accept	level5	296716	6	1761	Unity.TextMeshPro:TMPro.TextMeshProUGUI	522	txt	tmp_m_text
seed: 212832382	level5	297772	15	1763	Unity.TextMeshPro:TMPro.TextMeshProUGUI	492	save_tip	tmp_m_text
Volume Master	level5	298300	13	1764	Unity.TextMeshPro:TMPro.TextMeshProUGUI	523	SettingName	tmp_m_text
Yes	level5	298828	3	1765	Unity.TextMeshPro:TMPro.TextMeshProUGUI	505	button_txt	tmp_m_text
100%	level5	299356	4	1766	Unity.TextMeshPro:TMPro.TextMeshProUGUI	474	SettingPercent	tmp_m_text
Enter Action Code	level5	299884	17	1767	Unity.TextMeshPro:TMPro.TextMeshProUGUI	501	Text (TMP)	tmp_m_text
Calculated risk.	level5	302264	16	1781	Assembly-CSharp:EndingController	111	EndingController	mono_string_candidate
Everything under control.	level5	302284	25	1781	Assembly-CSharp:EndingController	111	EndingController	mono_string_candidate
No impact noted.	level5	302316	16	1781	Assembly-CSharp:EndingController	111	EndingController	mono_string_candidate
Expected results.	level5	302336	17	1781	Assembly-CSharp:EndingController	111	EndingController	mono_string_candidate
Anticipated outcomes.	level5	302360	21	1781	Assembly-CSharp:EndingController	111	EndingController	mono_string_candidate
Critical financial hit.	level5	302392	23	1781	Assembly-CSharp:EndingController	111	EndingController	mono_string_candidate
Heavy financial setback.	level5	302420	24	1781	Assembly-CSharp:EndingController	111	EndingController	mono_string_candidate
Severely reduced returns.	level5	302448	25	1781	Assembly-CSharp:EndingController	111	EndingController	mono_string_candidate
High-impact failure.	level5	302480	20	1781	Assembly-CSharp:EndingController	111	EndingController	mono_string_candidate
Extensive layoffs executed.	level5	302504	27	1781	Assembly-CSharp:EndingController	111	EndingController	mono_string_candidate
Recovery efforts failed.	level5	302540	24	1781	Assembly-CSharp:EndingController	111	EndingController	mono_string_candidate
Fired.	level5	302568	6	1781	Assembly-CSharp:EndingController	111	EndingController	mono_string_candidate
Horizontal	level5	302712	10	1782	UnityEngine.UI:UnityEngine.EventSystems.StandaloneInputModule	112	EventSystem	mono_string_candidate
Vertical	level5	302728	8	1782	UnityEngine.UI:UnityEngine.EventSystems.StandaloneInputModule	112	EventSystem	mono_string_candidate
Submit	level5	302740	6	1782	UnityEngine.UI:UnityEngine.EventSystems.StandaloneInputModule	112	EventSystem	mono_string_candidate
Cancel	level5	302752	6	1782	UnityEngine.UI:UnityEngine.EventSystems.StandaloneInputModule	112	EventSystem	mono_string_candidate
Normal	level5	306728	6	1817	UnityEngine.UI:UnityEngine.UI.Button	316	ContinueButton	mono_string_candidate
Highlighted	level5	306740	11	1817	UnityEngine.UI:UnityEngine.UI.Button	316	ContinueButton	mono_string_candidate
Pressed	level5	306756	7	1817	UnityEngine.UI:UnityEngine.UI.Button	316	ContinueButton	mono_string_candidate
Selected	level5	306768	8	1817	UnityEngine.UI:UnityEngine.UI.Button	316	ContinueButton	mono_string_candidate
Disabled	level5	306780	8	1817	UnityEngine.UI:UnityEngine.UI.Button	316	ContinueButton	mono_string_candidate
EndingController, Assembly-CSharp	level5	306824	33	1817	UnityEngine.UI:UnityEngine.UI.Button	316	ContinueButton	mono_string_candidate
BackToMenu	level5	306864	10	1817	UnityEngine.UI:UnityEngine.UI.Button	316	ContinueButton	mono_string_candidate
UnityEngine.Object, UnityEngine	level5	306896	31	1817	UnityEngine.UI:UnityEngine.UI.Button	316	ContinueButton	mono_string_candidate
Normal	level5	311320	6	1834	UnityEngine.UI:UnityEngine.UI.Toggle	552	Toggle	mono_string_candidate
Highlighted	level5	311332	11	1834	UnityEngine.UI:UnityEngine.UI.Toggle	552	Toggle	mono_string_candidate
Pressed	level5	311348	7	1834	UnityEngine.UI:UnityEngine.UI.Toggle	552	Toggle	mono_string_candidate
Selected	level5	311360	8	1834	UnityEngine.UI:UnityEngine.UI.Toggle	552	Toggle	mono_string_candidate
Disabled	level5	311372	8	1834	UnityEngine.UI:UnityEngine.UI.Toggle	552	Toggle	mono_string_candidate
SettingsMenu, Assembly-CSharp	level5	311444	29	1834	UnityEngine.UI:UnityEngine.UI.Toggle	552	Toggle	mono_string_candidate
UpdateInstantClick	level5	311480	18	1834	UnityEngine.UI:UnityEngine.UI.Toggle	552	Toggle	mono_string_candidate
UnityEngine.Object, UnityEngine	level5	311520	31	1834	UnityEngine.UI:UnityEngine.UI.Toggle	552	Toggle	mono_string_candidate
Normal	level5	311960	6	1836	Unity.TextMeshPro:TMPro.TMP_Dropdown	514	Dropdown	mono_string_candidate
Highlighted	level5	311972	11	1836	Unity.TextMeshPro:TMPro.TMP_Dropdown	514	Dropdown	mono_string_candidate
Pressed	level5	311988	7	1836	Unity.TextMeshPro:TMPro.TMP_Dropdown	514	Dropdown	mono_string_candidate
Selected	level5	312000	8	1836	Unity.TextMeshPro:TMPro.TMP_Dropdown	514	Dropdown	mono_string_candidate
Disabled	level5	312012	8	1836	Unity.TextMeshPro:TMPro.TMP_Dropdown	514	Dropdown	mono_string_candidate
SettingsMenu, Assembly-CSharp	level5	312184	29	1836	Unity.TextMeshPro:TMPro.TMP_Dropdown	514	Dropdown	mono_string_candidate
ApplyResolution	level5	312220	15	1836	Unity.TextMeshPro:TMPro.TMP_Dropdown	514	Dropdown	mono_string_candidate
UnityEngine.Object, UnityEngine	level5	312256	31	1836	Unity.TextMeshPro:TMPro.TMP_Dropdown	514	Dropdown	mono_string_candidate
Normal	level5	312728	6	1839	UnityEngine.UI:UnityEngine.UI.Slider	374	Slider	mono_string_candidate
Highlighted	level5	312740	11	1839	UnityEngine.UI:UnityEngine.UI.Slider	374	Slider	mono_string_candidate
Pressed	level5	312756	7	1839	UnityEngine.UI:UnityEngine.UI.Slider	374	Slider	mono_string_candidate
Selected	level5	312768	8	1839	UnityEngine.UI:UnityEngine.UI.Slider	374	Slider	mono_string_candidate
Disabled	level5	312780	8	1839	UnityEngine.UI:UnityEngine.UI.Slider	374	Slider	mono_string_candidate
SettingsMenu, Assembly-CSharp	level5	312868	29	1839	UnityEngine.UI:UnityEngine.UI.Slider	374	Slider	mono_string_candidate
UpdateMousesens	level5	312904	15	1839	UnityEngine.UI:UnityEngine.UI.Slider	374	Slider	mono_string_candidate
UnityEngine.Object, UnityEngine	level5	312940	31	1839	UnityEngine.UI:UnityEngine.UI.Slider	374	Slider	mono_string_candidate
Normal	level5	314328	6	1850	Unity.TextMeshPro:TMPro.TMP_InputField	475	InputField (TMP)	mono_string_candidate
Highlighted	level5	314340	11	1850	Unity.TextMeshPro:TMPro.TMP_InputField	475	InputField (TMP)	mono_string_candidate
Pressed	level5	314356	7	1850	Unity.TextMeshPro:TMPro.TMP_InputField	475	InputField (TMP)	mono_string_candidate
Selected	level5	314368	8	1850	Unity.TextMeshPro:TMPro.TMP_InputField	475	InputField (TMP)	mono_string_candidate
Disabled	level5	314380	8	1850	Unity.TextMeshPro:TMPro.TMP_InputField	475	InputField (TMP)	mono_string_candidate
Normal	level5	314904	6	1851	UnityEngine.UI:UnityEngine.UI.Slider	432	Slider	mono_string_candidate
Highlighted	level5	314916	11	1851	UnityEngine.UI:UnityEngine.UI.Slider	432	Slider	mono_string_candidate
Pressed	level5	314932	7	1851	UnityEngine.UI:UnityEngine.UI.Slider	432	Slider	mono_string_candidate
Selected	level5	314944	8	1851	UnityEngine.UI:UnityEngine.UI.Slider	432	Slider	mono_string_candidate
Disabled	level5	314956	8	1851	UnityEngine.UI:UnityEngine.UI.Slider	432	Slider	mono_string_candidate
SettingsMenu, Assembly-CSharp	level5	315044	29	1851	UnityEngine.UI:UnityEngine.UI.Slider	432	Slider	mono_string_candidate
UpdateVolumeMaster	level5	315080	18	1851	UnityEngine.UI:UnityEngine.UI.Slider	432	Slider	mono_string_candidate
UnityEngine.Object, UnityEngine	level5	315120	31	1851	UnityEngine.UI:UnityEngine.UI.Slider	432	Slider	mono_string_candidate
SettingsMenu, Assembly-CSharp	level5	315188	29	1851	UnityEngine.UI:UnityEngine.UI.Slider	432	Slider	mono_string_candidate
UpdateVolumeMaster	level5	315224	18	1851	UnityEngine.UI:UnityEngine.UI.Slider	432	Slider	mono_string_candidate
UnityEngine.Object, UnityEngine	level5	315264	31	1851	UnityEngine.UI:UnityEngine.UI.Slider	432	Slider	mono_string_candidate
Normal	level5	315560	6	1852	UnityEngine.UI:UnityEngine.UI.Slider	488	Slider	mono_string_candidate
Highlighted	level5	315572	11	1852	UnityEngine.UI:UnityEngine.UI.Slider	488	Slider	mono_string_candidate
Pressed	level5	315588	7	1852	UnityEngine.UI:UnityEngine.UI.Slider	488	Slider	mono_string_candidate
Selected	level5	315600	8	1852	UnityEngine.UI:UnityEngine.UI.Slider	488	Slider	mono_string_candidate
Disabled	level5	315612	8	1852	UnityEngine.UI:UnityEngine.UI.Slider	488	Slider	mono_string_candidate
SettingsMenu, Assembly-CSharp	level5	315700	29	1852	UnityEngine.UI:UnityEngine.UI.Slider	488	Slider	mono_string_candidate
UpdateBrightness	level5	315736	16	1852	UnityEngine.UI:UnityEngine.UI.Slider	488	Slider	mono_string_candidate
UnityEngine.Object, UnityEngine	level5	315772	31	1852	UnityEngine.UI:UnityEngine.UI.Slider	488	Slider	mono_string_candidate
Normal	level5	316056	6	1853	UnityEngine.UI:UnityEngine.UI.Button	546	Settings	mono_string_candidate
Highlighted	level5	316068	11	1853	UnityEngine.UI:UnityEngine.UI.Button	546	Settings	mono_string_candidate
Pressed	level5	316084	7	1853	UnityEngine.UI:UnityEngine.UI.Button	546	Settings	mono_string_candidate
Selected	level5	316096	8	1853	UnityEngine.UI:UnityEngine.UI.Button	546	Settings	mono_string_candidate
Disabled	level5	316108	8	1853	UnityEngine.UI:UnityEngine.UI.Button	546	Settings	mono_string_candidate
PauseMenu, Assembly-CSharp	level5	316152	26	1853	UnityEngine.UI:UnityEngine.UI.Button	546	Settings	mono_string_candidate
OpenSettings	level5	316184	12	1853	UnityEngine.UI:UnityEngine.UI.Button	546	Settings	mono_string_candidate
UnityEngine.Object, UnityEngine	level5	316216	31	1853	UnityEngine.UI:UnityEngine.UI.Button	546	Settings	mono_string_candidate
Normal	level5	316936	6	1857	UnityEngine.UI:UnityEngine.UI.Button	506	SettingsPanel_Reset	mono_string_candidate
Highlighted	level5	316948	11	1857	UnityEngine.UI:UnityEngine.UI.Button	506	SettingsPanel_Reset	mono_string_candidate
Pressed	level5	316964	7	1857	UnityEngine.UI:UnityEngine.UI.Button	506	SettingsPanel_Reset	mono_string_candidate
Selected	level5	316976	8	1857	UnityEngine.UI:UnityEngine.UI.Button	506	SettingsPanel_Reset	mono_string_candidate
Disabled	level5	316988	8	1857	UnityEngine.UI:UnityEngine.UI.Button	506	SettingsPanel_Reset	mono_string_candidate
SettingsMenu, Assembly-CSharp	level5	317032	29	1857	UnityEngine.UI:UnityEngine.UI.Button	506	SettingsPanel_Reset	mono_string_candidate
RestoreDefaultSettings	level5	317068	22	1857	UnityEngine.UI:UnityEngine.UI.Button	506	SettingsPanel_Reset	mono_string_candidate
UnityEngine.Object, UnityEngine	level5	317112	31	1857	UnityEngine.UI:UnityEngine.UI.Button	506	SettingsPanel_Reset	mono_string_candidate
Normal	level5	319384	6	1872	UnityEngine.UI:UnityEngine.UI.Slider	424	Slider	mono_string_candidate
Highlighted	level5	319396	11	1872	UnityEngine.UI:UnityEngine.UI.Slider	424	Slider	mono_string_candidate
Pressed	level5	319412	7	1872	UnityEngine.UI:UnityEngine.UI.Slider	424	Slider	mono_string_candidate
Selected	level5	319424	8	1872	UnityEngine.UI:UnityEngine.UI.Slider	424	Slider	mono_string_candidate
Disabled	level5	319436	8	1872	UnityEngine.UI:UnityEngine.UI.Slider	424	Slider	mono_string_candidate
SettingsMenu, Assembly-CSharp	level5	319524	29	1872	UnityEngine.UI:UnityEngine.UI.Slider	424	Slider	mono_string_candidate
UpdateVolumeSFX	level5	319560	15	1872	UnityEngine.UI:UnityEngine.UI.Slider	424	Slider	mono_string_candidate
UnityEngine.Object, UnityEngine	level5	319596	31	1872	UnityEngine.UI:UnityEngine.UI.Slider	424	Slider	mono_string_candidate
SettingsMenu, Assembly-CSharp	level5	319664	29	1872	UnityEngine.UI:UnityEngine.UI.Slider	424	Slider	mono_string_candidate
UpdateVolumeSFX	level5	319700	15	1872	UnityEngine.UI:UnityEngine.UI.Slider	424	Slider	mono_string_candidate
UnityEngine.Object, UnityEngine	level5	319736	31	1872	UnityEngine.UI:UnityEngine.UI.Slider	424	Slider	mono_string_candidate
Normal	level5	321224	6	1883	UnityEngine.UI:UnityEngine.UI.Button	543	yes	mono_string_candidate
Highlighted	level5	321236	11	1883	UnityEngine.UI:UnityEngine.UI.Button	543	yes	mono_string_candidate
Pressed	level5	321252	7	1883	UnityEngine.UI:UnityEngine.UI.Button	543	yes	mono_string_candidate
Selected	level5	321264	8	1883	UnityEngine.UI:UnityEngine.UI.Button	543	yes	mono_string_candidate
Disabled	level5	321276	8	1883	UnityEngine.UI:UnityEngine.UI.Button	543	yes	mono_string_candidate
SettingsMenu, Assembly-CSharp	level5	321320	29	1883	UnityEngine.UI:UnityEngine.UI.Button	543	yes	mono_string_candidate
ConfirmResolution	level5	321356	17	1883	UnityEngine.UI:UnityEngine.UI.Button	543	yes	mono_string_candidate
UnityEngine.Object, UnityEngine	level5	321396	31	1883	UnityEngine.UI:UnityEngine.UI.Button	543	yes	mono_string_candidate
Normal	level5	323480	6	1898	UnityEngine.UI:UnityEngine.UI.Slider	562	Slider	mono_string_candidate
Highlighted	level5	323492	11	1898	UnityEngine.UI:UnityEngine.UI.Slider	562	Slider	mono_string_candidate
Pressed	level5	323508	7	1898	UnityEngine.UI:UnityEngine.UI.Slider	562	Slider	mono_string_candidate
Selected	level5	323520	8	1898	UnityEngine.UI:UnityEngine.UI.Slider	562	Slider	mono_string_candidate
Disabled	level5	323532	8	1898	UnityEngine.UI:UnityEngine.UI.Slider	562	Slider	mono_string_candidate
SettingsMenu, Assembly-CSharp	level5	323620	29	1898	UnityEngine.UI:UnityEngine.UI.Slider	562	Slider	mono_string_candidate
UpdateVolumeMusic	level5	323656	17	1898	UnityEngine.UI:UnityEngine.UI.Slider	562	Slider	mono_string_candidate
UnityEngine.Object, UnityEngine	level5	323696	31	1898	UnityEngine.UI:UnityEngine.UI.Slider	562	Slider	mono_string_candidate
SettingsMenu, Assembly-CSharp	level5	323764	29	1898	UnityEngine.UI:UnityEngine.UI.Slider	562	Slider	mono_string_candidate
UpdateVolumeMusic	level5	323800	17	1898	UnityEngine.UI:UnityEngine.UI.Slider	562	Slider	mono_string_candidate
UnityEngine.Object, UnityEngine	level5	323840	31	1898	UnityEngine.UI:UnityEngine.UI.Slider	562	Slider	mono_string_candidate
Normal	level5	324136	6	1899	UnityEngine.UI:UnityEngine.UI.Button	490	Quit	mono_string_candidate
Highlighted	level5	324148	11	1899	UnityEngine.UI:UnityEngine.UI.Button	490	Quit	mono_string_candidate
Pressed	level5	324164	7	1899	UnityEngine.UI:UnityEngine.UI.Button	490	Quit	mono_string_candidate
Selected	level5	324176	8	1899	UnityEngine.UI:UnityEngine.UI.Button	490	Quit	mono_string_candidate
Disabled	level5	324188	8	1899	UnityEngine.UI:UnityEngine.UI.Button	490	Quit	mono_string_candidate
PauseMenu, Assembly-CSharp	level5	324232	26	1899	UnityEngine.UI:UnityEngine.UI.Button	490	Quit	mono_string_candidate
QuitGame	level5	324264	8	1899	UnityEngine.UI:UnityEngine.UI.Button	490	Quit	mono_string_candidate
UnityEngine.Object, UnityEngine	level5	324292	31	1899	UnityEngine.UI:UnityEngine.UI.Button	490	Quit	mono_string_candidate
Assets/UniStorm Weather System/Resources/Components/Resources/UniStorm Data.asset	level5	324640	81	1900	Assembly-CSharp:UniStorm.UniStormSystem	476	UniStorm URP System	mono_string_candidate
Player	level5	324776	6	1900	Assembly-CSharp:UniStorm.UniStormSystem	476	UniStorm URP System	mono_string_candidate
FPS Player	level5	324788	10	1900	Assembly-CSharp:UniStorm.UniStormSystem	476	UniStorm URP System	mono_string_candidate
MainCamera	level5	324804	10	1900	Assembly-CSharp:UniStorm.UniStormSystem	476	UniStorm URP System	mono_string_candidate
Main Camera	level5	324820	11	1900	Assembly-CSharp:UniStorm.UniStormSystem	476	UniStorm URP System	mono_string_candidate
Respawn	level5	327788	7	1900	Assembly-CSharp:UniStorm.UniStormSystem	476	UniStorm URP System	mono_string_candidate
Respawn	level5	327924	7	1900	Assembly-CSharp:UniStorm.UniStormSystem	476	UniStorm URP System	mono_string_candidate
Normal	level5	336808	6	1903	UnityEngine.UI:UnityEngine.UI.Button	461	Accept	mono_string_candidate
Highlighted	level5	336820	11	1903	UnityEngine.UI:UnityEngine.UI.Button	461	Accept	mono_string_candidate
Pressed	level5	336836	7	1903	UnityEngine.UI:UnityEngine.UI.Button	461	Accept	mono_string_candidate
Selected	level5	336848	8	1903	UnityEngine.UI:UnityEngine.UI.Button	461	Accept	mono_string_candidate
Disabled	level5	336860	8	1903	UnityEngine.UI:UnityEngine.UI.Button	461	Accept	mono_string_candidate
game_controller, Assembly-CSharp	level5	336904	32	1903	UnityEngine.UI:UnityEngine.UI.Button	461	Accept	mono_string_candidate
UnityEngine.Object, UnityEngine	level5	336976	31	1903	UnityEngine.UI:UnityEngine.UI.Button	461	Accept	mono_string_candidate
Dead by the Sea.	level5	339020	16	1909	Assembly-CSharp:game_controller	377	GameController	mono_string_candidate
Your friend is sleeping with the fishes.	level5	339592	40	1909	Assembly-CSharp:game_controller	377	GameController	mono_string_candidate
You lost an item to the sea.	level5	339636	28	1909	Assembly-CSharp:game_controller	377	GameController	mono_string_candidate
Something broke during the night.	level5	339668	33	1909	Assembly-CSharp:game_controller	377	GameController	mono_string_candidate
You did not sleep very well.	level5	339708	28	1909	Assembly-CSharp:game_controller	377	GameController	mono_string_candidate
You feel weak.	level5	339740	14	1909	Assembly-CSharp:game_controller	377	GameController	mono_string_candidate
Help may be on the way...	level5	339760	25	1909	Assembly-CSharp:game_controller	377	GameController	mono_string_candidate
Normal	level5	341704	6	1920	UnityEngine.UI:UnityEngine.UI.Scrollbar	548	Scrollbar	mono_string_candidate
Highlighted	level5	341716	11	1920	UnityEngine.UI:UnityEngine.UI.Scrollbar	548	Scrollbar	mono_string_candidate
Pressed	level5	341732	7	1920	UnityEngine.UI:UnityEngine.UI.Scrollbar	548	Scrollbar	mono_string_candidate
Selected	level5	341744	8	1920	UnityEngine.UI:UnityEngine.UI.Scrollbar	548	Scrollbar	mono_string_candidate
Disabled	level5	341756	8	1920	UnityEngine.UI:UnityEngine.UI.Scrollbar	548	Scrollbar	mono_string_candidate
Normal	level5	342056	6	1921	UnityEngine.UI:UnityEngine.UI.Button	367	no	mono_string_candidate
Highlighted	level5	342068	11	1921	UnityEngine.UI:UnityEngine.UI.Button	367	no	mono_string_candidate
Pressed	level5	342084	7	1921	UnityEngine.UI:UnityEngine.UI.Button	367	no	mono_string_candidate
Selected	level5	342096	8	1921	UnityEngine.UI:UnityEngine.UI.Button	367	no	mono_string_candidate
Disabled	level5	342108	8	1921	UnityEngine.UI:UnityEngine.UI.Button	367	no	mono_string_candidate
SettingsMenu, Assembly-CSharp	level5	342152	29	1921	UnityEngine.UI:UnityEngine.UI.Button	367	no	mono_string_candidate
RevertResolution	level5	342188	16	1921	UnityEngine.UI:UnityEngine.UI.Button	367	no	mono_string_candidate
UnityEngine.Object, UnityEngine	level5	342224	31	1921	UnityEngine.UI:UnityEngine.UI.Button	367	no	mono_string_candidate
Normal	level5	343384	6	1930	UnityEngine.UI:UnityEngine.UI.Button	450	Resume	mono_string_candidate
Highlighted	level5	343396	11	1930	UnityEngine.UI:UnityEngine.UI.Button	450	Resume	mono_string_candidate
Pressed	level5	343412	7	1930	UnityEngine.UI:UnityEngine.UI.Button	450	Resume	mono_string_candidate
Selected	level5	343424	8	1930	UnityEngine.UI:UnityEngine.UI.Button	450	Resume	mono_string_candidate
Disabled	level5	343436	8	1930	UnityEngine.UI:UnityEngine.UI.Button	450	Resume	mono_string_candidate
PauseMenu, Assembly-CSharp	level5	343480	26	1930	UnityEngine.UI:UnityEngine.UI.Button	450	Resume	mono_string_candidate
Resume	level5	343512	6	1930	UnityEngine.UI:UnityEngine.UI.Button	450	Resume	mono_string_candidate
UnityEngine.Object, UnityEngine	level5	343540	31	1930	UnityEngine.UI:UnityEngine.UI.Button	450	Resume	mono_string_candidate
Normal	level5	343832	6	1931	UnityEngine.UI:UnityEngine.UI.Button	399	RunButton	mono_string_candidate
Highlighted	level5	343844	11	1931	UnityEngine.UI:UnityEngine.UI.Button	399	RunButton	mono_string_candidate
Pressed	level5	343860	7	1931	UnityEngine.UI:UnityEngine.UI.Button	399	RunButton	mono_string_candidate
Selected	level5	343872	8	1931	UnityEngine.UI:UnityEngine.UI.Button	399	RunButton	mono_string_candidate
Disabled	level5	343884	8	1931	UnityEngine.UI:UnityEngine.UI.Button	399	RunButton	mono_string_candidate
game_controller, Assembly-CSharp	level5	343928	32	1931	UnityEngine.UI:UnityEngine.UI.Button	399	RunButton	mono_string_candidate
UnityEngine.Object, UnityEngine	level5	344000	31	1931	UnityEngine.UI:UnityEngine.UI.Button	399	RunButton	mono_string_candidate
Normal	level5	344440	6	1933	Unity.TextMeshPro:TMPro.TMP_InputField	420	InputNightResult	mono_string_candidate
Highlighted	level5	344452	11	1933	Unity.TextMeshPro:TMPro.TMP_InputField	420	InputNightResult	mono_string_candidate
Pressed	level5	344468	7	1933	Unity.TextMeshPro:TMPro.TMP_InputField	420	InputNightResult	mono_string_candidate
Selected	level5	344480	8	1933	Unity.TextMeshPro:TMPro.TMP_InputField	420	InputNightResult	mono_string_candidate
Disabled	level5	344492	8	1933	Unity.TextMeshPro:TMPro.TMP_InputField	420	InputNightResult	mono_string_candidate
Normal	level5	345704	6	1940	UnityEngine.UI:UnityEngine.UI.Button	447	BackToMenu	mono_string_candidate
Highlighted	level5	345716	11	1940	UnityEngine.UI:UnityEngine.UI.Button	447	BackToMenu	mono_string_candidate
Pressed	level5	345732	7	1940	UnityEngine.UI:UnityEngine.UI.Button	447	BackToMenu	mono_string_candidate
Selected	level5	345744	8	1940	UnityEngine.UI:UnityEngine.UI.Button	447	BackToMenu	mono_string_candidate
Disabled	level5	345756	8	1940	UnityEngine.UI:UnityEngine.UI.Button	447	BackToMenu	mono_string_candidate
PauseMenu, Assembly-CSharp	level5	345800	26	1940	UnityEngine.UI:UnityEngine.UI.Button	447	BackToMenu	mono_string_candidate
BackToMenu	level5	345832	10	1940	UnityEngine.UI:UnityEngine.UI.Button	447	BackToMenu	mono_string_candidate
UnityEngine.Object, UnityEngine	level5	345864	31	1940	UnityEngine.UI:UnityEngine.UI.Button	447	BackToMenu	mono_string_candidate
Normal	level5	347560	6	1952	UnityEngine.UI:UnityEngine.UI.Toggle	489	Item	mono_string_candidate
Highlighted	level5	347572	11	1952	UnityEngine.UI:UnityEngine.UI.Toggle	489	Item	mono_string_candidate
Pressed	level5	347588	7	1952	UnityEngine.UI:UnityEngine.UI.Toggle	489	Item	mono_string_candidate
Selected	level5	347600	8	1952	UnityEngine.UI:UnityEngine.UI.Toggle	489	Item	mono_string_candidate
Disabled	level5	347612	8	1952	UnityEngine.UI:UnityEngine.UI.Toggle	489	Item	mono_string_candidate
Actions Database	resources.assets	15974464	16	1901	Febucci.TextAnimator.Runtime:Febucci.UI.Actions.ActionDatabase	0		mono_string_candidate
SpeedAction	resources.assets	15974560	11	1902	Febucci.TextAnimator.Runtime:Febucci.UI.Actions.SpeedAction	0		mono_string_candidate
WaitAnyInputAction	resources.assets	15974624	18	1903	Febucci.TextAnimator.Runtime:Febucci.UI.Actions.WaitAnyInputAction	0		mono_string_candidate
WaitForAction	resources.assets	15974704	13	1904	Febucci.TextAnimator.Runtime:Febucci.UI.Actions.WaitForAction	0		mono_string_candidate
Appearances Database	resources.assets	15974768	20	1905	Febucci.TextAnimator.Runtime:Febucci.UI.Effects.AnimationsDatabase	0		mono_string_candidate
DiagonalExpandAppearance	resources.assets	15974928	24	1906	Febucci.TextAnimator.Runtime:Febucci.UI.Effects.DiagonalExpandAppearance	0		mono_string_candidate
FadeAppearance	resources.assets	15975008	14	1907	Febucci.TextAnimator.Runtime:Febucci.UI.Effects.FadeAppearance	0		mono_string_candidate
HorizontalExpandAppearance	resources.assets	15975072	26	1908	Febucci.TextAnimator.Runtime:Febucci.UI.Effects.HorizontalExpandAppearance	0		mono_string_candidate
OffsetAppearance	resources.assets	15975152	16	1909	Febucci.TextAnimator.Runtime:Febucci.UI.Effects.OffsetAppearance	0		mono_string_candidate
RandomDirectionAppearance	resources.assets	15975232	25	1910	Febucci.TextAnimator.Runtime:Febucci.UI.Effects.RandomDirectionAppearance	0		mono_string_candidate
RotatingAppearance	resources.assets	15975312	18	1911	Febucci.TextAnimator.Runtime:Febucci.UI.Effects.RotatingAppearance	0		mono_string_candidate
SizeAppearance	resources.assets	15975392	14	1912	Febucci.TextAnimator.Runtime:Febucci.UI.Effects.SizeAppearance	0		mono_string_candidate
VerticalExpandAppearance	resources.assets	15975456	24	1913	Febucci.TextAnimator.Runtime:Febucci.UI.Effects.VerticalExpandAppearance	0		mono_string_candidate
Behaviors Database	resources.assets	15975536	18	1914	Febucci.TextAnimator.Runtime:Febucci.UI.Effects.AnimationsDatabase	0		mono_string_candidate
BounceBehavior	resources.assets	15975744	14	1915	Febucci.TextAnimator.Runtime:Febucci.UI.Effects.BounceBehavior	0		mono_string_candidate
DangleBehavior	resources.assets	15975824	14	1916	Febucci.TextAnimator.Runtime:Febucci.UI.Effects.DangleBehavior	0		mono_string_candidate
FadeBehavior	resources.assets	15975904	12	1917	Febucci.TextAnimator.Runtime:Febucci.UI.Effects.FadeBehavior	0		mono_string_candidate
PendulumBehavior	resources.assets	15975968	16	1918	Febucci.TextAnimator.Runtime:Febucci.UI.Effects.PendulumBehavior	0		mono_string_candidate
RainbowBehavior	resources.assets	15976048	15	1919	Febucci.TextAnimator.Runtime:Febucci.UI.Effects.RainbowBehavior	0		mono_string_candidate
RotationBehavior	resources.assets	15976128	16	1920	Febucci.TextAnimator.Runtime:Febucci.UI.Effects.RotationBehavior	0		mono_string_candidate
ShakeBehavior	resources.assets	15976192	13	1921	Febucci.TextAnimator.Runtime:Febucci.UI.Effects.ShakeBehavior	0		mono_string_candidate
SizeBehavior	resources.assets	15976272	12	1922	Febucci.TextAnimator.Runtime:Febucci.UI.Effects.SizeBehavior	0		mono_string_candidate
SlideBehavior	resources.assets	15976336	13	1923	Febucci.TextAnimator.Runtime:Febucci.UI.Effects.SlideBehavior	0		mono_string_candidate
SwingBehavior	resources.assets	15976416	13	1924	Febucci.TextAnimator.Runtime:Febucci.UI.Effects.SwingBehavior	0		mono_string_candidate
WaveBehavior	resources.assets	15976496	12	1925	Febucci.TextAnimator.Runtime:Febucci.UI.Effects.WaveBehavior	0		mono_string_candidate
WiggleBehavior	resources.assets	15976560	14	1926	Febucci.TextAnimator.Runtime:Febucci.UI.Effects.WiggleBehavior	0		mono_string_candidate
TextAnimatorSettings	resources.assets	15976640	20	1927	Febucci.TextAnimator.Runtime:Febucci.UI.TextAnimatorSettings	0		mono_string_candidate
TextAnimator StyleSheet	resources.assets	15976784	23	1928	Febucci.TextAnimator.Runtime:Febucci.UI.Styles.StyleSheetScriptable	0		mono_string_candidate
LiberationSans SDF - Fallback	resources.assets	15976848	29	1929	Unity.TextMeshPro:TMPro.TMP_FontAsset	0		mono_string_candidate
Liberation Sans	resources.assets	15976900	15	1929	Unity.TextMeshPro:TMPro.TMP_FontAsset	0		mono_string_candidate
Regular	resources.assets	15976920	7	1929	Unity.TextMeshPro:TMPro.TMP_FontAsset	0		mono_string_candidate
Liberation Sans	resources.assets	15982152	15	1929	Unity.TextMeshPro:TMPro.TMP_FontAsset	0		mono_string_candidate
LiberationSans SDF	resources.assets	15982304	18	1930	Unity.TextMeshPro:TMPro.TMP_FontAsset	0		mono_string_candidate
Liberation Sans	resources.assets	15982344	15	1930	Unity.TextMeshPro:TMPro.TMP_FontAsset	0		mono_string_candidate
Regular	resources.assets	15982364	7	1930	Unity.TextMeshPro:TMPro.TMP_FontAsset	0		mono_string_candidate
Liberation Sans	resources.assets	16010948	15	1930	Unity.TextMeshPro:TMPro.TMP_FontAsset	0		mono_string_candidate
EmojiOne	resources.assets	16011104	8	1931	Unity.TextMeshPro:TMPro.TMP_SpriteAsset	0		mono_string_candidate
Smiling face with smiling eyes	resources.assets	16011256	30	1931	Unity.TextMeshPro:TMPro.TMP_SpriteAsset	0		mono_string_candidate
Grinning face	resources.assets	16011392	13	1931	Unity.TextMeshPro:TMPro.TMP_SpriteAsset	0		mono_string_candidate
Face with tears of joy	resources.assets	16011456	22	1931	Unity.TextMeshPro:TMPro.TMP_SpriteAsset	0		mono_string_candidate
Smiling face with smiling eyes	resources.assets	16012796	30	1931	Unity.TextMeshPro:TMPro.TMP_SpriteAsset	0		mono_string_candidate
Grinning face	resources.assets	16013124	13	1931	Unity.TextMeshPro:TMPro.TMP_SpriteAsset	0		mono_string_candidate
Face with tears of joy	resources.assets	16013284	22	1931	Unity.TextMeshPro:TMPro.TMP_SpriteAsset	0		mono_string_candidate
Default Style Sheet	resources.assets	16014048	19	1932	Unity.TextMeshPro:TMPro.TMP_StyleSheet	0		mono_string_candidate
Normal	resources.assets	16014076	6	1932	Unity.TextMeshPro:TMPro.TMP_StyleSheet	0		mono_string_candidate
H1	resources.assets	16014108	2	1932	Unity.TextMeshPro:TMPro.TMP_StyleSheet	0		mono_string_candidate
Quote	resources.assets	16014352	5	1932	Unity.TextMeshPro:TMPro.TMP_StyleSheet	0		mono_string_candidate
Link	resources.assets	16014832	4	1932	Unity.TextMeshPro:TMPro.TMP_StyleSheet	0		mono_string_candidate
Title	resources.assets	16015088	5	1932	Unity.TextMeshPro:TMPro.TMP_StyleSheet	0		mono_string_candidate
H2	resources.assets	16015356	2	1932	Unity.TextMeshPro:TMPro.TMP_StyleSheet	0		mono_string_candidate
<size=1.5em><b><#4080FF>	resources.assets	16015368	24	1932	Unity.TextMeshPro:TMPro.TMP_StyleSheet	0		mono_string_candidate
H3	resources.assets	16015600	2	1932	Unity.TextMeshPro:TMPro.TMP_StyleSheet	0		mono_string_candidate
<size=1.17em><b><#FF8040>	resources.assets	16015612	25	1932	Unity.TextMeshPro:TMPro.TMP_StyleSheet	0		mono_string_candidate
C1	resources.assets	16015852	2	1932	Unity.TextMeshPro:TMPro.TMP_StyleSheet	0		mono_string_candidate
C2	resources.assets	16015996	2	1932	Unity.TextMeshPro:TMPro.TMP_StyleSheet	0		mono_string_candidate
<color=#ff40FF><size=125%>	resources.assets	16016008	26	1932	Unity.TextMeshPro:TMPro.TMP_StyleSheet	0		mono_string_candidate
C3	resources.assets	16016232	2	1932	Unity.TextMeshPro:TMPro.TMP_StyleSheet	0		mono_string_candidate
<color=#80A0FF><b>	resources.assets	16016244	18	1932	Unity.TextMeshPro:TMPro.TMP_StyleSheet	0		mono_string_candidate
TMP Settings	resources.assets	16016448	12	1933	Unity.TextMeshPro:TMPro.TMP_Settings	0		mono_string_candidate
Fonts & Materials/	resources.assets	16016532	18	1933	Unity.TextMeshPro:TMPro.TMP_Settings	0		mono_string_candidate
Sprite Assets/	resources.assets	16016616	14	1933	Unity.TextMeshPro:TMPro.TMP_Settings	0		mono_string_candidate
Color Gradient Presets/	resources.assets	16016648	23	1933	Unity.TextMeshPro:TMPro.TMP_Settings	0		mono_string_candidate
Default (Linear Color Space Recommended)	resources.assets	16016752	40	1934	Assembly-CSharp:UniStorm.CloudProfile	0		mono_string_candidate
New Cloud Profile Name	resources.assets	16016796	22	1934	Assembly-CSharp:UniStorm.CloudProfile	0		mono_string_candidate
Default Precipitation (Linear Color Space Recommended)	resources.assets	16016880	54	1935	Assembly-CSharp:UniStorm.CloudProfile	0		mono_string_candidate
New Cloud Profile Name	resources.assets	16016940	22	1935	Assembly-CSharp:UniStorm.CloudProfile	0		mono_string_candidate
UniStorm Data	resources.assets	16017024	13	1936	Assembly-CSharp:UniStorm.Utility.UniStormProfile	0		mono_string_candidate
VR State Data	resources.assets	16022512	13	1937	Assembly-CSharp:UniStorm.Utility.VRState	0		mono_string_candidate
Blue Aroras	resources.assets	16022576	11	1938	Assembly-CSharp:UniStorm.WeatherType	0		mono_string_candidate
Blue Auroras	resources.assets	16022592	12	1938	Assembly-CSharp:UniStorm.WeatherType	0		mono_string_candidate
Red Aroras	resources.assets	16023216	10	1939	Assembly-CSharp:UniStorm.WeatherType	0		mono_string_candidate
Red Auroras	resources.assets	16023232	11	1939	Assembly-CSharp:UniStorm.WeatherType	0		mono_string_candidate
Blowing Leaves	resources.assets	16023856	14	1940	Assembly-CSharp:UniStorm.WeatherType	0		mono_string_candidate
Blowing Leaves	resources.assets	16023876	14	1940	Assembly-CSharp:UniStorm.WeatherType	0		mono_string_candidate
Blowing Pine Needles	resources.assets	16024512	20	1941	Assembly-CSharp:UniStorm.WeatherType	0		mono_string_candidate
Blowing Pine Needles	resources.assets	16024536	20	1941	Assembly-CSharp:UniStorm.WeatherType	0		mono_string_candidate
Blowing Pollen	resources.assets	16025168	14	1942	Assembly-CSharp:UniStorm.WeatherType	0		mono_string_candidate
Blowing Pollen	resources.assets	16025188	14	1942	Assembly-CSharp:UniStorm.WeatherType	0		mono_string_candidate
Blowing Snow	resources.assets	16025824	12	1943	Assembly-CSharp:UniStorm.WeatherType	0		mono_string_candidate
Blowing Snow	resources.assets	16025840	12	1943	Assembly-CSharp:UniStorm.WeatherType	0		mono_string_candidate
Clear	resources.assets	16026464	5	1944	Assembly-CSharp:UniStorm.WeatherType	0		mono_string_candidate
Clear	resources.assets	16026476	5	1944	Assembly-CSharp:UniStorm.WeatherType	0		mono_string_candidate
Cloudy	resources.assets	16027104	6	1945	Assembly-CSharp:UniStorm.WeatherType	0		mono_string_candidate
Cloudy	resources.assets	16027116	6	1945	Assembly-CSharp:UniStorm.WeatherType	0		mono_string_candidate
Dust Storm	resources.assets	16027744	10	1946	Assembly-CSharp:UniStorm.WeatherType	0		mono_string_candidate
Dust Storm	resources.assets	16027760	10	1946	Assembly-CSharp:UniStorm.WeatherType	0		mono_string_candidate
Hazy	resources.assets	16028384	4	1947	Assembly-CSharp:UniStorm.WeatherType	0		mono_string_candidate
Hazy	resources.assets	16028392	4	1947	Assembly-CSharp:UniStorm.WeatherType	0		mono_string_candidate
Lightning Bugs	resources.assets	16029008	14	1948	Assembly-CSharp:UniStorm.WeatherType	0		mono_string_candidate
Lightning Bugs	resources.assets	16029028	14	1948	Assembly-CSharp:UniStorm.WeatherType	0		mono_string_candidate
Mostly Clear	resources.assets	16029664	12	1949	Assembly-CSharp:UniStorm.WeatherType	0		mono_string_candidate
Mostly Clear	resources.assets	16029680	12	1949	Assembly-CSharp:UniStorm.WeatherType	0		mono_string_candidate
Mostly Cloudy with Rain	resources.assets	16030304	23	1950	Assembly-CSharp:UniStorm.WeatherType	0		mono_string_candidate
Mostly Cloudy with Rain	resources.assets	16030332	23	1950	Assembly-CSharp:UniStorm.WeatherType	0		mono_string_candidate
Mostly Cloudy	resources.assets	16030976	13	1951	Assembly-CSharp:UniStorm.WeatherType	0		mono_string_candidate
Mostly Cloudy	resources.assets	16030996	13	1951	Assembly-CSharp:UniStorm.WeatherType	0		mono_string_candidate
Partly Cloudy	resources.assets	16031632	13	1952	Assembly-CSharp:UniStorm.WeatherType	0		mono_string_candidate
Partly Cloudy	resources.assets	16031652	13	1952	Assembly-CSharp:UniStorm.WeatherType	0		mono_string_candidate
Drizzle	resources.assets	16032288	7	1953	Assembly-CSharp:UniStorm.WeatherType	0		mono_string_candidate
Drizzle	resources.assets	16032300	7	1953	Assembly-CSharp:UniStorm.WeatherType	0		mono_string_candidate
Foggy	resources.assets	16032928	5	1954	Assembly-CSharp:UniStorm.WeatherType	0		mono_string_candidate
Foggy	resources.assets	16032940	5	1954	Assembly-CSharp:UniStorm.WeatherType	0		mono_string_candidate
Hail	resources.assets	16033568	4	1955	Assembly-CSharp:UniStorm.WeatherType	0		mono_string_candidate
Hail	resources.assets	16033576	4	1955	Assembly-CSharp:UniStorm.WeatherType	0		mono_string_candidate
Heavy Rain	resources.assets	16034192	10	1956	Assembly-CSharp:UniStorm.WeatherType	0		mono_string_candidate
Heavy Rain	resources.assets	16034208	10	1956	Assembly-CSharp:UniStorm.WeatherType	0		mono_string_candidate
Heavy Snow	resources.assets	16034832	10	1957	Assembly-CSharp:UniStorm.WeatherType	0		mono_string_candidate
Heavy Snow	resources.assets	16034848	10	1957	Assembly-CSharp:UniStorm.WeatherType	0		mono_string_candidate
Light Rain	resources.assets	16035472	10	1958	Assembly-CSharp:UniStorm.WeatherType	0		mono_string_candidate
Light Rain	resources.assets	16035488	10	1958	Assembly-CSharp:UniStorm.WeatherType	0		mono_string_candidate
Light Snow	resources.assets	16036112	10	1959	Assembly-CSharp:UniStorm.WeatherType	0		mono_string_candidate
Light Snow	resources.assets	16036128	10	1959	Assembly-CSharp:UniStorm.WeatherType	0		mono_string_candidate
Overcast	resources.assets	16036752	8	1960	Assembly-CSharp:UniStorm.WeatherType	0		mono_string_candidate
Overcast	resources.assets	16036764	8	1960	Assembly-CSharp:UniStorm.WeatherType	0		mono_string_candidate
Rain	resources.assets	16037392	4	1961	Assembly-CSharp:UniStorm.WeatherType	0		mono_string_candidate
Rain	resources.assets	16037400	4	1961	Assembly-CSharp:UniStorm.WeatherType	0		mono_string_candidate
Snow	resources.assets	16038016	4	1962	Assembly-CSharp:UniStorm.WeatherType	0		mono_string_candidate
Snow	resources.assets	16038024	4	1962	Assembly-CSharp:UniStorm.WeatherType	0		mono_string_candidate
Thunder Snow	resources.assets	16038640	12	1963	Assembly-CSharp:UniStorm.WeatherType	0		mono_string_candidate
Thunder Snow	resources.assets	16038656	12	1963	Assembly-CSharp:UniStorm.WeatherType	0		mono_string_candidate
Thunderstorm	resources.assets	16039280	12	1964	Assembly-CSharp:UniStorm.WeatherType	0		mono_string_candidate
Thunderstorm	resources.assets	16039296	12	1964	Assembly-CSharp:UniStorm.WeatherType	0		mono_string_candidate
Fire Rain	resources.assets	16039920	9	1965	Assembly-CSharp:UniStorm.WeatherType	0		mono_string_candidate
Fire Rain	resources.assets	16039936	9	1965	Assembly-CSharp:UniStorm.WeatherType	0		mono_string_candidate
Fire Storm	resources.assets	16040560	10	1966	Assembly-CSharp:UniStorm.WeatherType	0		mono_string_candidate
Fire Storm	resources.assets	16040576	10	1966	Assembly-CSharp:UniStorm.WeatherType	0		mono_string_candidate
Foldout	resources.assets	16041764	7	1970	UnityEngine.UI:UnityEngine.UI.Text	310	Text	mono_string_candidate
Normal	resources.assets	16042712	6	1977	UnityEngine.UI:UnityEngine.UI.Button	274	Change Weather Button	mono_string_candidate
Highlighted	resources.assets	16042724	11	1977	UnityEngine.UI:UnityEngine.UI.Button	274	Change Weather Button	mono_string_candidate
Pressed	resources.assets	16042740	7	1977	UnityEngine.UI:UnityEngine.UI.Button	274	Change Weather Button	mono_string_candidate
Highlighted	resources.assets	16042752	11	1977	UnityEngine.UI:UnityEngine.UI.Button	274	Change Weather Button	mono_string_candidate
Disabled	resources.assets	16042768	8	1977	UnityEngine.UI:UnityEngine.UI.Button	274	Change Weather Button	mono_string_candidate
ChangeWeatherUI	resources.assets	16042816	15	1977	UnityEngine.UI:UnityEngine.UI.Button	274	Change Weather Button	mono_string_candidate
UnityEngine.Object, UnityEngine	resources.assets	16042852	31	1977	UnityEngine.UI:UnityEngine.UI.Button	274	Change Weather Button	mono_string_candidate
Normal	resources.assets	16043544	6	1982	Unity.RenderPipelines.Core.Runtime:UnityEngine.Rendering.UI.UIFoldout	287	Header	mono_string_candidate
Highlighted	resources.assets	16043556	11	1982	Unity.RenderPipelines.Core.Runtime:UnityEngine.Rendering.UI.UIFoldout	287	Header	mono_string_candidate
Pressed	resources.assets	16043572	7	1982	Unity.RenderPipelines.Core.Runtime:UnityEngine.Rendering.UI.UIFoldout	287	Header	mono_string_candidate
Highlighted	resources.assets	16043584	11	1982	Unity.RenderPipelines.Core.Runtime:UnityEngine.Rendering.UI.UIFoldout	287	Header	mono_string_candidate
Disabled	resources.assets	16043600	8	1982	Unity.RenderPipelines.Core.Runtime:UnityEngine.Rendering.UI.UIFoldout	287	Header	mono_string_candidate
Normal	resources.assets	16044088	6	1984	UnityEngine.UI:UnityEngine.UI.Scrollbar	272	Scrollbar Horizontal	mono_string_candidate
Highlighted	resources.assets	16044100	11	1984	UnityEngine.UI:UnityEngine.UI.Scrollbar	272	Scrollbar Horizontal	mono_string_candidate
Pressed	resources.assets	16044116	7	1984	UnityEngine.UI:UnityEngine.UI.Scrollbar	272	Scrollbar Horizontal	mono_string_candidate
Highlighted	resources.assets	16044128	11	1984	UnityEngine.UI:UnityEngine.UI.Scrollbar	272	Scrollbar Horizontal	mono_string_candidate
Disabled	resources.assets	16044144	8	1984	UnityEngine.UI:UnityEngine.UI.Scrollbar	272	Scrollbar Horizontal	mono_string_candidate
Change Weather	resources.assets	16045012	14	1991	UnityEngine.UI:UnityEngine.UI.Text	220	Text	mono_string_candidate
Button	resources.assets	16046180	6	2000	UnityEngine.UI:UnityEngine.UI.Text	308	Text	mono_string_candidate
Normal	resources.assets	16047256	6	2008	UnityEngine.UI:UnityEngine.UI.Dropdown	412	Weather Dropdown	mono_string_candidate
Highlighted	resources.assets	16047268	11	2008	UnityEngine.UI:UnityEngine.UI.Dropdown	412	Weather Dropdown	mono_string_candidate
Pressed	resources.assets	16047284	7	2008	UnityEngine.UI:UnityEngine.UI.Dropdown	412	Weather Dropdown	mono_string_candidate
Highlighted	resources.assets	16047296	11	2008	UnityEngine.UI:UnityEngine.UI.Dropdown	412	Weather Dropdown	mono_string_candidate
Disabled	resources.assets	16047312	8	2008	UnityEngine.UI:UnityEngine.UI.Dropdown	412	Weather Dropdown	mono_string_candidate
Normal	resources.assets	16048312	6	2014	Unity.RenderPipelines.Core.Runtime:UnityEngine.Rendering.UI.UIFoldout	322	Header	mono_string_candidate
Highlighted	resources.assets	16048324	11	2014	Unity.RenderPipelines.Core.Runtime:UnityEngine.Rendering.UI.UIFoldout	322	Header	mono_string_candidate
Pressed	resources.assets	16048340	7	2014	Unity.RenderPipelines.Core.Runtime:UnityEngine.Rendering.UI.UIFoldout	322	Header	mono_string_candidate
Highlighted	resources.assets	16048352	11	2014	Unity.RenderPipelines.Core.Runtime:UnityEngine.Rendering.UI.UIFoldout	322	Header	mono_string_candidate
Disabled	resources.assets	16048368	8	2014	Unity.RenderPipelines.Core.Runtime:UnityEngine.Rendering.UI.UIFoldout	322	Header	mono_string_candidate
Normal	resources.assets	16048936	6	2018	UnityEngine.UI:UnityEngine.UI.Scrollbar	429	Scrollbar	mono_string_candidate
Highlighted	resources.assets	16048948	11	2018	UnityEngine.UI:UnityEngine.UI.Scrollbar	429	Scrollbar	mono_string_candidate
Pressed	resources.assets	16048964	7	2018	UnityEngine.UI:UnityEngine.UI.Scrollbar	429	Scrollbar	mono_string_candidate
Highlighted	resources.assets	16048976	11	2018	UnityEngine.UI:UnityEngine.UI.Scrollbar	429	Scrollbar	mono_string_candidate
Disabled	resources.assets	16048992	8	2018	UnityEngine.UI:UnityEngine.UI.Scrollbar	429	Scrollbar	mono_string_candidate
"Color
"	resources.assets	16051860	6	2044	UnityEngine.UI:UnityEngine.UI.Text	231	Text	mono_string_candidate
"Message text
"	resources.assets	16052020	13	2045	UnityEngine.UI:UnityEngine.UI.Text	422	Text	mono_string_candidate
"Foldout
"	resources.assets	16052196	8	2046	UnityEngine.UI:UnityEngine.UI.Text	423	Text	mono_string_candidate
"Foldout
"	resources.assets	16052356	8	2047	UnityEngine.UI:UnityEngine.UI.Text	424	Text	mono_string_candidate
"Vector4
"	resources.assets	16053300	8	2055	UnityEngine.UI:UnityEngine.UI.Text	373	Text	mono_string_candidate
Option A	resources.assets	16053460	8	2056	UnityEngine.UI:UnityEngine.UI.Text	325	Item Label	mono_string_candidate
Normal	resources.assets	16054104	6	2061	UnityEngine.UI:UnityEngine.UI.Slider	387	Time Slider	mono_string_candidate
Highlighted	resources.assets	16054116	11	2061	UnityEngine.UI:UnityEngine.UI.Slider	387	Time Slider	mono_string_candidate
Pressed	resources.assets	16054132	7	2061	UnityEngine.UI:UnityEngine.UI.Slider	387	Time Slider	mono_string_candidate
Highlighted	resources.assets	16054144	11	2061	UnityEngine.UI:UnityEngine.UI.Slider	387	Time Slider	mono_string_candidate
Disabled	resources.assets	16054160	8	2061	UnityEngine.UI:UnityEngine.UI.Slider	387	Time Slider	mono_string_candidate
CalculateTimeSlider	resources.assets	16054252	19	2061	UnityEngine.UI:UnityEngine.UI.Slider	387	Time Slider	mono_string_candidate
UnityEngine.Object, UnityEngine	resources.assets	16054292	31	2061	UnityEngine.UI:UnityEngine.UI.Slider	387	Time Slider	mono_string_candidate
Normal	resources.assets	16055496	6	2069	UnityEngine.UI:UnityEngine.UI.Button	309	DebugUIButton	mono_string_candidate
Highlighted	resources.assets	16055508	11	2069	UnityEngine.UI:UnityEngine.UI.Button	309	DebugUIButton	mono_string_candidate
Pressed	resources.assets	16055524	7	2069	UnityEngine.UI:UnityEngine.UI.Button	309	DebugUIButton	mono_string_candidate
Highlighted	resources.assets	16055536	11	2069	UnityEngine.UI:UnityEngine.UI.Button	309	DebugUIButton	mono_string_candidate
Disabled	resources.assets	16055552	8	2069	UnityEngine.UI:UnityEngine.UI.Button	309	DebugUIButton	mono_string_candidate
UnityEngine.Rendering.UI.DebugUIHandlerButton, Unity.RenderPipelines.Core.Runtime	resources.assets	16055596	81	2069	UnityEngine.UI:UnityEngine.UI.Button	309	DebugUIButton	mono_string_candidate
OnAction	resources.assets	16055684	8	2069	UnityEngine.UI:UnityEngine.UI.Button	309	DebugUIButton	mono_string_candidate
UnityEngine.Object, UnityEngine	resources.assets	16055712	31	2069	UnityEngine.UI:UnityEngine.UI.Button	309	DebugUIButton	mono_string_candidate
Assets/UniStorm Weather System/Resources/Components/Resources/UniStorm Data.asset	resources.assets	16057680	81	2083	Assembly-CSharp:UniStorm.UniStormSystem	250	UniStorm System	mono_string_candidate
Player	resources.assets	16057816	6	2083	Assembly-CSharp:UniStorm.UniStormSystem	250	UniStorm System	mono_string_candidate
FPS Player	resources.assets	16057828	10	2083	Assembly-CSharp:UniStorm.UniStormSystem	250	UniStorm System	mono_string_candidate
MainCamera	resources.assets	16057844	10	2083	Assembly-CSharp:UniStorm.UniStormSystem	250	UniStorm System	mono_string_candidate
Main Camera	resources.assets	16057860	11	2083	Assembly-CSharp:UniStorm.UniStormSystem	250	UniStorm System	mono_string_candidate
Respawn	resources.assets	16061152	7	2083	Assembly-CSharp:UniStorm.UniStormSystem	250	UniStorm System	mono_string_candidate
Respawn	resources.assets	16061288	7	2083	Assembly-CSharp:UniStorm.UniStormSystem	250	UniStorm System	mono_string_candidate
Assets/UniStorm Weather System/Resources/Components/Resources/UniStorm Data.asset	resources.assets	16069968	81	2084	Assembly-CSharp:UniStorm.UniStormSystem	439	UniStorm VR System	mono_string_candidate
Player	resources.assets	16070104	6	2084	Assembly-CSharp:UniStorm.UniStormSystem	439	UniStorm VR System	mono_string_candidate
FPS Player	resources.assets	16070116	10	2084	Assembly-CSharp:UniStorm.UniStormSystem	439	UniStorm VR System	mono_string_candidate
MainCamera	resources.assets	16070132	10	2084	Assembly-CSharp:UniStorm.UniStormSystem	439	UniStorm VR System	mono_string_candidate
Main Camera	resources.assets	16070148	11	2084	Assembly-CSharp:UniStorm.UniStormSystem	439	UniStorm VR System	mono_string_candidate
Respawn	resources.assets	16073440	7	2084	Assembly-CSharp:UniStorm.UniStormSystem	439	UniStorm VR System	mono_string_candidate
Respawn	resources.assets	16073576	7	2084	Assembly-CSharp:UniStorm.UniStormSystem	439	UniStorm VR System	mono_string_candidate
Normal	resources.assets	16082360	6	2086	UnityEngine.UI:UnityEngine.UI.Scrollbar	384	Scrollbar Vertical	mono_string_candidate
Highlighted	resources.assets	16082372	11	2086	UnityEngine.UI:UnityEngine.UI.Scrollbar	384	Scrollbar Vertical	mono_string_candidate
Pressed	resources.assets	16082388	7	2086	UnityEngine.UI:UnityEngine.UI.Scrollbar	384	Scrollbar Vertical	mono_string_candidate
Highlighted	resources.assets	16082400	11	2086	UnityEngine.UI:UnityEngine.UI.Scrollbar	384	Scrollbar Vertical	mono_string_candidate
Disabled	resources.assets	16082416	8	2086	UnityEngine.UI:UnityEngine.UI.Scrollbar	384	Scrollbar Vertical	mono_string_candidate
Enum	resources.assets	16082628	4	2087	UnityEngine.UI:UnityEngine.UI.Text	332	Value	mono_string_candidate
Enum	resources.assets	16082788	4	2088	UnityEngine.UI:UnityEngine.UI.Text	333	Value	mono_string_candidate
"Vector2
"	resources.assets	16082948	8	2089	UnityEngine.UI:UnityEngine.UI.Text	362	Text	mono_string_candidate
UnityEngine.Rendering.DebugUI+Value, Unity.RenderPipelines.Core.Runtime, Version=0.0.0.0, Culture=neutral, PublicKeyToken=null	resources.assets	16083156	126	2091	Unity.RenderPipelines.Core.Runtime:UnityEngine.Rendering.UI.DebugUIHandlerCanvas	260	DebugUICanvas	mono_string_candidate
UnityEngine.Rendering.DebugUI+BoolField, Unity.RenderPipelines.Core.Runtime, Version=0.0.0.0, Culture=neutral, PublicKeyToken=null	resources.assets	16083300	130	2091	Unity.RenderPipelines.Core.Runtime:UnityEngine.Rendering.UI.DebugUIHandlerCanvas	260	DebugUICanvas	mono_string_candidate
UnityEngine.Rendering.DebugUI+IntField, Unity.RenderPipelines.Core.Runtime, Version=0.0.0.0, Culture=neutral, PublicKeyToken=null	resources.assets	16083448	129	2091	Unity.RenderPipelines.Core.Runtime:UnityEngine.Rendering.UI.DebugUIHandlerCanvas	260	DebugUICanvas	mono_string_candidate
UnityEngine.Rendering.DebugUI+UIntField, Unity.RenderPipelines.Core.Runtime, Version=0.0.0.0, Culture=neutral, PublicKeyToken=null	resources.assets	16083596	130	2091	Unity.RenderPipelines.Core.Runtime:UnityEngine.Rendering.UI.DebugUIHandlerCanvas	260	DebugUICanvas	mono_string_candidate
UnityEngine.Rendering.DebugUI+FloatField, Unity.RenderPipelines.Core.Runtime, Version=0.0.0.0, Culture=neutral, PublicKeyToken=null	resources.assets	16083744	131	2091	Unity.RenderPipelines.Core.Runtime:UnityEngine.Rendering.UI.DebugUIHandlerCanvas	260	DebugUICanvas	mono_string_candidate
UnityEngine.Rendering.DebugUI+EnumField, Unity.RenderPipelines.Core.Runtime, Version=0.0.0.0, Culture=neutral, PublicKeyToken=null	resources.assets	16083892	130	2091	Unity.RenderPipelines.Core.Runtime:UnityEngine.Rendering.UI.DebugUIHandlerCanvas	260	DebugUICanvas	mono_string_candidate
UnityEngine.Rendering.DebugUI+Button, Unity.RenderPipelines.Core.Runtime, Version=0.0.0.0, Culture=neutral, PublicKeyToken=null	resources.assets	16084040	127	2091	Unity.RenderPipelines.Core.Runtime:UnityEngine.Rendering.UI.DebugUIHandlerCanvas	260	DebugUICanvas	mono_string_candidate
UnityEngine.Rendering.DebugUI+Foldout, Unity.RenderPipelines.Core.Runtime, Version=0.0.0.0, Culture=neutral, PublicKeyToken=null	resources.assets	16084184	128	2091	Unity.RenderPipelines.Core.Runtime:UnityEngine.Rendering.UI.DebugUIHandlerCanvas	260	DebugUICanvas	mono_string_candidate
UnityEngine.Rendering.DebugUI+ColorField, Unity.RenderPipelines.Core.Runtime, Version=0.0.0.0, Culture=neutral, PublicKeyToken=null	resources.assets	16084328	131	2091	Unity.RenderPipelines.Core.Runtime:UnityEngine.Rendering.UI.DebugUIHandlerCanvas	260	DebugUICanvas	mono_string_candidate
UnityEngine.Rendering.DebugUI+Vector2Field, Unity.RenderPipelines.Core.Runtime, Version=0.0.0.0, Culture=neutral, PublicKeyToken=null	resources.assets	16084476	133	2091	Unity.RenderPipelines.Core.Runtime:UnityEngine.Rendering.UI.DebugUIHandlerCanvas	260	DebugUICanvas	mono_string_candidate
UnityEngine.Rendering.DebugUI+Vector3Field, Unity.RenderPipelines.Core.Runtime, Version=0.0.0.0, Culture=neutral, PublicKeyToken=null	resources.assets	16084628	133	2091	Unity.RenderPipelines.Core.Runtime:UnityEngine.Rendering.UI.DebugUIHandlerCanvas	260	DebugUICanvas	mono_string_candidate
UnityEngine.Rendering.DebugUI+Vector4Field, Unity.RenderPipelines.Core.Runtime, Version=0.0.0.0, Culture=neutral, PublicKeyToken=null	resources.assets	16084780	133	2091	Unity.RenderPipelines.Core.Runtime:UnityEngine.Rendering.UI.DebugUIHandlerCanvas	260	DebugUICanvas	mono_string_candidate
UnityEngine.Rendering.DebugUI+VBox, Unity.RenderPipelines.Core.Runtime, Version=0.0.0.0, Culture=neutral, PublicKeyToken=null	resources.assets	16084932	125	2091	Unity.RenderPipelines.Core.Runtime:UnityEngine.Rendering.UI.DebugUIHandlerCanvas	260	DebugUICanvas	mono_string_candidate
UnityEngine.Rendering.DebugUI+HBox, Unity.RenderPipelines.Core.Runtime, Version=0.0.0.0, Culture=neutral, PublicKeyToken=null	resources.assets	16085076	125	2091	Unity.RenderPipelines.Core.Runtime:UnityEngine.Rendering.UI.DebugUIHandlerCanvas	260	DebugUICanvas	mono_string_candidate
UnityEngine.Rendering.DebugUI+Container, Unity.RenderPipelines.Core.Runtime, Version=0.0.0.0, Culture=neutral, PublicKeyToken=null	resources.assets	16085220	130	2091	Unity.RenderPipelines.Core.Runtime:UnityEngine.Rendering.UI.DebugUIHandlerCanvas	260	DebugUICanvas	mono_string_candidate
UnityEngine.Rendering.DebugUI+BitField, Unity.RenderPipelines.Core.Runtime, Version=0.0.0.0, Culture=neutral, PublicKeyToken=null	resources.assets	16085368	129	2091	Unity.RenderPipelines.Core.Runtime:UnityEngine.Rendering.UI.DebugUIHandlerCanvas	260	DebugUICanvas	mono_string_candidate
UnityEngine.Rendering.DebugUI+HistoryBoolField, Unity.RenderPipelines.Core.Runtime, Version=0.0.0.0, Culture=neutral, PublicKeyToken=null	resources.assets	16085516	137	2091	Unity.RenderPipelines.Core.Runtime:UnityEngine.Rendering.UI.DebugUIHandlerCanvas	260	DebugUICanvas	mono_string_candidate
UnityEngine.Rendering.DebugUI+HistoryEnumField, Unity.RenderPipelines.Core.Runtime, Version=0.0.0.0, Culture=neutral, PublicKeyToken=null	resources.assets	16085672	137	2091	Unity.RenderPipelines.Core.Runtime:UnityEngine.Rendering.UI.DebugUIHandlerCanvas	260	DebugUICanvas	mono_string_candidate
UnityEngine.Rendering.DebugUI+Table, Unity.RenderPipelines.Core.Runtime, Version=0.0.0.0, Culture=neutral, PublicKeyToken=null	resources.assets	16085828	126	2091	Unity.RenderPipelines.Core.Runtime:UnityEngine.Rendering.UI.DebugUIHandlerCanvas	260	DebugUICanvas	mono_string_candidate
UnityEngine.Rendering.DebugUI+Table+Row, Unity.RenderPipelines.Core.Runtime, Version=0.0.0.0, Culture=neutral, PublicKeyToken=null	resources.assets	16085972	130	2091	Unity.RenderPipelines.Core.Runtime:UnityEngine.Rendering.UI.DebugUIHandlerCanvas	260	DebugUICanvas	mono_string_candidate
UnityEngine.Rendering.DebugUI+MessageBox, Unity.RenderPipelines.Core.Runtime, Version=0.0.0.0, Culture=neutral, PublicKeyToken=null	resources.assets	16086120	131	2091	Unity.RenderPipelines.Core.Runtime:UnityEngine.Rendering.UI.DebugUIHandlerCanvas	260	DebugUICanvas	mono_string_candidate
UnityEngine.Rendering.DebugUI+ProgressBarValue, Unity.RenderPipelines.Core.Runtime, Version=0.0.0.0, Culture=neutral, PublicKeyToken=null	resources.assets	16086268	137	2091	Unity.RenderPipelines.Core.Runtime:UnityEngine.Rendering.UI.DebugUIHandlerCanvas	260	DebugUICanvas	mono_string_candidate
UnityEngine.Rendering.DebugUI+ValueTuple, Unity.RenderPipelines.Core.Runtime, Version=0.0.0.0, Culture=neutral, PublicKeyToken=null	resources.assets	16086424	131	2091	Unity.RenderPipelines.Core.Runtime:UnityEngine.Rendering.UI.DebugUIHandlerCanvas	260	DebugUICanvas	mono_string_candidate
UnityEngine.Rendering.DebugUI+ObjectField, Unity.RenderPipelines.Core.Runtime, Version=0.0.0.0, Culture=neutral, PublicKeyToken=null	resources.assets	16086572	132	2091	Unity.RenderPipelines.Core.Runtime:UnityEngine.Rendering.UI.DebugUIHandlerCanvas	260	DebugUICanvas	mono_string_candidate
UnityEngine.Rendering.DebugUI+ObjectListField, Unity.RenderPipelines.Core.Runtime, Version=0.0.0.0, Culture=neutral, PublicKeyToken=null	resources.assets	16086720	136	2091	Unity.RenderPipelines.Core.Runtime:UnityEngine.Rendering.UI.DebugUIHandlerCanvas	260	DebugUICanvas	mono_string_candidate
UnityEngine.Rendering.DebugUI+ObjectPopupField, Unity.RenderPipelines.Core.Runtime, Version=0.0.0.0, Culture=neutral, PublicKeyToken=null	resources.assets	16086872	137	2091	Unity.RenderPipelines.Core.Runtime:UnityEngine.Rendering.UI.DebugUIHandlerCanvas	260	DebugUICanvas	mono_string_candidate
UnityEngine.Rendering.DebugUI+RuntimeDebugShadersMessageBox, Unity.RenderPipelines.Core.Runtime, Version=0.0.0.0, Culture=neutral, PublicKeyToken=null	resources.assets	16087028	150	2091	Unity.RenderPipelines.Core.Runtime:UnityEngine.Rendering.UI.DebugUIHandlerCanvas	260	DebugUICanvas	mono_string_candidate
UnityEngine.Rendering.DebugUI+RenderingLayerField, Unity.RenderPipelines.Core.Runtime, Version=0.0.0.0, Culture=neutral, PublicKeyToken=null	resources.assets	16087196	140	2091	Unity.RenderPipelines.Core.Runtime:UnityEngine.Rendering.UI.DebugUIHandlerCanvas	260	DebugUICanvas	mono_string_candidate
Normal	resources.assets	16088296	6	2098	Unity.RenderPipelines.Core.Runtime:UnityEngine.Rendering.UI.UIFoldout	388	Header	mono_string_candidate
Highlighted	resources.assets	16088308	11	2098	Unity.RenderPipelines.Core.Runtime:UnityEngine.Rendering.UI.UIFoldout	388	Header	mono_string_candidate
Pressed	resources.assets	16088324	7	2098	Unity.RenderPipelines.Core.Runtime:UnityEngine.Rendering.UI.UIFoldout	388	Header	mono_string_candidate
Highlighted	resources.assets	16088336	11	2098	Unity.RenderPipelines.Core.Runtime:UnityEngine.Rendering.UI.UIFoldout	388	Header	mono_string_candidate
Disabled	resources.assets	16088352	8	2098	Unity.RenderPipelines.Core.Runtime:UnityEngine.Rendering.UI.UIFoldout	388	Header	mono_string_candidate
Normal	resources.assets	16088680	6	2099	Unity.RenderPipelines.Core.Runtime:UnityEngine.Rendering.UI.UIFoldout	389	Header	mono_string_candidate
Highlighted	resources.assets	16088692	11	2099	Unity.RenderPipelines.Core.Runtime:UnityEngine.Rendering.UI.UIFoldout	389	Header	mono_string_candidate
Pressed	resources.assets	16088708	7	2099	Unity.RenderPipelines.Core.Runtime:UnityEngine.Rendering.UI.UIFoldout	389	Header	mono_string_candidate
Highlighted	resources.assets	16088720	11	2099	Unity.RenderPipelines.Core.Runtime:UnityEngine.Rendering.UI.UIFoldout	389	Header	mono_string_candidate
Disabled	resources.assets	16088736	8	2099	Unity.RenderPipelines.Core.Runtime:UnityEngine.Rendering.UI.UIFoldout	389	Header	mono_string_candidate
New Text	resources.assets	16089140	8	2101	UnityEngine.UI:UnityEngine.UI.Text	277	Text	mono_string_candidate
New Text	resources.assets	16089300	8	2102	UnityEngine.UI:UnityEngine.UI.Text	278	Text	mono_string_candidate
New Text	resources.assets	16089460	8	2103	UnityEngine.UI:UnityEngine.UI.Text	279	Text	mono_string_candidate
New Text	resources.assets	16089620	8	2104	UnityEngine.UI:UnityEngine.UI.Text	280	Text	mono_string_candidate
New Text	resources.assets	16089780	8	2105	UnityEngine.UI:UnityEngine.UI.Text	281	Text	mono_string_candidate
New Text	resources.assets	16089940	8	2106	UnityEngine.UI:UnityEngine.UI.Text	282	Text	mono_string_candidate
New Text	resources.assets	16090100	8	2107	UnityEngine.UI:UnityEngine.UI.Text	283	Text	mono_string_candidate
New Text	resources.assets	16090260	8	2108	UnityEngine.UI:UnityEngine.UI.Text	284	Text	mono_string_candidate
Normal	resources.assets	16090568	6	2110	Unity.RenderPipelines.Core.Runtime:UnityEngine.Rendering.UI.UIFoldout	353	Header	mono_string_candidate
Highlighted	resources.assets	16090580	11	2110	Unity.RenderPipelines.Core.Runtime:UnityEngine.Rendering.UI.UIFoldout	353	Header	mono_string_candidate
Pressed	resources.assets	16090596	7	2110	Unity.RenderPipelines.Core.Runtime:UnityEngine.Rendering.UI.UIFoldout	353	Header	mono_string_candidate
Highlighted	resources.assets	16090608	11	2110	Unity.RenderPipelines.Core.Runtime:UnityEngine.Rendering.UI.UIFoldout	353	Header	mono_string_candidate
Disabled	resources.assets	16090624	8	2110	Unity.RenderPipelines.Core.Runtime:UnityEngine.Rendering.UI.UIFoldout	353	Header	mono_string_candidate
Normal	resources.assets	16093800	6	2140	Unity.RenderPipelines.Core.Runtime:UnityEngine.Rendering.UI.UIFoldout	408	Header	mono_string_candidate
Highlighted	resources.assets	16093812	11	2140	Unity.RenderPipelines.Core.Runtime:UnityEngine.Rendering.UI.UIFoldout	408	Header	mono_string_candidate
Pressed	resources.assets	16093828	7	2140	Unity.RenderPipelines.Core.Runtime:UnityEngine.Rendering.UI.UIFoldout	408	Header	mono_string_candidate
Highlighted	resources.assets	16093840	11	2140	Unity.RenderPipelines.Core.Runtime:UnityEngine.Rendering.UI.UIFoldout	408	Header	mono_string_candidate
Disabled	resources.assets	16093856	8	2140	Unity.RenderPipelines.Core.Runtime:UnityEngine.Rendering.UI.UIFoldout	408	Header	mono_string_candidate
Normal	resources.assets	16094328	6	2142	UnityEngine.UI:UnityEngine.UI.Toggle	379	Item	mono_string_candidate
Highlighted	resources.assets	16094340	11	2142	UnityEngine.UI:UnityEngine.UI.Toggle	379	Item	mono_string_candidate
Pressed	resources.assets	16094356	7	2142	UnityEngine.UI:UnityEngine.UI.Toggle	379	Item	mono_string_candidate
Highlighted	resources.assets	16094368	11	2142	UnityEngine.UI:UnityEngine.UI.Toggle	379	Item	mono_string_candidate
Disabled	resources.assets	16094384	8	2142	UnityEngine.UI:UnityEngine.UI.Toggle	379	Item	mono_string_candidate
New Text	resources.assets	16096324	8	2159	UnityEngine.UI:UnityEngine.UI.Text	295	Text	mono_string_candidate
Assets/UniStorm Weather System/Resources/Components/Resources/UniStorm Data.asset	resources.assets	16097184	81	2165	Assembly-CSharp:UniStorm.UniStormSystem	292	UniStorm Mobile System	mono_string_candidate
Player	resources.assets	16097320	6	2165	Assembly-CSharp:UniStorm.UniStormSystem	292	UniStorm Mobile System	mono_string_candidate
FPS Player	resources.assets	16097332	10	2165	Assembly-CSharp:UniStorm.UniStormSystem	292	UniStorm Mobile System	mono_string_candidate
MainCamera	resources.assets	16097348	10	2165	Assembly-CSharp:UniStorm.UniStormSystem	292	UniStorm Mobile System	mono_string_candidate
Main Camera	resources.assets	16097364	11	2165	Assembly-CSharp:UniStorm.UniStormSystem	292	UniStorm Mobile System	mono_string_candidate
Respawn	resources.assets	16100656	7	2165	Assembly-CSharp:UniStorm.UniStormSystem	292	UniStorm Mobile System	mono_string_candidate
Respawn	resources.assets	16100792	7	2165	Assembly-CSharp:UniStorm.UniStormSystem	292	UniStorm Mobile System	mono_string_candidate
Normal	resources.assets	16110600	6	2176	UnityEngine.UI:UnityEngine.UI.Toggle	411	Toggle	mono_string_candidate
Highlighted	resources.assets	16110612	11	2176	UnityEngine.UI:UnityEngine.UI.Toggle	411	Toggle	mono_string_candidate
Pressed	resources.assets	16110628	7	2176	UnityEngine.UI:UnityEngine.UI.Toggle	411	Toggle	mono_string_candidate
Highlighted	resources.assets	16110640	11	2176	UnityEngine.UI:UnityEngine.UI.Toggle	411	Toggle	mono_string_candidate
Disabled	resources.assets	16110656	8	2176	UnityEngine.UI:UnityEngine.UI.Toggle	411	Toggle	mono_string_candidate
"Vector4
"	resources.assets	16110868	8	2177	UnityEngine.UI:UnityEngine.UI.Text	324	Text	mono_string_candidate
Finish	resources.assets	16112908	6	2194	Assembly-CSharp:UniStorm.Utility.LightningStrike	329	Lightning End Point	mono_string_candidate
Player	resources.assets	16112936	6	2194	Assembly-CSharp:UniStorm.Utility.LightningStrike	329	Lightning End Point	mono_string_candidate
Respawn	resources.assets	16112972	7	2194	Assembly-CSharp:UniStorm.Utility.LightningStrike	329	Lightning End Point	mono_string_candidate
Normal	resources.assets	16113544	6	2198	UnityEngine.UI:UnityEngine.UI.Toggle	558	Toggle	mono_string_candidate
Highlighted	resources.assets	16113556	11	2198	UnityEngine.UI:UnityEngine.UI.Toggle	558	Toggle	mono_string_candidate
Pressed	resources.assets	16113572	7	2198	UnityEngine.UI:UnityEngine.UI.Toggle	558	Toggle	mono_string_candidate
Highlighted	resources.assets	16113584	11	2198	UnityEngine.UI:UnityEngine.UI.Toggle	558	Toggle	mono_string_candidate
Disabled	resources.assets	16113600	8	2198	UnityEngine.UI:UnityEngine.UI.Toggle	558	Toggle	mono_string_candidate
Normal	resources.assets	16113896	6	2199	UnityEngine.UI:UnityEngine.UI.Toggle	559	Toggle	mono_string_candidate
Highlighted	resources.assets	16113908	11	2199	UnityEngine.UI:UnityEngine.UI.Toggle	559	Toggle	mono_string_candidate
Pressed	resources.assets	16113924	7	2199	UnityEngine.UI:UnityEngine.UI.Toggle	559	Toggle	mono_string_candidate
Highlighted	resources.assets	16113936	11	2199	UnityEngine.UI:UnityEngine.UI.Toggle	559	Toggle	mono_string_candidate
Disabled	resources.assets	16113952	8	2199	UnityEngine.UI:UnityEngine.UI.Toggle	559	Toggle	mono_string_candidate
New Text	resources.assets	16114164	8	2200	UnityEngine.UI:UnityEngine.UI.Text	489	Text	mono_string_candidate
New Text	resources.assets	16114324	8	2201	UnityEngine.UI:UnityEngine.UI.Text	490	Text	mono_string_candidate
Normal	resources.assets	16114568	6	2202	UnityEngine.UI:UnityEngine.UI.Button	676	Increment	mono_string_candidate
Highlighted	resources.assets	16114580	11	2202	UnityEngine.UI:UnityEngine.UI.Button	676	Increment	mono_string_candidate
Pressed	resources.assets	16114596	7	2202	UnityEngine.UI:UnityEngine.UI.Button	676	Increment	mono_string_candidate
Selected	resources.assets	16114608	8	2202	UnityEngine.UI:UnityEngine.UI.Button	676	Increment	mono_string_candidate
Disabled	resources.assets	16114620	8	2202	UnityEngine.UI:UnityEngine.UI.Button	676	Increment	mono_string_candidate
OnIncrement	resources.assets	16114668	11	2202	UnityEngine.UI:UnityEngine.UI.Button	676	Increment	mono_string_candidate
UnityEngine.Object, UnityEngine	resources.assets	16114700	31	2202	UnityEngine.UI:UnityEngine.UI.Button	676	Increment	mono_string_candidate
Normal	resources.assets	16114984	6	2203	UnityEngine.UI:UnityEngine.UI.Button	677	Increment	mono_string_candidate
Highlighted	resources.assets	16114996	11	2203	UnityEngine.UI:UnityEngine.UI.Button	677	Increment	mono_string_candidate
Pressed	resources.assets	16115012	7	2203	UnityEngine.UI:UnityEngine.UI.Button	677	Increment	mono_string_candidate
Selected	resources.assets	16115024	8	2203	UnityEngine.UI:UnityEngine.UI.Button	677	Increment	mono_string_candidate
Disabled	resources.assets	16115036	8	2203	UnityEngine.UI:UnityEngine.UI.Button	677	Increment	mono_string_candidate
OnIncrement	resources.assets	16115084	11	2203	UnityEngine.UI:UnityEngine.UI.Button	677	Increment	mono_string_candidate
UnityEngine.Object, UnityEngine	resources.assets	16115116	31	2203	UnityEngine.UI:UnityEngine.UI.Button	677	Increment	mono_string_candidate
Normal	resources.assets	16115400	6	2204	UnityEngine.UI:UnityEngine.UI.Toggle	731	Toggle	mono_string_candidate
Highlighted	resources.assets	16115412	11	2204	UnityEngine.UI:UnityEngine.UI.Toggle	731	Toggle	mono_string_candidate
Pressed	resources.assets	16115428	7	2204	UnityEngine.UI:UnityEngine.UI.Toggle	731	Toggle	mono_string_candidate
Highlighted	resources.assets	16115440	11	2204	UnityEngine.UI:UnityEngine.UI.Toggle	731	Toggle	mono_string_candidate
Disabled	resources.assets	16115456	8	2204	UnityEngine.UI:UnityEngine.UI.Toggle	731	Toggle	mono_string_candidate
Normal	resources.assets	16115752	6	2205	UnityEngine.UI:UnityEngine.UI.Toggle	732	Toggle	mono_string_candidate
Highlighted	resources.assets	16115764	11	2205	UnityEngine.UI:UnityEngine.UI.Toggle	732	Toggle	mono_string_candidate
Pressed	resources.assets	16115780	7	2205	UnityEngine.UI:UnityEngine.UI.Toggle	732	Toggle	mono_string_candidate
Highlighted	resources.assets	16115792	11	2205	UnityEngine.UI:UnityEngine.UI.Toggle	732	Toggle	mono_string_candidate
Disabled	resources.assets	16115808	8	2205	UnityEngine.UI:UnityEngine.UI.Toggle	732	Toggle	mono_string_candidate
Normal	resources.assets	16117352	6	2215	UnityEngine.UI:UnityEngine.UI.Toggle	522	Toggle	mono_string_candidate
Highlighted	resources.assets	16117364	11	2215	UnityEngine.UI:UnityEngine.UI.Toggle	522	Toggle	mono_string_candidate
Pressed	resources.assets	16117380	7	2215	UnityEngine.UI:UnityEngine.UI.Toggle	522	Toggle	mono_string_candidate
Highlighted	resources.assets	16117392	11	2215	UnityEngine.UI:UnityEngine.UI.Toggle	522	Toggle	mono_string_candidate
Disabled	resources.assets	16117408	8	2215	UnityEngine.UI:UnityEngine.UI.Toggle	522	Toggle	mono_string_candidate
Normal	resources.assets	16117704	6	2216	UnityEngine.UI:UnityEngine.UI.Toggle	523	Toggle	mono_string_candidate
Highlighted	resources.assets	16117716	11	2216	UnityEngine.UI:UnityEngine.UI.Toggle	523	Toggle	mono_string_candidate
Pressed	resources.assets	16117732	7	2216	UnityEngine.UI:UnityEngine.UI.Toggle	523	Toggle	mono_string_candidate
Highlighted	resources.assets	16117744	11	2216	UnityEngine.UI:UnityEngine.UI.Toggle	523	Toggle	mono_string_candidate
Disabled	resources.assets	16117760	8	2216	UnityEngine.UI:UnityEngine.UI.Toggle	523	Toggle	mono_string_candidate
Normal	resources.assets	16118344	6	2219	UnityEngine.UI:UnityEngine.UI.Toggle	541	Toggle	mono_string_candidate
Highlighted	resources.assets	16118356	11	2219	UnityEngine.UI:UnityEngine.UI.Toggle	541	Toggle	mono_string_candidate
Pressed	resources.assets	16118372	7	2219	UnityEngine.UI:UnityEngine.UI.Toggle	541	Toggle	mono_string_candidate
Highlighted	resources.assets	16118384	11	2219	UnityEngine.UI:UnityEngine.UI.Toggle	541	Toggle	mono_string_candidate
Disabled	resources.assets	16118400	8	2219	UnityEngine.UI:UnityEngine.UI.Toggle	541	Toggle	mono_string_candidate
Normal	resources.assets	16118696	6	2220	UnityEngine.UI:UnityEngine.UI.Toggle	542	Toggle	mono_string_candidate
Highlighted	resources.assets	16118708	11	2220	UnityEngine.UI:UnityEngine.UI.Toggle	542	Toggle	mono_string_candidate
Pressed	resources.assets	16118724	7	2220	UnityEngine.UI:UnityEngine.UI.Toggle	542	Toggle	mono_string_candidate
Highlighted	resources.assets	16118736	11	2220	UnityEngine.UI:UnityEngine.UI.Toggle	542	Toggle	mono_string_candidate
Disabled	resources.assets	16118752	8	2220	UnityEngine.UI:UnityEngine.UI.Toggle	542	Toggle	mono_string_candidate
New Text	resources.assets	16118964	8	2221	UnityEngine.UI:UnityEngine.UI.Text	474	Text	mono_string_candidate
New Text	resources.assets	16119124	8	2222	UnityEngine.UI:UnityEngine.UI.Text	475	Text	mono_string_candidate
New Text	resources.assets	16119604	8	2225	UnityEngine.UI:UnityEngine.UI.Text	478	Text	mono_string_candidate
New Text	resources.assets	16119764	8	2226	UnityEngine.UI:UnityEngine.UI.Text	479	Text	mono_string_candidate
Normal	resources.assets	16120008	6	2227	UnityEngine.UI:UnityEngine.UI.Button	471	>	mono_string_candidate
Highlighted	resources.assets	16120020	11	2227	UnityEngine.UI:UnityEngine.UI.Button	471	>	mono_string_candidate
Pressed	resources.assets	16120036	7	2227	UnityEngine.UI:UnityEngine.UI.Button	471	>	mono_string_candidate
Selected	resources.assets	16120048	8	2227	UnityEngine.UI:UnityEngine.UI.Button	471	>	mono_string_candidate
Disabled	resources.assets	16120060	8	2227	UnityEngine.UI:UnityEngine.UI.Button	471	>	mono_string_candidate
UnityEngine.Rendering.UI.DebugUIHandlerIntField, Unity.RenderPipelines.Core.Runtime	resources.assets	16120104	83	2227	UnityEngine.UI:UnityEngine.UI.Button	471	>	mono_string_candidate
OnIncrement	resources.assets	16120192	11	2227	UnityEngine.UI:UnityEngine.UI.Button	471	>	mono_string_candidate
UnityEngine.Object, UnityEngine	resources.assets	16120224	31	2227	UnityEngine.UI:UnityEngine.UI.Button	471	>	mono_string_candidate
Normal	resources.assets	16120520	6	2228	UnityEngine.UI:UnityEngine.UI.Button	464	<<<	mono_string_candidate
Highlighted	resources.assets	16120532	11	2228	UnityEngine.UI:UnityEngine.UI.Button	464	<<<	mono_string_candidate
Pressed	resources.assets	16120548	7	2228	UnityEngine.UI:UnityEngine.UI.Button	464	<<<	mono_string_candidate
Selected	resources.assets	16120560	8	2228	UnityEngine.UI:UnityEngine.UI.Button	464	<<<	mono_string_candidate
Disabled	resources.assets	16120572	8	2228	UnityEngine.UI:UnityEngine.UI.Button	464	<<<	mono_string_candidate
UnityEngine.Rendering.UI.DebugUIHandlerUIntField, Unity.RenderPipelines.Core.Runtime	resources.assets	16120616	84	2228	UnityEngine.UI:UnityEngine.UI.Button	464	<<<	mono_string_candidate
OnDecrement	resources.assets	16120704	11	2228	UnityEngine.UI:UnityEngine.UI.Button	464	<<<	mono_string_candidate
UnityEngine.Object, UnityEngine	resources.assets	16120736	31	2228	UnityEngine.UI:UnityEngine.UI.Button	464	<<<	mono_string_candidate
Normal	resources.assets	16121192	6	2230	UnityEngine.UI:UnityEngine.UI.Toggle	537	Toggle	mono_string_candidate
Highlighted	resources.assets	16121204	11	2230	UnityEngine.UI:UnityEngine.UI.Toggle	537	Toggle	mono_string_candidate
Pressed	resources.assets	16121220	7	2230	UnityEngine.UI:UnityEngine.UI.Toggle	537	Toggle	mono_string_candidate
Highlighted	resources.assets	16121232	11	2230	UnityEngine.UI:UnityEngine.UI.Toggle	537	Toggle	mono_string_candidate
Disabled	resources.assets	16121248	8	2230	UnityEngine.UI:UnityEngine.UI.Toggle	537	Toggle	mono_string_candidate
Normal	resources.assets	16121544	6	2231	UnityEngine.UI:UnityEngine.UI.Toggle	538	Toggle	mono_string_candidate
Highlighted	resources.assets	16121556	11	2231	UnityEngine.UI:UnityEngine.UI.Toggle	538	Toggle	mono_string_candidate
Pressed	resources.assets	16121572	7	2231	UnityEngine.UI:UnityEngine.UI.Toggle	538	Toggle	mono_string_candidate
Highlighted	resources.assets	16121584	11	2231	UnityEngine.UI:UnityEngine.UI.Toggle	538	Toggle	mono_string_candidate
Disabled	resources.assets	16121600	8	2231	UnityEngine.UI:UnityEngine.UI.Toggle	538	Toggle	mono_string_candidate
Normal	resources.assets	16121896	6	2232	UnityEngine.UI:UnityEngine.UI.Button	483	>	mono_string_candidate
Highlighted	resources.assets	16121908	11	2232	UnityEngine.UI:UnityEngine.UI.Button	483	>	mono_string_candidate
Pressed	resources.assets	16121924	7	2232	UnityEngine.UI:UnityEngine.UI.Button	483	>	mono_string_candidate
Selected	resources.assets	16121936	8	2232	UnityEngine.UI:UnityEngine.UI.Button	483	>	mono_string_candidate
Disabled	resources.assets	16121948	8	2232	UnityEngine.UI:UnityEngine.UI.Button	483	>	mono_string_candidate
OnIncrement	resources.assets	16121996	11	2232	UnityEngine.UI:UnityEngine.UI.Button	483	>	mono_string_candidate
UnityEngine.Object, UnityEngine	resources.assets	16122028	31	2232	UnityEngine.UI:UnityEngine.UI.Button	483	>	mono_string_candidate
Normal	resources.assets	16122824	6	2237	UnityEngine.UI:UnityEngine.UI.Button	557	<	mono_string_candidate
Highlighted	resources.assets	16122836	11	2237	UnityEngine.UI:UnityEngine.UI.Button	557	<	mono_string_candidate
Pressed	resources.assets	16122852	7	2237	UnityEngine.UI:UnityEngine.UI.Button	557	<	mono_string_candidate
Selected	resources.assets	16122864	8	2237	UnityEngine.UI:UnityEngine.UI.Button	557	<	mono_string_candidate
Disabled	resources.assets	16122876	8	2237	UnityEngine.UI:UnityEngine.UI.Button	557	<	mono_string_candidate
OnDecrement	resources.assets	16122924	11	2237	UnityEngine.UI:UnityEngine.UI.Button	557	<	mono_string_candidate
UnityEngine.Object, UnityEngine	resources.assets	16122956	31	2237	UnityEngine.UI:UnityEngine.UI.Button	557	<	mono_string_candidate
Normal	resources.assets	16124712	6	2249	UnityEngine.UI:UnityEngine.UI.Button	458	Previous	mono_string_candidate
Highlighted	resources.assets	16124724	11	2249	UnityEngine.UI:UnityEngine.UI.Button	458	Previous	mono_string_candidate
Pressed	resources.assets	16124740	7	2249	UnityEngine.UI:UnityEngine.UI.Button	458	Previous	mono_string_candidate
Selected	resources.assets	16124752	8	2249	UnityEngine.UI:UnityEngine.UI.Button	458	Previous	mono_string_candidate
Disabled	resources.assets	16124764	8	2249	UnityEngine.UI:UnityEngine.UI.Button	458	Previous	mono_string_candidate
SelectPreviousItem	resources.assets	16124812	18	2249	UnityEngine.UI:UnityEngine.UI.Button	458	Previous	mono_string_candidate
UnityEngine.Object, UnityEngine	resources.assets	16124852	31	2249	UnityEngine.UI:UnityEngine.UI.Button	458	Previous	mono_string_candidate
New Text	resources.assets	16125284	8	2252	UnityEngine.UI:UnityEngine.UI.Text	652	Text	mono_string_candidate
New Text	resources.assets	16125444	8	2253	UnityEngine.UI:UnityEngine.UI.Text	653	Text	mono_string_candidate
Normal	resources.assets	16125688	6	2254	UnityEngine.UI:UnityEngine.UI.Button	493	Next	mono_string_candidate
Highlighted	resources.assets	16125700	11	2254	UnityEngine.UI:UnityEngine.UI.Button	493	Next	mono_string_candidate
Pressed	resources.assets	16125716	7	2254	UnityEngine.UI:UnityEngine.UI.Button	493	Next	mono_string_candidate
Selected	resources.assets	16125728	8	2254	UnityEngine.UI:UnityEngine.UI.Button	493	Next	mono_string_candidate
Disabled	resources.assets	16125740	8	2254	UnityEngine.UI:UnityEngine.UI.Button	493	Next	mono_string_candidate
SelectNextItem	resources.assets	16125788	14	2254	UnityEngine.UI:UnityEngine.UI.Button	493	Next	mono_string_candidate
UnityEngine.Object, UnityEngine	resources.assets	16125824	31	2254	UnityEngine.UI:UnityEngine.UI.Button	493	Next	mono_string_candidate
Normal	resources.assets	16126120	6	2255	UnityEngine.UI:UnityEngine.UI.Toggle	560	Toggle	mono_string_candidate
Highlighted	resources.assets	16126132	11	2255	UnityEngine.UI:UnityEngine.UI.Toggle	560	Toggle	mono_string_candidate
Pressed	resources.assets	16126148	7	2255	UnityEngine.UI:UnityEngine.UI.Toggle	560	Toggle	mono_string_candidate
Highlighted	resources.assets	16126160	11	2255	UnityEngine.UI:UnityEngine.UI.Toggle	560	Toggle	mono_string_candidate
Disabled	resources.assets	16126176	8	2255	UnityEngine.UI:UnityEngine.UI.Toggle	560	Toggle	mono_string_candidate
Normal	resources.assets	16126472	6	2256	UnityEngine.UI:UnityEngine.UI.Toggle	561	Toggle	mono_string_candidate
Highlighted	resources.assets	16126484	11	2256	UnityEngine.UI:UnityEngine.UI.Toggle	561	Toggle	mono_string_candidate
Pressed	resources.assets	16126500	7	2256	UnityEngine.UI:UnityEngine.UI.Toggle	561	Toggle	mono_string_candidate
Highlighted	resources.assets	16126512	11	2256	UnityEngine.UI:UnityEngine.UI.Toggle	561	Toggle	mono_string_candidate
Disabled	resources.assets	16126528	8	2256	UnityEngine.UI:UnityEngine.UI.Toggle	561	Toggle	mono_string_candidate
New Text	resources.assets	16126740	8	2257	UnityEngine.UI:UnityEngine.UI.Text	629	Text	mono_string_candidate
New Text	resources.assets	16126900	8	2258	UnityEngine.UI:UnityEngine.UI.Text	630	Text	mono_string_candidate
Normal	resources.assets	16127304	6	2260	UnityEngine.UI:UnityEngine.UI.Toggle	742	Toggle	mono_string_candidate
Highlighted	resources.assets	16127316	11	2260	UnityEngine.UI:UnityEngine.UI.Toggle	742	Toggle	mono_string_candidate
Pressed	resources.assets	16127332	7	2260	UnityEngine.UI:UnityEngine.UI.Toggle	742	Toggle	mono_string_candidate
Highlighted	resources.assets	16127344	11	2260	UnityEngine.UI:UnityEngine.UI.Toggle	742	Toggle	mono_string_candidate
Disabled	resources.assets	16127360	8	2260	UnityEngine.UI:UnityEngine.UI.Toggle	742	Toggle	mono_string_candidate
Normal	resources.assets	16127656	6	2261	UnityEngine.UI:UnityEngine.UI.Toggle	743	Toggle	mono_string_candidate
Highlighted	resources.assets	16127668	11	2261	UnityEngine.UI:UnityEngine.UI.Toggle	743	Toggle	mono_string_candidate
Pressed	resources.assets	16127684	7	2261	UnityEngine.UI:UnityEngine.UI.Toggle	743	Toggle	mono_string_candidate
Highlighted	resources.assets	16127696	11	2261	UnityEngine.UI:UnityEngine.UI.Toggle	743	Toggle	mono_string_candidate
Disabled	resources.assets	16127712	8	2261	UnityEngine.UI:UnityEngine.UI.Toggle	743	Toggle	mono_string_candidate
Normal	resources.assets	16128008	6	2262	UnityEngine.UI:UnityEngine.UI.Toggle	547	Toggle	mono_string_candidate
Highlighted	resources.assets	16128020	11	2262	UnityEngine.UI:UnityEngine.UI.Toggle	547	Toggle	mono_string_candidate
Pressed	resources.assets	16128036	7	2262	UnityEngine.UI:UnityEngine.UI.Toggle	547	Toggle	mono_string_candidate
Highlighted	resources.assets	16128048	11	2262	UnityEngine.UI:UnityEngine.UI.Toggle	547	Toggle	mono_string_candidate
Disabled	resources.assets	16128064	8	2262	UnityEngine.UI:UnityEngine.UI.Toggle	547	Toggle	mono_string_candidate
Normal	resources.assets	16128360	6	2263	UnityEngine.UI:UnityEngine.UI.Toggle	548	Toggle	mono_string_candidate
Highlighted	resources.assets	16128372	11	2263	UnityEngine.UI:UnityEngine.UI.Toggle	548	Toggle	mono_string_candidate
Pressed	resources.assets	16128388	7	2263	UnityEngine.UI:UnityEngine.UI.Toggle	548	Toggle	mono_string_candidate
Highlighted	resources.assets	16128400	11	2263	UnityEngine.UI:UnityEngine.UI.Toggle	548	Toggle	mono_string_candidate
Disabled	resources.assets	16128416	8	2263	UnityEngine.UI:UnityEngine.UI.Toggle	548	Toggle	mono_string_candidate
New Text	resources.assets	16128628	8	2264	UnityEngine.UI:UnityEngine.UI.Text	543	Text	mono_string_candidate
New Text	resources.assets	16128788	8	2265	UnityEngine.UI:UnityEngine.UI.Text	544	Text	mono_string_candidate
New Text	resources.assets	16128948	8	2266	UnityEngine.UI:UnityEngine.UI.Text	585	Text	mono_string_candidate
New Text	resources.assets	16129108	8	2267	UnityEngine.UI:UnityEngine.UI.Text	586	Text	mono_string_candidate
New Text	resources.assets	16129748	8	2272	UnityEngine.UI:UnityEngine.UI.Text	600	Text	mono_string_candidate
New Text	resources.assets	16129908	8	2273	UnityEngine.UI:UnityEngine.UI.Text	678	Text	mono_string_candidate
New Text	resources.assets	16130068	8	2274	UnityEngine.UI:UnityEngine.UI.Text	679	Text	mono_string_candidate
Normal	resources.assets	16130600	6	2277	UnityEngine.UI:UnityEngine.UI.Toggle	746	Toggle	mono_string_candidate
Highlighted	resources.assets	16130612	11	2277	UnityEngine.UI:UnityEngine.UI.Toggle	746	Toggle	mono_string_candidate
Pressed	resources.assets	16130628	7	2277	UnityEngine.UI:UnityEngine.UI.Toggle	746	Toggle	mono_string_candidate
Highlighted	resources.assets	16130640	11	2277	UnityEngine.UI:UnityEngine.UI.Toggle	746	Toggle	mono_string_candidate
Disabled	resources.assets	16130656	8	2277	UnityEngine.UI:UnityEngine.UI.Toggle	746	Toggle	mono_string_candidate
Normal	resources.assets	16130952	6	2278	UnityEngine.UI:UnityEngine.UI.Toggle	747	Toggle	mono_string_candidate
Highlighted	resources.assets	16130964	11	2278	UnityEngine.UI:UnityEngine.UI.Toggle	747	Toggle	mono_string_candidate
Pressed	resources.assets	16130980	7	2278	UnityEngine.UI:UnityEngine.UI.Toggle	747	Toggle	mono_string_candidate
Highlighted	resources.assets	16130992	11	2278	UnityEngine.UI:UnityEngine.UI.Toggle	747	Toggle	mono_string_candidate
Disabled	resources.assets	16131008	8	2278	UnityEngine.UI:UnityEngine.UI.Toggle	747	Toggle	mono_string_candidate
Normal	resources.assets	16131592	6	2281	UnityEngine.UI:UnityEngine.UI.Toggle	480	Toggle	mono_string_candidate
Highlighted	resources.assets	16131604	11	2281	UnityEngine.UI:UnityEngine.UI.Toggle	480	Toggle	mono_string_candidate
Pressed	resources.assets	16131620	7	2281	UnityEngine.UI:UnityEngine.UI.Toggle	480	Toggle	mono_string_candidate
Highlighted	resources.assets	16131632	11	2281	UnityEngine.UI:UnityEngine.UI.Toggle	480	Toggle	mono_string_candidate
Disabled	resources.assets	16131648	8	2281	UnityEngine.UI:UnityEngine.UI.Toggle	480	Toggle	mono_string_candidate
Normal	resources.assets	16131944	6	2282	UnityEngine.UI:UnityEngine.UI.Toggle	481	Toggle	mono_string_candidate
Highlighted	resources.assets	16131956	11	2282	UnityEngine.UI:UnityEngine.UI.Toggle	481	Toggle	mono_string_candidate
Pressed	resources.assets	16131972	7	2282	UnityEngine.UI:UnityEngine.UI.Toggle	481	Toggle	mono_string_candidate
Highlighted	resources.assets	16131984	11	2282	UnityEngine.UI:UnityEngine.UI.Toggle	481	Toggle	mono_string_candidate
Disabled	resources.assets	16132000	8	2282	UnityEngine.UI:UnityEngine.UI.Toggle	481	Toggle	mono_string_candidate
New Text	resources.assets	16133076	8	2290	UnityEngine.UI:UnityEngine.UI.Text	762	Text	mono_string_candidate
New Text	resources.assets	16133236	8	2291	UnityEngine.UI:UnityEngine.UI.Text	763	Text	mono_string_candidate
Normal	resources.assets	16133704	6	2294	UnityEngine.UI:UnityEngine.UI.Toggle	799	Toggle	mono_string_candidate
Highlighted	resources.assets	16133716	11	2294	UnityEngine.UI:UnityEngine.UI.Toggle	799	Toggle	mono_string_candidate
Pressed	resources.assets	16133732	7	2294	UnityEngine.UI:UnityEngine.UI.Toggle	799	Toggle	mono_string_candidate
Highlighted	resources.assets	16133744	11	2294	UnityEngine.UI:UnityEngine.UI.Toggle	799	Toggle	mono_string_candidate
Disabled	resources.assets	16133760	8	2294	UnityEngine.UI:UnityEngine.UI.Toggle	799	Toggle	mono_string_candidate
Normal	resources.assets	16134056	6	2295	UnityEngine.UI:UnityEngine.UI.Toggle	800	Toggle	mono_string_candidate
Highlighted	resources.assets	16134068	11	2295	UnityEngine.UI:UnityEngine.UI.Toggle	800	Toggle	mono_string_candidate
Pressed	resources.assets	16134084	7	2295	UnityEngine.UI:UnityEngine.UI.Toggle	800	Toggle	mono_string_candidate
Highlighted	resources.assets	16134096	11	2295	UnityEngine.UI:UnityEngine.UI.Toggle	800	Toggle	mono_string_candidate
Disabled	resources.assets	16134112	8	2295	UnityEngine.UI:UnityEngine.UI.Toggle	800	Toggle	mono_string_candidate
Normal	resources.assets	16134408	6	2296	UnityEngine.UI:UnityEngine.UI.Toggle	502	Toggle	mono_string_candidate
Highlighted	resources.assets	16134420	11	2296	UnityEngine.UI:UnityEngine.UI.Toggle	502	Toggle	mono_string_candidate
Pressed	resources.assets	16134436	7	2296	UnityEngine.UI:UnityEngine.UI.Toggle	502	Toggle	mono_string_candidate
Highlighted	resources.assets	16134448	11	2296	UnityEngine.UI:UnityEngine.UI.Toggle	502	Toggle	mono_string_candidate
Disabled	resources.assets	16134464	8	2296	UnityEngine.UI:UnityEngine.UI.Toggle	502	Toggle	mono_string_candidate
Normal	resources.assets	16134760	6	2297	UnityEngine.UI:UnityEngine.UI.Toggle	503	Toggle	mono_string_candidate
Highlighted	resources.assets	16134772	11	2297	UnityEngine.UI:UnityEngine.UI.Toggle	503	Toggle	mono_string_candidate
Pressed	resources.assets	16134788	7	2297	UnityEngine.UI:UnityEngine.UI.Toggle	503	Toggle	mono_string_candidate
Highlighted	resources.assets	16134800	11	2297	UnityEngine.UI:UnityEngine.UI.Toggle	503	Toggle	mono_string_candidate
Disabled	resources.assets	16134816	8	2297	UnityEngine.UI:UnityEngine.UI.Toggle	503	Toggle	mono_string_candidate
New Text	resources.assets	16135028	8	2298	UnityEngine.UI:UnityEngine.UI.Text	817	Text	mono_string_candidate
New Text	resources.assets	16135188	8	2299	UnityEngine.UI:UnityEngine.UI.Text	818	Text	mono_string_candidate
Normal	resources.assets	16136088	6	2305	UnityEngine.UI:UnityEngine.UI.Button	656	<	mono_string_candidate
Highlighted	resources.assets	16136100	11	2305	UnityEngine.UI:UnityEngine.UI.Button	656	<	mono_string_candidate
Pressed	resources.assets	16136116	7	2305	UnityEngine.UI:UnityEngine.UI.Button	656	<	mono_string_candidate
Selected	resources.assets	16136128	8	2305	UnityEngine.UI:UnityEngine.UI.Button	656	<	mono_string_candidate
Disabled	resources.assets	16136140	8	2305	UnityEngine.UI:UnityEngine.UI.Button	656	<	mono_string_candidate
UnityEngine.Rendering.UI.DebugUIHandlerIntField, Unity.RenderPipelines.Core.Runtime	resources.assets	16136184	83	2305	UnityEngine.UI:UnityEngine.UI.Button	656	<	mono_string_candidate
OnDecrement	resources.assets	16136272	11	2305	UnityEngine.UI:UnityEngine.UI.Button	656	<	mono_string_candidate
UnityEngine.Object, UnityEngine	resources.assets	16136304	31	2305	UnityEngine.UI:UnityEngine.UI.Button	656	<	mono_string_candidate
Normal	resources.assets	16136600	6	2306	UnityEngine.UI:UnityEngine.UI.Toggle	639	Toggle	mono_string_candidate
Highlighted	resources.assets	16136612	11	2306	UnityEngine.UI:UnityEngine.UI.Toggle	639	Toggle	mono_string_candidate
Pressed	resources.assets	16136628	7	2306	UnityEngine.UI:UnityEngine.UI.Toggle	639	Toggle	mono_string_candidate
Highlighted	resources.assets	16136640	11	2306	UnityEngine.UI:UnityEngine.UI.Toggle	639	Toggle	mono_string_candidate
Disabled	resources.assets	16136656	8	2306	UnityEngine.UI:UnityEngine.UI.Toggle	639	Toggle	mono_string_candidate
Normal	resources.assets	16136952	6	2307	UnityEngine.UI:UnityEngine.UI.Toggle	640	Toggle	mono_string_candidate
Highlighted	resources.assets	16136964	11	2307	UnityEngine.UI:UnityEngine.UI.Toggle	640	Toggle	mono_string_candidate
Pressed	resources.assets	16136980	7	2307	UnityEngine.UI:UnityEngine.UI.Toggle	640	Toggle	mono_string_candidate
Highlighted	resources.assets	16136992	11	2307	UnityEngine.UI:UnityEngine.UI.Toggle	640	Toggle	mono_string_candidate
Disabled	resources.assets	16137008	8	2307	UnityEngine.UI:UnityEngine.UI.Toggle	640	Toggle	mono_string_candidate
Normal	resources.assets	16137528	6	2310	UnityEngine.UI:UnityEngine.UI.Toggle	758	Toggle	mono_string_candidate
Highlighted	resources.assets	16137540	11	2310	UnityEngine.UI:UnityEngine.UI.Toggle	758	Toggle	mono_string_candidate
Pressed	resources.assets	16137556	7	2310	UnityEngine.UI:UnityEngine.UI.Toggle	758	Toggle	mono_string_candidate
Highlighted	resources.assets	16137568	11	2310	UnityEngine.UI:UnityEngine.UI.Toggle	758	Toggle	mono_string_candidate
Disabled	resources.assets	16137584	8	2310	UnityEngine.UI:UnityEngine.UI.Toggle	758	Toggle	mono_string_candidate
Normal	resources.assets	16137880	6	2311	UnityEngine.UI:UnityEngine.UI.Toggle	759	Toggle	mono_string_candidate
Highlighted	resources.assets	16137892	11	2311	UnityEngine.UI:UnityEngine.UI.Toggle	759	Toggle	mono_string_candidate
Pressed	resources.assets	16137908	7	2311	UnityEngine.UI:UnityEngine.UI.Toggle	759	Toggle	mono_string_candidate
Highlighted	resources.assets	16137920	11	2311	UnityEngine.UI:UnityEngine.UI.Toggle	759	Toggle	mono_string_candidate
Disabled	resources.assets	16137936	8	2311	UnityEngine.UI:UnityEngine.UI.Toggle	759	Toggle	mono_string_candidate
New Text	resources.assets	16138148	8	2312	UnityEngine.UI:UnityEngine.UI.Text	716	Text	mono_string_candidate
New Text	resources.assets	16138308	8	2313	UnityEngine.UI:UnityEngine.UI.Text	717	Text	mono_string_candidate
New Text	resources.assets	16138468	8	2314	UnityEngine.UI:UnityEngine.UI.Text	446	Text	mono_string_candidate
New Text	resources.assets	16138628	8	2315	UnityEngine.UI:UnityEngine.UI.Text	447	Text	mono_string_candidate
Normal	resources.assets	16138872	6	2316	UnityEngine.UI:UnityEngine.UI.Toggle	607	Toggle	mono_string_candidate
Highlighted	resources.assets	16138884	11	2316	UnityEngine.UI:UnityEngine.UI.Toggle	607	Toggle	mono_string_candidate
Pressed	resources.assets	16138900	7	2316	UnityEngine.UI:UnityEngine.UI.Toggle	607	Toggle	mono_string_candidate
Highlighted	resources.assets	16138912	11	2316	UnityEngine.UI:UnityEngine.UI.Toggle	607	Toggle	mono_string_candidate
Disabled	resources.assets	16138928	8	2316	UnityEngine.UI:UnityEngine.UI.Toggle	607	Toggle	mono_string_candidate
Normal	resources.assets	16139224	6	2317	UnityEngine.UI:UnityEngine.UI.Toggle	608	Toggle	mono_string_candidate
Highlighted	resources.assets	16139236	11	2317	UnityEngine.UI:UnityEngine.UI.Toggle	608	Toggle	mono_string_candidate
Pressed	resources.assets	16139252	7	2317	UnityEngine.UI:UnityEngine.UI.Toggle	608	Toggle	mono_string_candidate
Highlighted	resources.assets	16139264	11	2317	UnityEngine.UI:UnityEngine.UI.Toggle	608	Toggle	mono_string_candidate
Disabled	resources.assets	16139280	8	2317	UnityEngine.UI:UnityEngine.UI.Toggle	608	Toggle	mono_string_candidate
New Text	resources.assets	16139780	8	2320	UnityEngine.UI:UnityEngine.UI.Text	577	Text	mono_string_candidate
New Text	resources.assets	16139940	8	2321	UnityEngine.UI:UnityEngine.UI.Text	578	Text	mono_string_candidate
Normal	resources.assets	16140472	6	2324	UnityEngine.UI:UnityEngine.UI.Toggle	575	Toggle	mono_string_candidate
Highlighted	resources.assets	16140484	11	2324	UnityEngine.UI:UnityEngine.UI.Toggle	575	Toggle	mono_string_candidate
Pressed	resources.assets	16140500	7	2324	UnityEngine.UI:UnityEngine.UI.Toggle	575	Toggle	mono_string_candidate
Highlighted	resources.assets	16140512	11	2324	UnityEngine.UI:UnityEngine.UI.Toggle	575	Toggle	mono_string_candidate
Disabled	resources.assets	16140528	8	2324	UnityEngine.UI:UnityEngine.UI.Toggle	575	Toggle	mono_string_candidate
Normal	resources.assets	16140824	6	2325	UnityEngine.UI:UnityEngine.UI.Toggle	576	Toggle	mono_string_candidate
Highlighted	resources.assets	16140836	11	2325	UnityEngine.UI:UnityEngine.UI.Toggle	576	Toggle	mono_string_candidate
Pressed	resources.assets	16140852	7	2325	UnityEngine.UI:UnityEngine.UI.Toggle	576	Toggle	mono_string_candidate
Highlighted	resources.assets	16140864	11	2325	UnityEngine.UI:UnityEngine.UI.Toggle	576	Toggle	mono_string_candidate
Disabled	resources.assets	16140880	8	2325	UnityEngine.UI:UnityEngine.UI.Toggle	576	Toggle	mono_string_candidate
New Text	resources.assets	16141092	8	2326	UnityEngine.UI:UnityEngine.UI.Text	659	Text	mono_string_candidate
New Text	resources.assets	16141252	8	2327	UnityEngine.UI:UnityEngine.UI.Text	660	Text	mono_string_candidate
New Text	resources.assets	16141556	8	2329	UnityEngine.UI:UnityEngine.UI.Text	469	Text	mono_string_candidate
New Text	resources.assets	16141716	8	2330	UnityEngine.UI:UnityEngine.UI.Text	470	Text	mono_string_candidate
New Text	resources.assets	16142324	8	2335	UnityEngine.UI:UnityEngine.UI.Text	601	Text	mono_string_candidate
New Text	resources.assets	16142484	8	2336	UnityEngine.UI:UnityEngine.UI.Text	602	Text	mono_string_candidate
Normal	resources.assets	16142952	6	2339	UnityEngine.UI:UnityEngine.UI.Toggle	611	Toggle	mono_string_candidate
Highlighted	resources.assets	16142964	11	2339	UnityEngine.UI:UnityEngine.UI.Toggle	611	Toggle	mono_string_candidate
Pressed	resources.assets	16142980	7	2339	UnityEngine.UI:UnityEngine.UI.Toggle	611	Toggle	mono_string_candidate
Highlighted	resources.assets	16142992	11	2339	UnityEngine.UI:UnityEngine.UI.Toggle	611	Toggle	mono_string_candidate
Disabled	resources.assets	16143008	8	2339	UnityEngine.UI:UnityEngine.UI.Toggle	611	Toggle	mono_string_candidate
Normal	resources.assets	16143304	6	2340	UnityEngine.UI:UnityEngine.UI.Toggle	612	Toggle	mono_string_candidate
Highlighted	resources.assets	16143316	11	2340	UnityEngine.UI:UnityEngine.UI.Toggle	612	Toggle	mono_string_candidate
Pressed	resources.assets	16143332	7	2340	UnityEngine.UI:UnityEngine.UI.Toggle	612	Toggle	mono_string_candidate
Highlighted	resources.assets	16143344	11	2340	UnityEngine.UI:UnityEngine.UI.Toggle	612	Toggle	mono_string_candidate
Disabled	resources.assets	16143360	8	2340	UnityEngine.UI:UnityEngine.UI.Toggle	612	Toggle	mono_string_candidate
Normal	resources.assets	16144664	6	2348	UnityEngine.UI:UnityEngine.UI.Button	626	Reset Button	mono_string_candidate
Highlighted	resources.assets	16144676	11	2348	UnityEngine.UI:UnityEngine.UI.Button	626	Reset Button	mono_string_candidate
Pressed	resources.assets	16144692	7	2348	UnityEngine.UI:UnityEngine.UI.Button	626	Reset Button	mono_string_candidate
Highlighted	resources.assets	16144704	11	2348	UnityEngine.UI:UnityEngine.UI.Button	626	Reset Button	mono_string_candidate
Disabled	resources.assets	16144720	8	2348	UnityEngine.UI:UnityEngine.UI.Button	626	Reset Button	mono_string_candidate
UnityEngine.Rendering.UI.DebugUIHandlerPanel, Unity.RenderPipelines.Core.Runtime	resources.assets	16144764	80	2348	UnityEngine.UI:UnityEngine.UI.Button	626	Reset Button	mono_string_candidate
ResetDebugManager	resources.assets	16144848	17	2348	UnityEngine.UI:UnityEngine.UI.Button	626	Reset Button	mono_string_candidate
UnityEngine.Object, UnityEngine	resources.assets	16144888	31	2348	UnityEngine.UI:UnityEngine.UI.Button	626	Reset Button	mono_string_candidate
Enum	resources.assets	16145380	4	2351	UnityEngine.UI:UnityEngine.UI.Text	617	Value	mono_string_candidate
New Text	resources.assets	16145988	8	2355	UnityEngine.UI:UnityEngine.UI.Text	496	Text	mono_string_candidate
New Text	resources.assets	16146148	8	2356	UnityEngine.UI:UnityEngine.UI.Text	497	Text	mono_string_candidate
Normal	resources.assets	16147272	6	2363	UnityEngine.UI:UnityEngine.UI.Button	798	Increment	mono_string_candidate
Highlighted	resources.assets	16147284	11	2363	UnityEngine.UI:UnityEngine.UI.Button	798	Increment	mono_string_candidate
Pressed	resources.assets	16147300	7	2363	UnityEngine.UI:UnityEngine.UI.Button	798	Increment	mono_string_candidate
Selected	resources.assets	16147312	8	2363	UnityEngine.UI:UnityEngine.UI.Button	798	Increment	mono_string_candidate
Disabled	resources.assets	16147324	8	2363	UnityEngine.UI:UnityEngine.UI.Button	798	Increment	mono_string_candidate
UnityEngine.Rendering.UI.DebugUIHandlerObjectPopupField, Unity.RenderPipelines.Core.Runtime	resources.assets	16147368	91	2363	UnityEngine.UI:UnityEngine.UI.Button	798	Increment	mono_string_candidate
OnIncrement	resources.assets	16147464	11	2363	UnityEngine.UI:UnityEngine.UI.Button	798	Increment	mono_string_candidate
UnityEngine.Object, UnityEngine	resources.assets	16147496	31	2363	UnityEngine.UI:UnityEngine.UI.Button	798	Increment	mono_string_candidate
New Text	resources.assets	16148516	8	2370	UnityEngine.UI:UnityEngine.UI.Text	811	Text	mono_string_candidate
New Text	resources.assets	16148676	8	2371	UnityEngine.UI:UnityEngine.UI.Text	812	Text	mono_string_candidate
Normal	resources.assets	16148920	6	2372	UnityEngine.UI:UnityEngine.UI.Button	750	<	mono_string_candidate
Highlighted	resources.assets	16148932	11	2372	UnityEngine.UI:UnityEngine.UI.Button	750	<	mono_string_candidate
Pressed	resources.assets	16148948	7	2372	UnityEngine.UI:UnityEngine.UI.Button	750	<	mono_string_candidate
Selected	resources.assets	16148960	8	2372	UnityEngine.UI:UnityEngine.UI.Button	750	<	mono_string_candidate
Disabled	resources.assets	16148972	8	2372	UnityEngine.UI:UnityEngine.UI.Button	750	<	mono_string_candidate
UnityEngine.Rendering.UI.DebugUIHandlerUIntField, Unity.RenderPipelines.Core.Runtime	resources.assets	16149016	84	2372	UnityEngine.UI:UnityEngine.UI.Button	750	<	mono_string_candidate
OnDecrement	resources.assets	16149104	11	2372	UnityEngine.UI:UnityEngine.UI.Button	750	<	mono_string_candidate
UnityEngine.Object, UnityEngine	resources.assets	16149136	31	2372	UnityEngine.UI:UnityEngine.UI.Button	750	<	mono_string_candidate
UnityEngine.Rendering.UI.DebugUIHandlerPanel, Unity.RenderPipelines.Core.Runtime	resources.assets	16149260	80	2373	UnityEngine.UI:UnityEngine.EventSystems.EventTrigger	272	Scrollbar Horizontal	mono_string_candidate
OnScrollbarClicked	resources.assets	16149344	18	2373	UnityEngine.UI:UnityEngine.EventSystems.EventTrigger	272	Scrollbar Horizontal	mono_string_candidate
UnityEngine.Object, UnityEngine	resources.assets	16149384	31	2373	UnityEngine.UI:UnityEngine.EventSystems.EventTrigger	272	Scrollbar Horizontal	mono_string_candidate
New Text	resources.assets	16150164	8	2378	UnityEngine.UI:UnityEngine.UI.Text	650	Text	mono_string_candidate
New Text	resources.assets	16150324	8	2379	UnityEngine.UI:UnityEngine.UI.Text	651	Text	mono_string_candidate
Normal	resources.assets	16150568	6	2380	UnityEngine.UI:UnityEngine.UI.Toggle	724	Toggle	mono_string_candidate
Highlighted	resources.assets	16150580	11	2380	UnityEngine.UI:UnityEngine.UI.Toggle	724	Toggle	mono_string_candidate
Pressed	resources.assets	16150596	7	2380	UnityEngine.UI:UnityEngine.UI.Toggle	724	Toggle	mono_string_candidate
Highlighted	resources.assets	16150608	11	2380	UnityEngine.UI:UnityEngine.UI.Toggle	724	Toggle	mono_string_candidate
Disabled	resources.assets	16150624	8	2380	UnityEngine.UI:UnityEngine.UI.Toggle	724	Toggle	mono_string_candidate
Normal	resources.assets	16150920	6	2381	UnityEngine.UI:UnityEngine.UI.Toggle	725	Toggle	mono_string_candidate
Highlighted	resources.assets	16150932	11	2381	UnityEngine.UI:UnityEngine.UI.Toggle	725	Toggle	mono_string_candidate
Pressed	resources.assets	16150948	7	2381	UnityEngine.UI:UnityEngine.UI.Toggle	725	Toggle	mono_string_candidate
Highlighted	resources.assets	16150960	11	2381	UnityEngine.UI:UnityEngine.UI.Toggle	725	Toggle	mono_string_candidate
Disabled	resources.assets	16150976	8	2381	UnityEngine.UI:UnityEngine.UI.Toggle	725	Toggle	mono_string_candidate
TEST	resources.assets	16151188	4	2382	UnityEngine.UI:UnityEngine.UI.Text	707	Text	mono_string_candidate
Normal	resources.assets	16153320	6	2394	UnityEngine.UI:UnityEngine.UI.Toggle	713	Toggle	mono_string_candidate
Highlighted	resources.assets	16153332	11	2394	UnityEngine.UI:UnityEngine.UI.Toggle	713	Toggle	mono_string_candidate
Pressed	resources.assets	16153348	7	2394	UnityEngine.UI:UnityEngine.UI.Toggle	713	Toggle	mono_string_candidate
Highlighted	resources.assets	16153360	11	2394	UnityEngine.UI:UnityEngine.UI.Toggle	713	Toggle	mono_string_candidate
Disabled	resources.assets	16153376	8	2394	UnityEngine.UI:UnityEngine.UI.Toggle	713	Toggle	mono_string_candidate
Normal	resources.assets	16153672	6	2395	UnityEngine.UI:UnityEngine.UI.Toggle	714	Toggle	mono_string_candidate
Highlighted	resources.assets	16153684	11	2395	UnityEngine.UI:UnityEngine.UI.Toggle	714	Toggle	mono_string_candidate
Pressed	resources.assets	16153700	7	2395	UnityEngine.UI:UnityEngine.UI.Toggle	714	Toggle	mono_string_candidate
Highlighted	resources.assets	16153712	11	2395	UnityEngine.UI:UnityEngine.UI.Toggle	714	Toggle	mono_string_candidate
Disabled	resources.assets	16153728	8	2395	UnityEngine.UI:UnityEngine.UI.Toggle	714	Toggle	mono_string_candidate
New Text	resources.assets	16154516	8	2400	UnityEngine.UI:UnityEngine.UI.Text	624	Text	mono_string_candidate
New Text	resources.assets	16154676	8	2401	UnityEngine.UI:UnityEngine.UI.Text	625	Text	mono_string_candidate
Normal	resources.assets	16155944	6	2409	UnityEngine.UI:UnityEngine.UI.Toggle	562	Toggle	mono_string_candidate
Highlighted	resources.assets	16155956	11	2409	UnityEngine.UI:UnityEngine.UI.Toggle	562	Toggle	mono_string_candidate
Pressed	resources.assets	16155972	7	2409	UnityEngine.UI:UnityEngine.UI.Toggle	562	Toggle	mono_string_candidate
Highlighted	resources.assets	16155984	11	2409	UnityEngine.UI:UnityEngine.UI.Toggle	562	Toggle	mono_string_candidate
Disabled	resources.assets	16156000	8	2409	UnityEngine.UI:UnityEngine.UI.Toggle	562	Toggle	mono_string_candidate
Normal	resources.assets	16156296	6	2410	UnityEngine.UI:UnityEngine.UI.Toggle	563	Toggle	mono_string_candidate
Highlighted	resources.assets	16156308	11	2410	UnityEngine.UI:UnityEngine.UI.Toggle	563	Toggle	mono_string_candidate
Pressed	resources.assets	16156324	7	2410	UnityEngine.UI:UnityEngine.UI.Toggle	563	Toggle	mono_string_candidate
Highlighted	resources.assets	16156336	11	2410	UnityEngine.UI:UnityEngine.UI.Toggle	563	Toggle	mono_string_candidate
Disabled	resources.assets	16156352	8	2410	UnityEngine.UI:UnityEngine.UI.Toggle	563	Toggle	mono_string_candidate
Normal	resources.assets	16156936	6	2413	UnityEngine.UI:UnityEngine.UI.Button	764	>>>	mono_string_candidate
Highlighted	resources.assets	16156948	11	2413	UnityEngine.UI:UnityEngine.UI.Button	764	>>>	mono_string_candidate
Pressed	resources.assets	16156964	7	2413	UnityEngine.UI:UnityEngine.UI.Button	764	>>>	mono_string_candidate
Selected	resources.assets	16156976	8	2413	UnityEngine.UI:UnityEngine.UI.Button	764	>>>	mono_string_candidate
Disabled	resources.assets	16156988	8	2413	UnityEngine.UI:UnityEngine.UI.Button	764	>>>	mono_string_candidate
UnityEngine.Rendering.UI.DebugUIHandlerIntField, Unity.RenderPipelines.Core.Runtime	resources.assets	16157032	83	2413	UnityEngine.UI:UnityEngine.UI.Button	764	>>>	mono_string_candidate
OnIncrement	resources.assets	16157120	11	2413	UnityEngine.UI:UnityEngine.UI.Button	764	>>>	mono_string_candidate
UnityEngine.Object, UnityEngine	resources.assets	16157152	31	2413	UnityEngine.UI:UnityEngine.UI.Button	764	>>>	mono_string_candidate
Assets/UniStorm Weather System/Resources/Components/Resources/UniStorm Data.asset	resources.assets	16157680	81	2415	Assembly-CSharp:UniStorm.UniStormSystem	645	UniStorm URP System	mono_string_candidate
Player	resources.assets	16157816	6	2415	Assembly-CSharp:UniStorm.UniStormSystem	645	UniStorm URP System	mono_string_candidate
FPS Player	resources.assets	16157828	10	2415	Assembly-CSharp:UniStorm.UniStormSystem	645	UniStorm URP System	mono_string_candidate
MainCamera	resources.assets	16157844	10	2415	Assembly-CSharp:UniStorm.UniStormSystem	645	UniStorm URP System	mono_string_candidate
Main Camera	resources.assets	16157860	11	2415	Assembly-CSharp:UniStorm.UniStormSystem	645	UniStorm URP System	mono_string_candidate
Respawn	resources.assets	16161152	7	2415	Assembly-CSharp:UniStorm.UniStormSystem	645	UniStorm URP System	mono_string_candidate
Respawn	resources.assets	16161288	7	2415	Assembly-CSharp:UniStorm.UniStormSystem	645	UniStorm URP System	mono_string_candidate
New Text	resources.assets	16170404	8	2420	UnityEngine.UI:UnityEngine.UI.Text	801	Text	mono_string_candidate
New Text	resources.assets	16170564	8	2421	UnityEngine.UI:UnityEngine.UI.Text	802	Text	mono_string_candidate
Normal	resources.assets	16170808	6	2422	UnityEngine.UI:UnityEngine.UI.Button	682	>>>	mono_string_candidate
Highlighted	resources.assets	16170820	11	2422	UnityEngine.UI:UnityEngine.UI.Button	682	>>>	mono_string_candidate
Pressed	resources.assets	16170836	7	2422	UnityEngine.UI:UnityEngine.UI.Button	682	>>>	mono_string_candidate
Selected	resources.assets	16170848	8	2422	UnityEngine.UI:UnityEngine.UI.Button	682	>>>	mono_string_candidate
Disabled	resources.assets	16170860	8	2422	UnityEngine.UI:UnityEngine.UI.Button	682	>>>	mono_string_candidate
UnityEngine.Rendering.UI.DebugUIHandlerUIntField, Unity.RenderPipelines.Core.Runtime	resources.assets	16170904	84	2422	UnityEngine.UI:UnityEngine.UI.Button	682	>>>	mono_string_candidate
OnIncrement	resources.assets	16170992	11	2422	UnityEngine.UI:UnityEngine.UI.Button	682	>>>	mono_string_candidate
UnityEngine.Object, UnityEngine	resources.assets	16171024	31	2422	UnityEngine.UI:UnityEngine.UI.Button	682	>>>	mono_string_candidate
Normal	resources.assets	16171896	6	2427	UnityEngine.UI:UnityEngine.UI.Toggle	663	Toggle	mono_string_candidate
Highlighted	resources.assets	16171908	11	2427	UnityEngine.UI:UnityEngine.UI.Toggle	663	Toggle	mono_string_candidate
Pressed	resources.assets	16171924	7	2427	UnityEngine.UI:UnityEngine.UI.Toggle	663	Toggle	mono_string_candidate
Highlighted	resources.assets	16171936	11	2427	UnityEngine.UI:UnityEngine.UI.Toggle	663	Toggle	mono_string_candidate
Disabled	resources.assets	16171952	8	2427	UnityEngine.UI:UnityEngine.UI.Toggle	663	Toggle	mono_string_candidate
Normal	resources.assets	16172248	6	2428	UnityEngine.UI:UnityEngine.UI.Toggle	664	Toggle	mono_string_candidate
Highlighted	resources.assets	16172260	11	2428	UnityEngine.UI:UnityEngine.UI.Toggle	664	Toggle	mono_string_candidate
Pressed	resources.assets	16172276	7	2428	UnityEngine.UI:UnityEngine.UI.Toggle	664	Toggle	mono_string_candidate
Highlighted	resources.assets	16172288	11	2428	UnityEngine.UI:UnityEngine.UI.Toggle	664	Toggle	mono_string_candidate
Disabled	resources.assets	16172304	8	2428	UnityEngine.UI:UnityEngine.UI.Toggle	664	Toggle	mono_string_candidate
New Text	resources.assets	16172740	8	2431	UnityEngine.UI:UnityEngine.UI.Text	667	Text	mono_string_candidate
New Text	resources.assets	16172900	8	2432	UnityEngine.UI:UnityEngine.UI.Text	668	Text	mono_string_candidate
Normal	resources.assets	16173432	6	2435	UnityEngine.UI:UnityEngine.UI.Button	675	>	mono_string_candidate
Highlighted	resources.assets	16173444	11	2435	UnityEngine.UI:UnityEngine.UI.Button	675	>	mono_string_candidate
Pressed	resources.assets	16173460	7	2435	UnityEngine.UI:UnityEngine.UI.Button	675	>	mono_string_candidate
Selected	resources.assets	16173472	8	2435	UnityEngine.UI:UnityEngine.UI.Button	675	>	mono_string_candidate
Disabled	resources.assets	16173484	8	2435	UnityEngine.UI:UnityEngine.UI.Button	675	>	mono_string_candidate
UnityEngine.Rendering.UI.DebugUIHandlerUIntField, Unity.RenderPipelines.Core.Runtime	resources.assets	16173528	84	2435	UnityEngine.UI:UnityEngine.UI.Button	675	>	mono_string_candidate
OnIncrement	resources.assets	16173616	11	2435	UnityEngine.UI:UnityEngine.UI.Button	675	>	mono_string_candidate
UnityEngine.Object, UnityEngine	resources.assets	16173648	31	2435	UnityEngine.UI:UnityEngine.UI.Button	675	>	mono_string_candidate
Normal	resources.assets	16174168	6	2438	UnityEngine.UI:UnityEngine.UI.Toggle	712	Toggle	mono_string_candidate
Highlighted	resources.assets	16174180	11	2438	UnityEngine.UI:UnityEngine.UI.Toggle	712	Toggle	mono_string_candidate
Pressed	resources.assets	16174196	7	2438	UnityEngine.UI:UnityEngine.UI.Toggle	712	Toggle	mono_string_candidate
Highlighted	resources.assets	16174208	11	2438	UnityEngine.UI:UnityEngine.UI.Toggle	712	Toggle	mono_string_candidate
Disabled	resources.assets	16174224	8	2438	UnityEngine.UI:UnityEngine.UI.Toggle	712	Toggle	mono_string_candidate
Normal	resources.assets	16174520	6	2439	UnityEngine.UI:UnityEngine.UI.Toggle	504	Toggle	mono_string_candidate
Highlighted	resources.assets	16174532	11	2439	UnityEngine.UI:UnityEngine.UI.Toggle	504	Toggle	mono_string_candidate
Pressed	resources.assets	16174548	7	2439	UnityEngine.UI:UnityEngine.UI.Toggle	504	Toggle	mono_string_candidate
Highlighted	resources.assets	16174560	11	2439	UnityEngine.UI:UnityEngine.UI.Toggle	504	Toggle	mono_string_candidate
Disabled	resources.assets	16174576	8	2439	UnityEngine.UI:UnityEngine.UI.Toggle	504	Toggle	mono_string_candidate
Normal	resources.assets	16174872	6	2440	UnityEngine.UI:UnityEngine.UI.Toggle	505	Toggle	mono_string_candidate
Highlighted	resources.assets	16174884	11	2440	UnityEngine.UI:UnityEngine.UI.Toggle	505	Toggle	mono_string_candidate
Pressed	resources.assets	16174900	7	2440	UnityEngine.UI:UnityEngine.UI.Toggle	505	Toggle	mono_string_candidate
Highlighted	resources.assets	16174912	11	2440	UnityEngine.UI:UnityEngine.UI.Toggle	505	Toggle	mono_string_candidate
Disabled	resources.assets	16174928	8	2440	UnityEngine.UI:UnityEngine.UI.Toggle	505	Toggle	mono_string_candidate
New Text	resources.assets	16175428	8	2443	UnityEngine.UI:UnityEngine.UI.Text	487	Text	mono_string_candidate
New Text	resources.assets	16175588	8	2444	UnityEngine.UI:UnityEngine.UI.Text	488	Text	mono_string_candidate
New Text	resources.assets	16176340	8	2449	UnityEngine.UI:UnityEngine.UI.Text	494	Text	mono_string_candidate
New Text	resources.assets	16176500	8	2450	UnityEngine.UI:UnityEngine.UI.Text	495	Text	mono_string_candidate
New Text	resources.assets	16176660	8	2451	UnityEngine.UI:UnityEngine.UI.Text	807	Text	mono_string_candidate
New Text	resources.assets	16176820	8	2452	UnityEngine.UI:UnityEngine.UI.Text	808	Text	mono_string_candidate
Normal	resources.assets	16178072	6	2460	UnityEngine.UI:UnityEngine.UI.Button	739	<<<	mono_string_candidate
Highlighted	resources.assets	16178084	11	2460	UnityEngine.UI:UnityEngine.UI.Button	739	<<<	mono_string_candidate
Pressed	resources.assets	16178100	7	2460	UnityEngine.UI:UnityEngine.UI.Button	739	<<<	mono_string_candidate
Selected	resources.assets	16178112	8	2460	UnityEngine.UI:UnityEngine.UI.Button	739	<<<	mono_string_candidate
Disabled	resources.assets	16178124	8	2460	UnityEngine.UI:UnityEngine.UI.Button	739	<<<	mono_string_candidate
UnityEngine.Rendering.UI.DebugUIHandlerIntField, Unity.RenderPipelines.Core.Runtime	resources.assets	16178168	83	2460	UnityEngine.UI:UnityEngine.UI.Button	739	<<<	mono_string_candidate
OnDecrement	resources.assets	16178256	11	2460	UnityEngine.UI:UnityEngine.UI.Button	739	<<<	mono_string_candidate
UnityEngine.Object, UnityEngine	resources.assets	16178288	31	2460	UnityEngine.UI:UnityEngine.UI.Button	739	<<<	mono_string_candidate
Normal	resources.assets	16179256	6	2469	Unity.RenderPipelines.Core.Runtime:UnityEngine.Rendering.UI.UIFoldout	697	Header	mono_string_candidate
Highlighted	resources.assets	16179268	11	2469	Unity.RenderPipelines.Core.Runtime:UnityEngine.Rendering.UI.UIFoldout	697	Header	mono_string_candidate
Pressed	resources.assets	16179284	7	2469	Unity.RenderPipelines.Core.Runtime:UnityEngine.Rendering.UI.UIFoldout	697	Header	mono_string_candidate
Highlighted	resources.assets	16179296	11	2469	Unity.RenderPipelines.Core.Runtime:UnityEngine.Rendering.UI.UIFoldout	697	Header	mono_string_candidate
Disabled	resources.assets	16179312	8	2469	Unity.RenderPipelines.Core.Runtime:UnityEngine.Rendering.UI.UIFoldout	697	Header	mono_string_candidate
Normal	resources.assets	16179640	6	2470	Unity.RenderPipelines.Core.Runtime:UnityEngine.Rendering.UI.UIFoldout	698	Header	mono_string_candidate
Highlighted	resources.assets	16179652	11	2470	Unity.RenderPipelines.Core.Runtime:UnityEngine.Rendering.UI.UIFoldout	698	Header	mono_string_candidate
Pressed	resources.assets	16179668	7	2470	Unity.RenderPipelines.Core.Runtime:UnityEngine.Rendering.UI.UIFoldout	698	Header	mono_string_candidate
Highlighted	resources.assets	16179680	11	2470	Unity.RenderPipelines.Core.Runtime:UnityEngine.Rendering.UI.UIFoldout	698	Header	mono_string_candidate
Disabled	resources.assets	16179696	8	2470	Unity.RenderPipelines.Core.Runtime:UnityEngine.Rendering.UI.UIFoldout	698	Header	mono_string_candidate
"BitField
"	resources.assets	16180324	9	2475	UnityEngine.UI:UnityEngine.UI.Text	693	Text	mono_string_candidate
"BitField
"	resources.assets	16180484	9	2476	UnityEngine.UI:UnityEngine.UI.Text	694	Text	mono_string_candidate
New Text	resources.assets	16182548	8	2489	UnityEngine.UI:UnityEngine.UI.Text	598	Text	mono_string_candidate
New Text	resources.assets	16182708	8	2490	UnityEngine.UI:UnityEngine.UI.Text	599	Text	mono_string_candidate
Normal	resources.assets	16182952	6	2491	UnityEngine.UI:UnityEngine.UI.Button	821	>>>	mono_string_candidate
Highlighted	resources.assets	16182964	11	2491	UnityEngine.UI:UnityEngine.UI.Button	821	>>>	mono_string_candidate
Pressed	resources.assets	16182980	7	2491	UnityEngine.UI:UnityEngine.UI.Button	821	>>>	mono_string_candidate
Selected	resources.assets	16182992	8	2491	UnityEngine.UI:UnityEngine.UI.Button	821	>>>	mono_string_candidate
Disabled	resources.assets	16183004	8	2491	UnityEngine.UI:UnityEngine.UI.Button	821	>>>	mono_string_candidate
OnIncrement	resources.assets	16183052	11	2491	UnityEngine.UI:UnityEngine.UI.Button	821	>>>	mono_string_candidate
UnityEngine.Object, UnityEngine	resources.assets	16183084	31	2491	UnityEngine.UI:UnityEngine.UI.Button	821	>>>	mono_string_candidate
Normal	resources.assets	16183528	6	2493	UnityEngine.UI:UnityEngine.UI.Toggle	498	Toggle	mono_string_candidate
Highlighted	resources.assets	16183540	11	2493	UnityEngine.UI:UnityEngine.UI.Toggle	498	Toggle	mono_string_candidate
Pressed	resources.assets	16183556	7	2493	UnityEngine.UI:UnityEngine.UI.Toggle	498	Toggle	mono_string_candidate
Highlighted	resources.assets	16183568	11	2493	UnityEngine.UI:UnityEngine.UI.Toggle	498	Toggle	mono_string_candidate
Disabled	resources.assets	16183584	8	2493	UnityEngine.UI:UnityEngine.UI.Toggle	498	Toggle	mono_string_candidate
Normal	resources.assets	16183880	6	2494	UnityEngine.UI:UnityEngine.UI.Toggle	499	Toggle	mono_string_candidate
Highlighted	resources.assets	16183892	11	2494	UnityEngine.UI:UnityEngine.UI.Toggle	499	Toggle	mono_string_candidate
Pressed	resources.assets	16183908	7	2494	UnityEngine.UI:UnityEngine.UI.Toggle	499	Toggle	mono_string_candidate
Highlighted	resources.assets	16183920	11	2494	UnityEngine.UI:UnityEngine.UI.Toggle	499	Toggle	mono_string_candidate
Disabled	resources.assets	16183936	8	2494	UnityEngine.UI:UnityEngine.UI.Toggle	499	Toggle	mono_string_candidate
Normal	resources.assets	16184456	6	2497	UnityEngine.UI:UnityEngine.UI.Button	777	Decrement	mono_string_candidate
Highlighted	resources.assets	16184468	11	2497	UnityEngine.UI:UnityEngine.UI.Button	777	Decrement	mono_string_candidate
Pressed	resources.assets	16184484	7	2497	UnityEngine.UI:UnityEngine.UI.Button	777	Decrement	mono_string_candidate
Selected	resources.assets	16184496	8	2497	UnityEngine.UI:UnityEngine.UI.Button	777	Decrement	mono_string_candidate
Disabled	resources.assets	16184508	8	2497	UnityEngine.UI:UnityEngine.UI.Button	777	Decrement	mono_string_candidate
UnityEngine.Rendering.UI.DebugUIHandlerObjectPopupField, Unity.RenderPipelines.Core.Runtime	resources.assets	16184552	91	2497	UnityEngine.UI:UnityEngine.UI.Button	777	Decrement	mono_string_candidate
OnDecrement	resources.assets	16184648	11	2497	UnityEngine.UI:UnityEngine.UI.Button	777	Decrement	mono_string_candidate
UnityEngine.Object, UnityEngine	resources.assets	16184680	31	2497	UnityEngine.UI:UnityEngine.UI.Button	777	Decrement	mono_string_candidate
New Text	resources.assets	16185620	8	2504	UnityEngine.UI:UnityEngine.UI.Text	467	Text	mono_string_candidate
New Text	resources.assets	16185780	8	2505	UnityEngine.UI:UnityEngine.UI.Text	468	Text	mono_string_candidate
Normal	resources.assets	16186824	6	2512	UnityEngine.UI:UnityEngine.UI.Toggle	785	Toggle	mono_string_candidate
Highlighted	resources.assets	16186836	11	2512	UnityEngine.UI:UnityEngine.UI.Toggle	785	Toggle	mono_string_candidate
Pressed	resources.assets	16186852	7	2512	UnityEngine.UI:UnityEngine.UI.Toggle	785	Toggle	mono_string_candidate
Highlighted	resources.assets	16186864	11	2512	UnityEngine.UI:UnityEngine.UI.Toggle	785	Toggle	mono_string_candidate
Disabled	resources.assets	16186880	8	2512	UnityEngine.UI:UnityEngine.UI.Toggle	785	Toggle	mono_string_candidate
Normal	resources.assets	16187176	6	2513	UnityEngine.UI:UnityEngine.UI.Toggle	786	Toggle	mono_string_candidate
Highlighted	resources.assets	16187188	11	2513	UnityEngine.UI:UnityEngine.UI.Toggle	786	Toggle	mono_string_candidate
Pressed	resources.assets	16187204	7	2513	UnityEngine.UI:UnityEngine.UI.Toggle	786	Toggle	mono_string_candidate
Highlighted	resources.assets	16187216	11	2513	UnityEngine.UI:UnityEngine.UI.Toggle	786	Toggle	mono_string_candidate
Disabled	resources.assets	16187232	8	2513	UnityEngine.UI:UnityEngine.UI.Toggle	786	Toggle	mono_string_candidate
Normal	resources.assets	16187528	6	2514	UnityEngine.UI:UnityEngine.UI.Toggle	795	Toggle	mono_string_candidate
Highlighted	resources.assets	16187540	11	2514	UnityEngine.UI:UnityEngine.UI.Toggle	795	Toggle	mono_string_candidate
Pressed	resources.assets	16187556	7	2514	UnityEngine.UI:UnityEngine.UI.Toggle	795	Toggle	mono_string_candidate
Highlighted	resources.assets	16187568	11	2514	UnityEngine.UI:UnityEngine.UI.Toggle	795	Toggle	mono_string_candidate
Disabled	resources.assets	16187584	8	2514	UnityEngine.UI:UnityEngine.UI.Toggle	795	Toggle	mono_string_candidate
Normal	resources.assets	16187880	6	2515	UnityEngine.UI:UnityEngine.UI.Toggle	796	Toggle	mono_string_candidate
Highlighted	resources.assets	16187892	11	2515	UnityEngine.UI:UnityEngine.UI.Toggle	796	Toggle	mono_string_candidate
Pressed	resources.assets	16187908	7	2515	UnityEngine.UI:UnityEngine.UI.Toggle	796	Toggle	mono_string_candidate
Highlighted	resources.assets	16187920	11	2515	UnityEngine.UI:UnityEngine.UI.Toggle	796	Toggle	mono_string_candidate
Disabled	resources.assets	16187936	8	2515	UnityEngine.UI:UnityEngine.UI.Toggle	796	Toggle	mono_string_candidate
Normal	resources.assets	16188520	6	2518	UnityEngine.UI:UnityEngine.UI.Button	708	Decrement	mono_string_candidate
Highlighted	resources.assets	16188532	11	2518	UnityEngine.UI:UnityEngine.UI.Button	708	Decrement	mono_string_candidate
Pressed	resources.assets	16188548	7	2518	UnityEngine.UI:UnityEngine.UI.Button	708	Decrement	mono_string_candidate
Selected	resources.assets	16188560	8	2518	UnityEngine.UI:UnityEngine.UI.Button	708	Decrement	mono_string_candidate
Disabled	resources.assets	16188572	8	2518	UnityEngine.UI:UnityEngine.UI.Button	708	Decrement	mono_string_candidate
OnDecrement	resources.assets	16188620	11	2518	UnityEngine.UI:UnityEngine.UI.Button	708	Decrement	mono_string_candidate
UnityEngine.Object, UnityEngine	resources.assets	16188652	31	2518	UnityEngine.UI:UnityEngine.UI.Button	708	Decrement	mono_string_candidate
Normal	resources.assets	16188936	6	2519	UnityEngine.UI:UnityEngine.UI.Button	709	Decrement	mono_string_candidate
Highlighted	resources.assets	16188948	11	2519	UnityEngine.UI:UnityEngine.UI.Button	709	Decrement	mono_string_candidate
Pressed	resources.assets	16188964	7	2519	UnityEngine.UI:UnityEngine.UI.Button	709	Decrement	mono_string_candidate
Selected	resources.assets	16188976	8	2519	UnityEngine.UI:UnityEngine.UI.Button	709	Decrement	mono_string_candidate
Disabled	resources.assets	16188988	8	2519	UnityEngine.UI:UnityEngine.UI.Button	709	Decrement	mono_string_candidate
OnDecrement	resources.assets	16189036	11	2519	UnityEngine.UI:UnityEngine.UI.Button	709	Decrement	mono_string_candidate
UnityEngine.Object, UnityEngine	resources.assets	16189068	31	2519	UnityEngine.UI:UnityEngine.UI.Button	709	Decrement	mono_string_candidate
Reset	resources.assets	16190068	5	2526	UnityEngine.UI:UnityEngine.UI.Text	822	Text	mono_string_candidate
Normal	resources.assets	16190312	6	2527	UnityEngine.UI:UnityEngine.UI.Toggle	813	Toggle	mono_string_candidate
Highlighted	resources.assets	16190324	11	2527	UnityEngine.UI:UnityEngine.UI.Toggle	813	Toggle	mono_string_candidate
Pressed	resources.assets	16190340	7	2527	UnityEngine.UI:UnityEngine.UI.Toggle	813	Toggle	mono_string_candidate
Highlighted	resources.assets	16190352	11	2527	UnityEngine.UI:UnityEngine.UI.Toggle	813	Toggle	mono_string_candidate
Disabled	resources.assets	16190368	8	2527	UnityEngine.UI:UnityEngine.UI.Toggle	813	Toggle	mono_string_candidate
Normal	resources.assets	16190664	6	2528	UnityEngine.UI:UnityEngine.UI.Toggle	814	Toggle	mono_string_candidate
Highlighted	resources.assets	16190676	11	2528	UnityEngine.UI:UnityEngine.UI.Toggle	814	Toggle	mono_string_candidate
Pressed	resources.assets	16190692	7	2528	UnityEngine.UI:UnityEngine.UI.Toggle	814	Toggle	mono_string_candidate
Highlighted	resources.assets	16190704	11	2528	UnityEngine.UI:UnityEngine.UI.Toggle	814	Toggle	mono_string_candidate
Disabled	resources.assets	16190720	8	2528	UnityEngine.UI:UnityEngine.UI.Toggle	814	Toggle	mono_string_candidate
Panel Title	resources.assets	16191828	11	2535	UnityEngine.UI:UnityEngine.UI.Text	463	Title	mono_string_candidate
Normal	resources.assets	16192296	6	2538	UnityEngine.UI:UnityEngine.UI.Toggle	587	Toggle	mono_string_candidate
Highlighted	resources.assets	16192308	11	2538	UnityEngine.UI:UnityEngine.UI.Toggle	587	Toggle	mono_string_candidate
Pressed	resources.assets	16192324	7	2538	UnityEngine.UI:UnityEngine.UI.Toggle	587	Toggle	mono_string_candidate
Highlighted	resources.assets	16192336	11	2538	UnityEngine.UI:UnityEngine.UI.Toggle	587	Toggle	mono_string_candidate
Disabled	resources.assets	16192352	8	2538	UnityEngine.UI:UnityEngine.UI.Toggle	587	Toggle	mono_string_candidate
Normal	resources.assets	16192648	6	2539	UnityEngine.UI:UnityEngine.UI.Toggle	588	Toggle	mono_string_candidate
Highlighted	resources.assets	16192660	11	2539	UnityEngine.UI:UnityEngine.UI.Toggle	588	Toggle	mono_string_candidate
Pressed	resources.assets	16192676	7	2539	UnityEngine.UI:UnityEngine.UI.Toggle	588	Toggle	mono_string_candidate
Highlighted	resources.assets	16192688	11	2539	UnityEngine.UI:UnityEngine.UI.Toggle	588	Toggle	mono_string_candidate
Disabled	resources.assets	16192704	8	2539	UnityEngine.UI:UnityEngine.UI.Toggle	588	Toggle	mono_string_candidate
UnityEngine.Rendering.UI.DebugUIHandlerPanel, Unity.RenderPipelines.Core.Runtime	resources.assets	16193340	80	2544	UnityEngine.UI:UnityEngine.EventSystems.EventTrigger	384	Scrollbar Vertical	mono_string_candidate
OnScrollbarClicked	resources.assets	16193424	18	2544	UnityEngine.UI:UnityEngine.EventSystems.EventTrigger	384	Scrollbar Vertical	mono_string_candidate
UnityEngine.Object, UnityEngine	resources.assets	16193464	31	2544	UnityEngine.UI:UnityEngine.EventSystems.EventTrigger	384	Scrollbar Vertical	mono_string_candidate
New Text	resources.assets	16194180	8	2549	UnityEngine.UI:UnityEngine.UI.Text	720	Text	mono_string_candidate
New Text	resources.assets	16194340	8	2550	UnityEngine.UI:UnityEngine.UI.Text	721	Text	mono_string_candidate
New Text	resources.assets	16194724	8	2553	UnityEngine.UI:UnityEngine.UI.Text	509	Text	mono_string_candidate
New Text	resources.assets	16194884	8	2554	UnityEngine.UI:UnityEngine.UI.Text	510	Text	mono_string_candidate
New Text	resources.assets	16195044	8	2555	UnityEngine.UI:UnityEngine.UI.Text	828	Text	mono_string_candidate
New Text	resources.assets	16195204	8	2556	UnityEngine.UI:UnityEngine.UI.Text	829	Text	mono_string_candidate
New Text	resources.assets	16195364	8	2557	UnityEngine.UI:UnityEngine.UI.Text	683	Text	mono_string_candidate
New Text	resources.assets	16195524	8	2558	UnityEngine.UI:UnityEngine.UI.Text	684	Text	mono_string_candidate
Normal	resources.assets	16196504	6	2564	UnityEngine.UI:UnityEngine.UI.Toggle	603	Toggle	mono_string_candidate
Highlighted	resources.assets	16196516	11	2564	UnityEngine.UI:UnityEngine.UI.Toggle	603	Toggle	mono_string_candidate
Pressed	resources.assets	16196532	7	2564	UnityEngine.UI:UnityEngine.UI.Toggle	603	Toggle	mono_string_candidate
Highlighted	resources.assets	16196544	11	2564	UnityEngine.UI:UnityEngine.UI.Toggle	603	Toggle	mono_string_candidate
Disabled	resources.assets	16196560	8	2564	UnityEngine.UI:UnityEngine.UI.Toggle	603	Toggle	mono_string_candidate
Normal	resources.assets	16196856	6	2565	UnityEngine.UI:UnityEngine.UI.Toggle	604	Toggle	mono_string_candidate
Highlighted	resources.assets	16196868	11	2565	UnityEngine.UI:UnityEngine.UI.Toggle	604	Toggle	mono_string_candidate
Pressed	resources.assets	16196884	7	2565	UnityEngine.UI:UnityEngine.UI.Toggle	604	Toggle	mono_string_candidate
Highlighted	resources.assets	16196896	11	2565	UnityEngine.UI:UnityEngine.UI.Toggle	604	Toggle	mono_string_candidate
Disabled	resources.assets	16196912	8	2565	UnityEngine.UI:UnityEngine.UI.Toggle	604	Toggle	mono_string_candidate
Normal	resources.assets	16197208	6	2566	UnityEngine.UI:UnityEngine.UI.Toggle	442	Toggle	mono_string_candidate
Highlighted	resources.assets	16197220	11	2566	UnityEngine.UI:UnityEngine.UI.Toggle	442	Toggle	mono_string_candidate
Pressed	resources.assets	16197236	7	2566	UnityEngine.UI:UnityEngine.UI.Toggle	442	Toggle	mono_string_candidate
Highlighted	resources.assets	16197248	11	2566	UnityEngine.UI:UnityEngine.UI.Toggle	442	Toggle	mono_string_candidate
Disabled	resources.assets	16197264	8	2566	UnityEngine.UI:UnityEngine.UI.Toggle	442	Toggle	mono_string_candidate
Normal	resources.assets	16197560	6	2567	UnityEngine.UI:UnityEngine.UI.Toggle	443	Toggle	mono_string_candidate
Highlighted	resources.assets	16197572	11	2567	UnityEngine.UI:UnityEngine.UI.Toggle	443	Toggle	mono_string_candidate
Pressed	resources.assets	16197588	7	2567	UnityEngine.UI:UnityEngine.UI.Toggle	443	Toggle	mono_string_candidate
Highlighted	resources.assets	16197600	11	2567	UnityEngine.UI:UnityEngine.UI.Toggle	443	Toggle	mono_string_candidate
Disabled	resources.assets	16197616	8	2567	UnityEngine.UI:UnityEngine.UI.Toggle	443	Toggle	mono_string_candidate
New Text	resources.assets	16198500	8	2574	UnityEngine.UI:UnityEngine.UI.Text	793	Text	mono_string_candidate
New Text	resources.assets	16198660	8	2575	UnityEngine.UI:UnityEngine.UI.Text	794	Text	mono_string_candidate
Normal	resources.assets	16199928	6	2584	UnityEngine.UI:UnityEngine.UI.Toggle	783	Toggle	mono_string_candidate
Highlighted	resources.assets	16199940	11	2584	UnityEngine.UI:UnityEngine.UI.Toggle	783	Toggle	mono_string_candidate
Pressed	resources.assets	16199956	7	2584	UnityEngine.UI:UnityEngine.UI.Toggle	783	Toggle	mono_string_candidate
Highlighted	resources.assets	16199968	11	2584	UnityEngine.UI:UnityEngine.UI.Toggle	783	Toggle	mono_string_candidate
Disabled	resources.assets	16199984	8	2584	UnityEngine.UI:UnityEngine.UI.Toggle	783	Toggle	mono_string_candidate
Normal	resources.assets	16200280	6	2585	UnityEngine.UI:UnityEngine.UI.Toggle	784	Toggle	mono_string_candidate
Highlighted	resources.assets	16200292	11	2585	UnityEngine.UI:UnityEngine.UI.Toggle	784	Toggle	mono_string_candidate
Pressed	resources.assets	16200308	7	2585	UnityEngine.UI:UnityEngine.UI.Toggle	784	Toggle	mono_string_candidate
Highlighted	resources.assets	16200320	11	2585	UnityEngine.UI:UnityEngine.UI.Toggle	784	Toggle	mono_string_candidate
Disabled	resources.assets	16200336	8	2585	UnityEngine.UI:UnityEngine.UI.Toggle	784	Toggle	mono_string_candidate
Normal	resources.assets	16200632	6	2586	UnityEngine.UI:UnityEngine.UI.Toggle	566	Toggle	mono_string_candidate
Highlighted	resources.assets	16200644	11	2586	UnityEngine.UI:UnityEngine.UI.Toggle	566	Toggle	mono_string_candidate
Pressed	resources.assets	16200660	7	2586	UnityEngine.UI:UnityEngine.UI.Toggle	566	Toggle	mono_string_candidate
Highlighted	resources.assets	16200672	11	2586	UnityEngine.UI:UnityEngine.UI.Toggle	566	Toggle	mono_string_candidate
Disabled	resources.assets	16200688	8	2586	UnityEngine.UI:UnityEngine.UI.Toggle	566	Toggle	mono_string_candidate
Normal	resources.assets	16200984	6	2587	UnityEngine.UI:UnityEngine.UI.Toggle	567	Toggle	mono_string_candidate
Highlighted	resources.assets	16200996	11	2587	UnityEngine.UI:UnityEngine.UI.Toggle	567	Toggle	mono_string_candidate
Pressed	resources.assets	16201012	7	2587	UnityEngine.UI:UnityEngine.UI.Toggle	567	Toggle	mono_string_candidate
Highlighted	resources.assets	16201024	11	2587	UnityEngine.UI:UnityEngine.UI.Toggle	567	Toggle	mono_string_candidate
Disabled	resources.assets	16201040	8	2587	UnityEngine.UI:UnityEngine.UI.Toggle	567	Toggle	mono_string_candidate
Normal	resources.assets	16202136	6	2594	UnityEngine.UI:UnityEngine.UI.Toggle	609	Toggle	mono_string_candidate
Highlighted	resources.assets	16202148	11	2594	UnityEngine.UI:UnityEngine.UI.Toggle	609	Toggle	mono_string_candidate
Pressed	resources.assets	16202164	7	2594	UnityEngine.UI:UnityEngine.UI.Toggle	609	Toggle	mono_string_candidate
Highlighted	resources.assets	16202176	11	2594	UnityEngine.UI:UnityEngine.UI.Toggle	609	Toggle	mono_string_candidate
Disabled	resources.assets	16202192	8	2594	UnityEngine.UI:UnityEngine.UI.Toggle	609	Toggle	mono_string_candidate
Normal	resources.assets	16202488	6	2595	UnityEngine.UI:UnityEngine.UI.Toggle	610	Toggle	mono_string_candidate
Highlighted	resources.assets	16202500	11	2595	UnityEngine.UI:UnityEngine.UI.Toggle	610	Toggle	mono_string_candidate
Pressed	resources.assets	16202516	7	2595	UnityEngine.UI:UnityEngine.UI.Toggle	610	Toggle	mono_string_candidate
Highlighted	resources.assets	16202528	11	2595	UnityEngine.UI:UnityEngine.UI.Toggle	610	Toggle	mono_string_candidate
Disabled	resources.assets	16202544	8	2595	UnityEngine.UI:UnityEngine.UI.Toggle	610	Toggle	mono_string_candidate
Normal	resources.assets	16204296	6	2607	UnityEngine.UI:UnityEngine.UI.Button	751	<<<	mono_string_candidate
Highlighted	resources.assets	16204308	11	2607	UnityEngine.UI:UnityEngine.UI.Button	751	<<<	mono_string_candidate
Pressed	resources.assets	16204324	7	2607	UnityEngine.UI:UnityEngine.UI.Button	751	<<<	mono_string_candidate
Selected	resources.assets	16204336	8	2607	UnityEngine.UI:UnityEngine.UI.Button	751	<<<	mono_string_candidate
Disabled	resources.assets	16204348	8	2607	UnityEngine.UI:UnityEngine.UI.Button	751	<<<	mono_string_candidate
OnDecrement	resources.assets	16204396	11	2607	UnityEngine.UI:UnityEngine.UI.Button	751	<<<	mono_string_candidate
UnityEngine.Object, UnityEngine	resources.assets	16204428	31	2607	UnityEngine.UI:UnityEngine.UI.Button	751	<<<	mono_string_candidate
Vignette	sharedassets1.assets	7188272	8	315	Unity.RenderPipelines.Universal.Runtime:UnityEngine.Rendering.Universal.Vignette	0		mono_string_candidate
LensDistortion	sharedassets1.assets	7188384	14	316	Unity.RenderPipelines.Universal.Runtime:UnityEngine.Rendering.Universal.LensDistortion	0		mono_string_candidate
ColorAdjustments	sharedassets1.assets	7188480	16	317	Unity.RenderPipelines.Universal.Runtime:UnityEngine.Rendering.Universal.ColorAdjustments	0		mono_string_candidate
DitherVol	sharedassets1.assets	7188592	9	318	Masking.Runtime:VolFx.DitherVol	0		mono_string_candidate
ColorAdjustments	sharedassets1.assets	7188720	16	319	Unity.RenderPipelines.Universal.Runtime:UnityEngine.Rendering.Universal.ColorAdjustments	0		mono_string_candidate
PixelationVol	sharedassets1.assets	7188832	13	320	Pixelation.Runtime:VolFx.PixelationVol	0		mono_string_candidate
Stimcard SDF OutLine Lowres	sharedassets1.assets	7188960	27	321	Unity.TextMeshPro:TMPro.TMP_FontAsset	0		mono_string_candidate
Stimcard	sharedassets1.assets	7189008	8	321	Unity.TextMeshPro:TMPro.TMP_FontAsset	0		mono_string_candidate
Regular	sharedassets1.assets	7189020	7	321	Unity.TextMeshPro:TMPro.TMP_FontAsset	0		mono_string_candidate
Stimcard SDF OutLine	sharedassets1.assets	7198896	20	322	Unity.TextMeshPro:TMPro.TMP_FontAsset	0		mono_string_candidate
Stimcard	sharedassets1.assets	7198936	8	322	Unity.TextMeshPro:TMPro.TMP_FontAsset	0		mono_string_candidate
Regular	sharedassets1.assets	7198948	7	322	Unity.TextMeshPro:TMPro.TMP_FontAsset	0		mono_string_candidate
Stimcard SDF	sharedassets1.assets	7208816	12	323	Unity.TextMeshPro:TMPro.TMP_FontAsset	0		mono_string_candidate
Stimcard	sharedassets1.assets	7208848	8	323	Unity.TextMeshPro:TMPro.TMP_FontAsset	0		mono_string_candidate
Regular	sharedassets1.assets	7208860	7	323	Unity.TextMeshPro:TMPro.TMP_FontAsset	0		mono_string_candidate
Make bait?	sharedassets1.assets	7273876	10	371	Assembly-CSharp:dialogue_object	0		mono_string_candidate
Hand over diving gear?	sharedassets1.assets	7280036	22	383	Assembly-CSharp:dialogue_object	0		mono_string_candidate
Hand over the map?	sharedassets1.assets	7283492	18	389	Assembly-CSharp:dialogue_object	0		mono_string_candidate
Give bait to fish?	sharedassets1.assets	7285092	18	393	Assembly-CSharp:dialogue_object	0		mono_string_candidate
Try to fix?	sharedassets1.assets	7286732	11	397	Assembly-CSharp:dialogue_object	0		mono_string_candidate
Try to fix?	sharedassets1.assets	7287596	11	399	Assembly-CSharp:dialogue_object	0		mono_string_candidate
Try to fix?	sharedassets1.assets	7288748	11	402	Assembly-CSharp:dialogue_object	0		mono_string_candidate
Try to fix?	sharedassets1.assets	7290024	11	405	Assembly-CSharp:dialogue_object	0		mono_string_candidate
Try to fix?	sharedassets1.assets	7290876	11	407	Assembly-CSharp:dialogue_object	0		mono_string_candidate
Try to fix?	sharedassets1.assets	7291740	11	409	Assembly-CSharp:dialogue_object	0		mono_string_candidate
Give fishnet?	sharedassets1.assets	7292620	13	411	Assembly-CSharp:dialogue_object	0		mono_string_candidate
Try skipping the night?	sharedassets1.assets	7294524	23	415	Assembly-CSharp:dialogue_object	0		mono_string_candidate
Try skipping the night?	sharedassets1.assets	7294988	23	416	Assembly-CSharp:dialogue_object	0		mono_string_candidate
BigWaves	sharedassets1.assets	7313280	8	495	Assembly-CSharp:NightEventScript	0		mono_string_candidate
BoatLeak	sharedassets1.assets	7313968	8	496	Assembly-CSharp:NightEventScript	0		mono_string_candidate
DangerousWater	sharedassets1.assets	7314800	14	497	Assembly-CSharp:NightEventScript	0		mono_string_candidate
FishIntoBoat	sharedassets1.assets	7315568	12	498	Assembly-CSharp:NightEventScript	0		mono_string_candidate
Check the back?	sharedassets1.assets	7315968	15	498	Assembly-CSharp:NightEventScript	0		mono_string_candidate
FriendSick	sharedassets1.assets	7316096	10	499	Assembly-CSharp:NightEventScript	0		mono_string_candidate
MessageBottleComes	sharedassets1.assets	7316784	18	500	Assembly-CSharp:NightEventScript	0		mono_string_candidate
NeedsDirection	sharedassets1.assets	7317248	14	501	Assembly-CSharp:NightEventScript	0		mono_string_candidate
Which way?	sharedassets1.assets	7317584	10	501	Assembly-CSharp:NightEventScript	0		mono_string_candidate
Right	sharedassets1.assets	7317604	5	501	Assembly-CSharp:NightEventScript	0		mono_string_candidate
Left	sharedassets1.assets	7317616	4	501	Assembly-CSharp:NightEventScript	0		mono_string_candidate
Rain	sharedassets1.assets	7317728	4	502	Assembly-CSharp:NightEventScript	0		mono_string_candidate
RainStorm	sharedassets1.assets	7318448	9	503	Assembly-CSharp:NightEventScript	0		mono_string_candidate
SeagullOnBoat	sharedassets1.assets	7320032	13	504	Assembly-CSharp:NightEventScript	0		mono_string_candidate
SleepingUnwell	sharedassets1.assets	7320960	14	505	Assembly-CSharp:NightEventScript	0		mono_string_candidate
WeirdFlowers	sharedassets1.assets	7321680	12	506	Assembly-CSharp:NightEventScript	0		mono_string_candidate
Windy	sharedassets1.assets	7322144	5	507	Assembly-CSharp:NightEventScript	0		mono_string_candidate
BoatInDistance	sharedassets1.assets	7322928	14	508	Assembly-CSharp:NightEventScript	0		mono_string_candidate
Found by cargo ship.	sharedassets1.assets	7323616	20	508	Assembly-CSharp:NightEventScript	0		mono_string_candidate
FishSquad	sharedassets1.assets	7323680	9	509	Assembly-CSharp:NightEventScript	0		mono_string_candidate
GhostlyFIgures	sharedassets1.assets	7324304	14	510	Assembly-CSharp:NightEventScript	0		mono_string_candidate
IslandSmall	sharedassets1.assets	7325008	11	511	Assembly-CSharp:NightEventScript	0		mono_string_candidate
Visit the small island?	sharedassets1.assets	7325540	23	511	Assembly-CSharp:NightEventScript	0		mono_string_candidate
Mistook for a coconut.	sharedassets1.assets	7325652	22	511	Assembly-CSharp:NightEventScript	0		mono_string_candidate
MonsterFish	sharedassets1.assets	7325712	11	512	Assembly-CSharp:NightEventScript	0		mono_string_candidate
Eaten alive.	sharedassets1.assets	7327020	12	512	Assembly-CSharp:NightEventScript	0		mono_string_candidate
MysteryChest	sharedassets1.assets	7327072	12	513	Assembly-CSharp:NightEventScript	0		mono_string_candidate
Pick up chest?	sharedassets1.assets	7327412	14	513	Assembly-CSharp:NightEventScript	0		mono_string_candidate
Became chest loot.	sharedassets1.assets	7327516	18	513	Assembly-CSharp:NightEventScript	0		mono_string_candidate
SmallMonsterFishes	sharedassets1.assets	7327568	18	514	Assembly-CSharp:NightEventScript	0		mono_string_candidate
Mauled to death.	sharedassets1.assets	7328388	16	514	Assembly-CSharp:NightEventScript	0		mono_string_candidate
Snatcher	sharedassets1.assets	7328448	8	515	Assembly-CSharp:NightEventScript	0		mono_string_candidate
TheFog	sharedassets1.assets	7329200	6	516	Assembly-CSharp:NightEventScript	0		mono_string_candidate
The fog came.	sharedassets1.assets	7329972	13	516	Assembly-CSharp:NightEventScript	0		mono_string_candidate
Vortex	sharedassets1.assets	7330032	6	517	Assembly-CSharp:NightEventScript	0		mono_string_candidate
BloodredWater	sharedassets1.assets	7330832	13	518	Assembly-CSharp:NightEventScript	0		mono_string_candidate
Sharing blood with the sea.	sharedassets1.assets	7331536	27	518	Assembly-CSharp:NightEventScript	0		mono_string_candidate
Found by cargo ship.	sharedassets1.assets	7332080	20	519	Assembly-CSharp:NightEventScript	0		mono_string_candidate
ChestAttack	sharedassets1.assets	7332144	11	520	Assembly-CSharp:NightEventScript	0		mono_string_candidate
Became chest loot.	sharedassets1.assets	7332840	18	520	Assembly-CSharp:NightEventScript	0		mono_string_candidate
FarAirplane	sharedassets1.assets	7332896	11	521	Assembly-CSharp:NightEventScript	0		mono_string_candidate
Found by the company.	sharedassets1.assets	7333524	21	521	Assembly-CSharp:NightEventScript	0		mono_string_candidate
HandyMan	sharedassets1.assets	7333584	8	522	Assembly-CSharp:NightEventScript	0		mono_string_candidate
Grabbed into stomatch.	sharedassets1.assets	7334812	22	522	Assembly-CSharp:NightEventScript	0		mono_string_candidate
SeaWatcher	sharedassets1.assets	7334880	10	523	Assembly-CSharp:NightEventScript	0		mono_string_candidate
Stay awake?	sharedassets1.assets	7335216	11	523	Assembly-CSharp:NightEventScript	0		mono_string_candidate
Were being watched.	sharedassets1.assets	7335304	19	523	Assembly-CSharp:NightEventScript	0		mono_string_candidate
SharkMen	sharedassets1.assets	7335360	8	524	Assembly-CSharp:NightEventScript	0		mono_string_candidate
Torn into pieces.	sharedassets1.assets	7336332	17	524	Assembly-CSharp:NightEventScript	0		mono_string_candidate
Siren	sharedassets1.assets	7336384	5	525	Assembly-CSharp:NightEventScript	0		mono_string_candidate
Dragged to the seafloor.	sharedassets1.assets	7337200	24	525	Assembly-CSharp:NightEventScript	0		mono_string_candidate
Accept Trade?	sharedassets1.assets	7337524	13	526	Assembly-CSharp:NightEventScript	0		mono_string_candidate
Accept Trade?	sharedassets1.assets	7337936	13	527	Assembly-CSharp:NightEventScript	0		mono_string_candidate
Accept Trade?	sharedassets1.assets	7338360	13	528	Assembly-CSharp:NightEventScript	0		mono_string_candidate
Accept Trade?	sharedassets1.assets	7338772	13	529	Assembly-CSharp:NightEventScript	0		mono_string_candidate
Accept Trade?	sharedassets1.assets	7339188	13	530	Assembly-CSharp:NightEventScript	0		mono_string_candidate
Found by the company.	sharedassets1.assets	7339836	21	531	Assembly-CSharp:NightEventScript	0		mono_string_candidate
CaptainSkeleton	sharedassets1.assets	7339904	15	532	Assembly-CSharp:NightEventScript	0		mono_string_candidate
You should take a look.	sharedassets1.assets	7340156	23	532	Assembly-CSharp:NightEventScript	0		mono_string_candidate
FoundLand	sharedassets1.assets	7340288	9	533	Assembly-CSharp:NightEventScript	0		mono_string_candidate
Set foot on land?	sharedassets1.assets	7340508	17	533	Assembly-CSharp:NightEventScript	0		mono_string_candidate
Reached land.	sharedassets1.assets	7340668	13	533	Assembly-CSharp:NightEventScript	0		mono_string_candidate
FriendEvil	sharedassets1.assets	7340720	10	534	Assembly-CSharp:NightEventScript	0		mono_string_candidate
Delusions became too strong.	sharedassets1.assets	7341556	28	534	Assembly-CSharp:NightEventScript	0		mono_string_candidate
GhostBoat	sharedassets1.assets	7341616	9	535	Assembly-CSharp:NightEventScript	0		mono_string_candidate
Trafficed to ghosts.	sharedassets1.assets	7342188	20	535	Assembly-CSharp:NightEventScript	0		mono_string_candidate
Kraken	sharedassets1.assets	7342240	6	536	Assembly-CSharp:NightEventScript	0		mono_string_candidate
Debt Overdue.	sharedassets1.assets	7342976	13	536	Assembly-CSharp:NightEventScript	0		mono_string_candidate
SleepKiller	sharedassets1.assets	7343024	11	537	Assembly-CSharp:NightEventScript	0		mono_string_candidate
SLEEP	sharedassets1.assets	7345112	5	537	Assembly-CSharp:NightEventScript	0		mono_string_candidate
TheMoon	sharedassets1.assets	7345152	7	538	Assembly-CSharp:NightEventScript	0		mono_string_candidate
Stared at the moon for too long.	sharedassets1.assets	7345760	32	538	Assembly-CSharp:NightEventScript	0		mono_string_candidate
TheOne	sharedassets1.assets	7345824	6	539	Assembly-CSharp:NightEventScript	0		mono_string_candidate
Freedom.	sharedassets1.assets	7346084	8	539	Assembly-CSharp:NightEventScript	0		mono_string_candidate
Nothing	sharedassets1.assets	7346128	7	540	Assembly-CSharp:NightEventScript	0		mono_string_candidate
ShadowsMidtonesHighlights	sharedassets1.assets	7346608	25	544	Unity.RenderPipelines.Universal.Runtime:UnityEngine.Rendering.Universal.ShadowsMidtonesHighlights	0		mono_string_candidate
CRTSettings	sharedassets1.assets	7346768	11	545	Assembly-CSharp:RetroShadersPro.URP.CRTSettings	0		mono_string_candidate
CRTSettings	sharedassets1.assets	7347120	11	546	Assembly-CSharp:RetroShadersPro.URP.CRTSettings	0		mono_string_candidate
VhsVol	sharedassets1.assets	7347472	6	547	VhsFx.Runtime:VolFx.VhsVol	0		mono_string_candidate
LiftGammaGain	sharedassets1.assets	7347584	13	548	Unity.RenderPipelines.Universal.Runtime:UnityEngine.Rendering.Universal.LiftGammaGain	0		mono_string_candidate
FilmGrain	sharedassets1.assets	7347696	9	549	Unity.RenderPipelines.Universal.Runtime:UnityEngine.Rendering.Universal.FilmGrain	0		mono_string_candidate
DepthOfField	sharedassets1.assets	7347792	12	550	Unity.RenderPipelines.Universal.Runtime:UnityEngine.Rendering.Universal.DepthOfField	0		mono_string_candidate
VhsVol	sharedassets2.assets	2212912	6	541	VhsFx.Runtime:VolFx.VhsVol	0		mono_string_candidate
ShadowsMidtonesHighlights	sharedassets2.assets	2213024	25	542	Unity.RenderPipelines.Universal.Runtime:UnityEngine.Rendering.Universal.ShadowsMidtonesHighlights	0		mono_string_candidate
LiftGammaGain	sharedassets2.assets	2213184	13	543	Unity.RenderPipelines.Universal.Runtime:UnityEngine.Rendering.Universal.LiftGammaGain	0		mono_string_candidate
FilmGrain	sharedassets2.assets	2213296	9	544	Unity.RenderPipelines.Universal.Runtime:UnityEngine.Rendering.Universal.FilmGrain	0		mono_string_candidate
ColorAdjustments	sharedassets2.assets	2213392	16	545	Unity.RenderPipelines.Universal.Runtime:UnityEngine.Rendering.Universal.ColorAdjustments	0		mono_string_candidate
LensDistortion	sharedassets2.assets	2213504	14	546	Unity.RenderPipelines.Universal.Runtime:UnityEngine.Rendering.Universal.LensDistortion	0		mono_string_candidate
PixelationVol	sharedassets2.assets	2213600	13	547	Pixelation.Runtime:VolFx.PixelationVol	0		mono_string_candidate
Vignette	sharedassets2.assets	2214192	8	552	Unity.RenderPipelines.Universal.Runtime:UnityEngine.Rendering.Universal.Vignette	0		mono_string_candidate
DitherVol	sharedassets2.assets	2214304	9	553	Masking.Runtime:VolFx.DitherVol	0		mono_string_candidate
DepthOfField	sharedassets2.assets	2214432	12	554	Unity.RenderPipelines.Universal.Runtime:UnityEngine.Rendering.Universal.DepthOfField	0		mono_string_candidate
Stimcard	sharedassets3.assets	924964	8	391	Unity.TextMeshPro:TMPro.TMP_FontAsset	0		mono_string_candidate
Regular	sharedassets3.assets	924976	7	391	Unity.TextMeshPro:TMPro.TMP_FontAsset	0		mono_string_candidate
Vignette	sharedassets4.assets	4850448	8	733	Unity.RenderPipelines.Universal.Runtime:UnityEngine.Rendering.Universal.Vignette	0		mono_string_candidate
LensDistortion	sharedassets4.assets	4850560	14	734	Unity.RenderPipelines.Universal.Runtime:UnityEngine.Rendering.Universal.LensDistortion	0		mono_string_candidate
DitherVol	sharedassets4.assets	4850656	9	735	Masking.Runtime:VolFx.DitherVol	0		mono_string_candidate
ColorAdjustments	sharedassets4.assets	4850784	16	736	Unity.RenderPipelines.Universal.Runtime:UnityEngine.Rendering.Universal.ColorAdjustments	0		mono_string_candidate
PixelationVol	sharedassets4.assets	4850896	13	737	Pixelation.Runtime:VolFx.PixelationVol	0		mono_string_candidate
BoatBreak	sharedassets4.assets	4851024	9	738	Assembly-CSharp:NightEventScript	0		mono_string_candidate
Your boat fell apart.	sharedassets4.assets	4851228	21	738	Assembly-CSharp:NightEventScript	0		mono_string_candidate
ShadowsMidtonesHighlights	sharedassets4.assets	4851536	25	741	Unity.RenderPipelines.Universal.Runtime:UnityEngine.Rendering.Universal.ShadowsMidtonesHighlights	0		mono_string_candidate
FilmGrain	sharedassets4.assets	4851696	9	742	Unity.RenderPipelines.Universal.Runtime:UnityEngine.Rendering.Universal.FilmGrain	0		mono_string_candidate
DepthOfField	sharedassets4.assets	4851792	12	743	Unity.RenderPipelines.Universal.Runtime:UnityEngine.Rendering.Universal.DepthOfField	0		mono_string_candidate
CRTSettings	sharedassets4.assets	4851936	11	744	Assembly-CSharp:RetroShadersPro.URP.CRTSettings	0		mono_string_candidate
VhsVol	sharedassets4.assets	4852288	6	745	VhsFx.Runtime:VolFx.VhsVol	0		mono_string_candidate
LiftGammaGain	sharedassets4.assets	4852400	13	746	Unity.RenderPipelines.Universal.Runtime:UnityEngine.Rendering.Universal.LiftGammaGain	0		mono_string_candidate
Essays1743 SDF	sharedassets5.assets	511408	14	77	Unity.TextMeshPro:TMPro.TMP_FontAsset	0		mono_string_candidate
Essays1743	sharedassets5.assets	511444	10	77	Unity.TextMeshPro:TMPro.TMP_FontAsset	0		mono_string_candidate
Medium	sharedassets5.assets	511460	6	77	Unity.TextMeshPro:TMPro.TMP_FontAsset	0		mono_string_candidate
