version	asset_file	object_type	path_id	object_name	field_path	source_text	normalized_source_text	category	status	translation_guess	context_before	context_after	notes
v1.1.3	level1	GameObject	475	Item	m_Name	Item	item	item	suspicious-mapping				Same English item text exists in both versions but serialized locations differ. v1.1.2 locations=level1:465:m_Name:Item; level1::raw_ascii@83380:; level2:2219:m_Name:Item; level2::raw_ascii@327652:; level3:1293:m_Name:Item; +6 more; v1.1.3 locations=level1:475:m_Name:Item; level1::raw_ascii@85316:; level2:2226:m_Name:Item; level2::raw_ascii@329140:; level3:1300:m_Name:Item; +5 more. Use source text plus neighbouring object context, not path_id/list index.
v1.1.3	level2	GameObject	1104	food_fish (1)	m_Name	food_fish (1)	food_fish (1)	item	suspicious-mapping				Same English item text exists in both versions but serialized locations differ. v1.1.2 locations=level2:1104:m_Name:food_fish (1); level2:1131:m_Name:food_fish (1); level3:371:m_Name:food_fish (1); level4:174:m_Name:food_fish (1); v1.1.3 locations=level2:1104:m_Name:food_fish (1); level2:1131:m_Name:food_fish (1); level3:371:m_Name:food_fish (1); level4:197:m_Name:food_fish (1). Use source text plus neighbouring object context, not path_id/list index.
v1.1.3	level2	GameObject	171	bait	m_Name	bait	bait	item	suspicious-mapping	Наживка			Same English item text exists in both versions but serialized locations differ. v1.1.2 locations=level2:171:m_Name:bait; level2:1148:m_Name:bait; level2:7188:raw_length_prefixed@1135444:bait (10); level2:7252:raw_length_prefixed@1141364:bait (5); level2:7266:raw_length_prefixed@1142404:bait (1); +48 more; v1.1.3 locations=level2:171:m_Name:bait; level2:1148:m_Name:bait; level2:7223:raw_length_prefixed@1140676:bait (10); level2:7287:raw_length_prefixed@1146596:bait (5); level2:7301:raw_length_prefixed@1147636:bait (1); +48 more. Use source text plus neighbouring object context, not path_id/list index.
v1.1.3	level2	GameObject	269	food_fish (4)	m_Name	food_fish (4)	food_fish (4)	item	suspicious-mapping				Same English item text exists in both versions but serialized locations differ. v1.1.2 locations=level2:269:m_Name:food_fish (4); level2:679:m_Name:food_fish (4); level3:405:m_Name:food_fish (4); level4:740:m_Name:food_fish (4); v1.1.3 locations=level2:269:m_Name:food_fish (4); level2:679:m_Name:food_fish (4); level3:405:m_Name:food_fish (4); level4:837:m_Name:food_fish (4). Use source text plus neighbouring object context, not path_id/list index.
v1.1.3	level2	GameObject	285	food_fish (7)	m_Name	food_fish (7)	food_fish (7)	item	suspicious-mapping				Same English item text exists in both versions but serialized locations differ. v1.1.2 locations=level2:285:m_Name:food_fish (7); level2:1333:m_Name:food_fish (7); level3:115:m_Name:food_fish (7); level4:2295:m_Name:food_fish (7); v1.1.3 locations=level2:285:m_Name:food_fish (7); level2:1333:m_Name:food_fish (7); level3:115:m_Name:food_fish (7); level4:2599:m_Name:food_fish (7). Use source text plus neighbouring object context, not path_id/list index.
v1.1.3	level2	GameObject	348	bait (1)	m_Name	bait (1)	bait (1)	item	suspicious-mapping				Same English item text exists in both versions but serialized locations differ. v1.1.2 locations=level2:348:m_Name:bait (1); level2:698:m_Name:bait (1); level3:286:m_Name:bait (1); level4:2270:m_Name:bait (1); v1.1.3 locations=level2:348:m_Name:bait (1); level2:698:m_Name:bait (1); level3:286:m_Name:bait (1); level4:2570:m_Name:bait (1). Use source text plus neighbouring object context, not path_id/list index.
v1.1.3	level2	GameObject	408	food_fish (6)	m_Name	food_fish (6)	food_fish (6)	item	suspicious-mapping				Same English item text exists in both versions but serialized locations differ. v1.1.2 locations=level2:408:m_Name:food_fish (6); level2:620:m_Name:food_fish (6); level3:206:m_Name:food_fish (6); level4:1633:m_Name:food_fish (6); v1.1.3 locations=level2:408:m_Name:food_fish (6); level2:620:m_Name:food_fish (6); level3:206:m_Name:food_fish (6); level4:1851:m_Name:food_fish (6). Use source text plus neighbouring object context, not path_id/list index.
v1.1.3	level2	GameObject	429	food_fish (2)	m_Name	food_fish (2)	food_fish (2)	item	suspicious-mapping				Same English item text exists in both versions but serialized locations differ. v1.1.2 locations=level2:429:m_Name:food_fish (2); level2:536:m_Name:food_fish (2); level3:675:m_Name:food_fish (2); level4:525:m_Name:food_fish (2); v1.1.3 locations=level2:429:m_Name:food_fish (2); level2:536:m_Name:food_fish (2); level3:675:m_Name:food_fish (2); level4:598:m_Name:food_fish (2). Use source text plus neighbouring object context, not path_id/list index.
v1.1.3	level2	GameObject	511	food_fish (5)	m_Name	food_fish (5)	food_fish (5)	item	suspicious-mapping				Same English item text exists in both versions but serialized locations differ. v1.1.2 locations=level2:511:m_Name:food_fish (5); level2:841:m_Name:food_fish (5); level3:796:m_Name:food_fish (5); level4:1150:m_Name:food_fish (5); v1.1.3 locations=level2:511:m_Name:food_fish (5); level2:841:m_Name:food_fish (5); level3:796:m_Name:food_fish (5); level4:1304:m_Name:food_fish (5). Use source text plus neighbouring object context, not path_id/list index.
v1.1.3	level2	GameObject	618	food_fish (3)	m_Name	food_fish (3)	food_fish (3)	item	suspicious-mapping				Same English item text exists in both versions but serialized locations differ. v1.1.2 locations=level2:618:m_Name:food_fish (3); level2:784:m_Name:food_fish (3); level3:217:m_Name:food_fish (3); level4:1008:m_Name:food_fish (3); v1.1.3 locations=level2:618:m_Name:food_fish (3); level2:784:m_Name:food_fish (3); level3:217:m_Name:food_fish (3); level4:1143:m_Name:food_fish (3). Use source text plus neighbouring object context, not path_id/list index.
v1.1.3	level2	MonoBehaviour	7156	ItemName	raw_length_prefixed@1111468	Pick Up	pick up	item	suspicious-mapping	Взять			Same English item text exists in both versions but serialized locations differ. v1.1.2 locations=level2:7124:raw_length_prefixed@1107884:ItemName; v1.1.3 locations=level2:7156:raw_length_prefixed@1111468:ItemName. Use source text plus neighbouring object context, not path_id/list index.
v1.1.3	level2	MonoBehaviour	7163	ItemName	raw_length_prefixed@1115180	Throw Items!	throw items!	item	suspicious-mapping	Бросайте предметы!			Same English item text exists in both versions but serialized locations differ. v1.1.2 locations=level2:7131:raw_length_prefixed@1111596:ItemName; translations/source_queue.tsv:::; patches/xunity_autotranslator/BepInEx/Translation/ru/Text/_AutoGeneratedTranslations.txt:::; v1.1.3 locations=level2:7163:raw_length_prefixed@1115180:ItemName; translations/source_queue.tsv:::; patches/xunity_autotranslator/BepInEx/Translation/ru/Text/_AutoGeneratedTranslations.txt:::. Use source text plus neighbouring object context, not path_id/list index.
v1.1.3	level2	MonoBehaviour	7221	food_fish (27)	raw_length_prefixed@1140532	Food	food	item	suspicious-mapping	Еда			Same English item text exists in both versions but serialized locations differ. v1.1.2 locations=level2:7186:raw_length_prefixed@1135300:food_fish (27); level2:7191:raw_length_prefixed@1135732:food_fish (20); level2:7195:raw_length_prefixed@1136068:food_fish (22); level2:7203:raw_length_prefixed@1136708:food_fish (24); level2:7207:raw_length_prefixed@1136980:food_fish (25); +49 more; v1.1.3 locations=level2:7221:raw_length_prefixed@1140532:food_fish (27); level2:7226:raw_length_prefixed@1140964:food_fish (20); level2:7230:raw_length_prefixed@1141300:food_fish (22); level2:7238:raw_length_prefixed@1141940:food_fish (24); level2:7242:raw_length_prefixed@1142212:food_fish (25); +49 more. Use source text plus neighbouring object context, not path_id/list index.
v1.1.3	level2	MonoBehaviour	7232	scuba_set (1)	raw_length_prefixed@1141444	Scuba Set	scuba set	item	suspicious-mapping	Акваланг			Same English item text exists in both versions but serialized locations differ. v1.1.2 locations=level2:7197:raw_length_prefixed@1136212:scuba_set (1); level2:7243:raw_length_prefixed@1140724:scuba_set (2); level2:7471:raw_length_prefixed@1159188:scuba_set; level4:10020:raw_length_prefixed@2114912:scuba_set; translations/source_queue.tsv:::; +1 more; v1.1.3 locations=level2:7232:raw_length_prefixed@1141444:scuba_set (1); level2:7278:raw_length_prefixed@1145956:scuba_set (2); level2:7506:raw_length_prefixed@1164420:scuba_set; level4:10779:raw_length_prefixed@2221392:scuba_set; translations/source_queue.tsv:::; +1 more. Use source text plus neighbouring object context, not path_id/list index.
v1.1.3	level2	MonoBehaviour	7249	ducttape (4)	raw_length_prefixed@1143316	Duct Tape	duct tape	item	suspicious-mapping	Скотч			Same English item text exists in both versions but serialized locations differ. v1.1.2 locations=level2:7214:raw_length_prefixed@1138084:ducttape (4); level2:7234:raw_length_prefixed@1139908:ducttape; level2:7296:raw_length_prefixed@1145124:ducttape (1); level2:7406:raw_length_prefixed@1153796:ducttape (5); level2:7424:raw_length_prefixed@1155572:ducttape (2); +6 more; v1.1.3 locations=level2:7249:raw_length_prefixed@1143316:ducttape (4); level2:7269:raw_length_prefixed@1145140:ducttape; level2:7331:raw_length_prefixed@1150356:ducttape (1); level2:7441:raw_length_prefixed@1159028:ducttape (5); level2:7459:raw_length_prefixed@1160804:ducttape (2); +6 more. Use source text plus neighbouring object context, not path_id/list index.
v1.1.3	level2	MonoBehaviour	7303	flaregun	raw_length_prefixed@1147780	Flare Gun	flare gun	item	suspicious-mapping	Сигнальный пистолет			Same English item text exists in both versions but serialized locations differ. v1.1.2 locations=level2:7268:raw_length_prefixed@1142548:flaregun; level2:7326:raw_length_prefixed@1147268:flaregun (1); level2:7399:raw_length_prefixed@1153268:flaregun (2); level2:7556:raw_length_prefixed@1169156:flaregun (3); level3:4732:raw_length_prefixed@912704:flaregun; +4 more; v1.1.3 locations=level2:7303:raw_length_prefixed@1147780:flaregun; level2:7361:raw_length_prefixed@1152500:flaregun (1); level2:7434:raw_length_prefixed@1158500:flaregun (2); level2:7591:raw_length_prefixed@1174388:flaregun (3); level3:4767:raw_length_prefixed@918064:flaregun; +4 more. Use source text plus neighbouring object context, not path_id/list index.
v1.1.3	level2	GameObject	735	bait (2)	m_Name	bait (2)	bait (2)	item	suspicious-mapping				Same English item text exists in both versions but serialized locations differ. v1.1.2 locations=level2:735:m_Name:bait (2); level2:871:m_Name:bait (2); level3:670:m_Name:bait (2); level4:1244:m_Name:bait (2); v1.1.3 locations=level2:735:m_Name:bait (2); level2:871:m_Name:bait (2); level3:670:m_Name:bait (2); level4:1408:m_Name:bait (2). Use source text plus neighbouring object context, not path_id/list index.
v1.1.3	level2	MonoBehaviour	7414	hookgun	raw_length_prefixed@1156916	Harpoon Gun	harpoon gun	item	suspicious-mapping	Гарпун			Same English item text exists in both versions but serialized locations differ. v1.1.2 locations=level2:7379:raw_length_prefixed@1151684:hookgun; level2:7411:raw_length_prefixed@1154132:hookgun (1); level2:7512:raw_length_prefixed@1162388:hookgun (2); level3:4794:raw_length_prefixed@922368:hookgun; level3::raw_ascii@922368:; +3 more; v1.1.3 locations=level2:7414:raw_length_prefixed@1156916:hookgun; level2:7446:raw_length_prefixed@1159364:hookgun (1); level2:7547:raw_length_prefixed@1167620:hookgun (2); level3:4829:raw_length_prefixed@927808:hookgun; level3::raw_ascii@927808:; +3 more. Use source text plus neighbouring object context, not path_id/list index.
v1.1.3	level2	MonoBehaviour	7425	net (1)	raw_length_prefixed@1157828	Fishing Net	fishing net	item	suspicious-mapping				Same English item text exists in both versions but serialized locations differ. v1.1.2 locations=level2:7390:raw_length_prefixed@1152596:net (1); level2:7442:raw_length_prefixed@1156868:net (2); level2:7485:raw_length_prefixed@1160308:net; level2:7532:raw_length_prefixed@1164644:net (3); v1.1.3 locations=level2:7425:raw_length_prefixed@1157828:net (1); level2:7477:raw_length_prefixed@1162100:net (2); level2:7520:raw_length_prefixed@1165540:net; level2:7567:raw_length_prefixed@1169876:net (3). Use source text plus neighbouring object context, not path_id/list index.
v1.1.3	level3	GameObject	312	fish	m_Name	fish	fish	item	suspicious-mapping				Same English item text exists in both versions but serialized locations differ. v1.1.2 locations=level3:312:m_Name:fish; level3:4429:raw_length_prefixed@867936:LootBoxChest; level3::raw_ascii@867936:; sharedassets1.assets::raw_ascii@9498280:; sharedassets3.assets:80:m_Name:fish; +1 more; v1.1.3 locations=level3:312:m_Name:fish; level3:4464:raw_length_prefixed@873296:LootBoxChest; level3::raw_ascii@873296:; sharedassets1.assets::raw_ascii@6973072:; sharedassets3.assets:88:m_Name:fish; +1 more. Use source text plus neighbouring object context, not path_id/list index.
v1.1.3	level3	MonoBehaviour	4343	bait_consumed	raw_length_prefixed@815036	Bait Consumed	bait consumed	item	suspicious-mapping	Наживка израсходована			Same English item text exists in both versions but serialized locations differ. v1.1.2 locations=level3:4311:raw_length_prefixed@811324:bait_consumed; level3::raw_ascii@811324:; translations/source_queue.tsv:::; patches/xunity_autotranslator/BepInEx/Translation/ru/Text/_AutoGeneratedTranslations.txt:::; v1.1.3 locations=level3:4343:raw_length_prefixed@815036:bait_consumed; level3::raw_ascii@815036:; translations/source_queue.tsv:::; patches/xunity_autotranslator/BepInEx/Translation/ru/Text/_AutoGeneratedTranslations.txt:::. Use source text plus neighbouring object context, not path_id/list index.
v1.1.3	level3	MonoBehaviour	4346	ItemText	raw_length_prefixed@816620	You spent a short time underwater.	you spent a short time underwater.	item	suspicious-mapping	Вы недолго пробыли под водой.			Same English item text exists in both versions but serialized locations differ. v1.1.2 locations=level3:4314:raw_length_prefixed@812908:ItemText; v1.1.3 locations=level3:4346:raw_length_prefixed@816620:ItemText. Use source text plus neighbouring object context, not path_id/list index.
v1.1.3	level3	MonoBehaviour	4463	LootBoxChest	raw_length_prefixed@872192	Open Chest	open chest	item	suspicious-mapping	Открыть сундук			Same English item text exists in both versions but serialized locations differ. v1.1.2 locations=level3:4428:raw_length_prefixed@866832:LootBoxChest; level3::raw_ascii@866832:; translations/source_queue.tsv:::; patches/xunity_autotranslator/BepInEx/Translation/ru/Text/_AutoGeneratedTranslations.txt:::; v1.1.3 locations=level3:4463:raw_length_prefixed@872192:LootBoxChest; level3::raw_ascii@872192:; translations/source_queue.tsv:::; patches/xunity_autotranslator/BepInEx/Translation/ru/Text/_AutoGeneratedTranslations.txt:::. Use source text plus neighbouring object context, not path_id/list index.
v1.1.3	level3	MonoBehaviour	4472	barrelToClick_2	raw_length_prefixed@874352	Drifting Barrel	drifting barrel	item	suspicious-mapping	Дрейфующая бочка			Same English item text exists in both versions but serialized locations differ. v1.1.2 locations=level3:4437:raw_length_prefixed@868992:barrelToClick_2; level3:4961:raw_length_prefixed@964640:barrelToClick; level3::raw_ascii@868992:; level3::raw_ascii@964640:; translations/source_queue.tsv:::; +1 more; v1.1.3 locations=level3:4472:raw_length_prefixed@874352:barrelToClick_2; level3:5006:raw_length_prefixed@972080:barrelToClick; level3::raw_ascii@874352:; level3::raw_ascii@972080:; translations/source_queue.tsv:::; +1 more. Use source text plus neighbouring object context, not path_id/list index.
v1.1.3	level3	MonoBehaviour	4527	net	raw_length_prefixed@882464	Fishnet	fishnet	item	suspicious-mapping	Сеть			Same English item text exists in both versions but serialized locations differ. v1.1.2 locations=level3:4492:raw_length_prefixed@877104:net; level3::raw_ascii@877104:; level4:9852:raw_length_prefixed@2094496:net; translations/source_queue.tsv:::; translations/ru.tsv:::; +1 more; v1.1.3 locations=level3:4527:raw_length_prefixed@882464:net; level3::raw_ascii@882464:; level4:10607:raw_length_prefixed@2200064:net; translations/source_queue.tsv:::; translations/ru.tsv:::; +1 more. Use source text plus neighbouring object context, not path_id/list index.
v1.1.3	level3	MonoBehaviour	4565	energy_bar	raw_length_prefixed@887312	Energy Bar	energy bar	item	suspicious-mapping	Энергетический батончик			Same English item text exists in both versions but serialized locations differ. v1.1.2 locations=level3:4530:raw_length_prefixed@881952:energy_bar; level3:4729:raw_length_prefixed@909776:Task_Fishing; level3::raw_ascii@881952:; level3::raw_ascii@909776:; level4:10015:raw_length_prefixed@2114448:energy_bar; +2 more; v1.1.3 locations=level3:4565:raw_length_prefixed@887312:energy_bar; level3:4764:raw_length_prefixed@915136:Task_Fishing; level3::raw_ascii@887312:; level3::raw_ascii@915136:; level4:10774:raw_length_prefixed@2220928:energy_bar; +2 more. Use source text plus neighbouring object context, not path_id/list index.
v1.1.3	level3	MonoBehaviour	4599	map (broken)	raw_length_prefixed@891200	Torn Map	torn map	item	suspicious-mapping	Порванная карта			Same English item text exists in both versions but serialized locations differ. v1.1.2 locations=level3:4564:raw_length_prefixed@885840:map (broken); level3::raw_ascii@885840:; level4:9940:raw_length_prefixed@2104640:map (broken); translations/source_queue.tsv:::; patches/xunity_autotranslator/BepInEx/Translation/ru/Text/_AutoGeneratedTranslations.txt:::; v1.1.3 locations=level3:4599:raw_length_prefixed@891200:map (broken); level3::raw_ascii@891200:; level4:10698:raw_length_prefixed@2210960:map (broken); translations/source_queue.tsv:::; patches/xunity_autotranslator/BepInEx/Translation/ru/Text/_AutoGeneratedTranslations.txt:::. Use source text plus neighbouring object context, not path_id/list index.
v1.1.3	level3	MonoBehaviour	4605	doTask_fishing	raw_length_prefixed@891956	Needs Bait	needs bait	item	suspicious-mapping	Нужна наживка	Try Fishing		Same English item text exists in both versions but serialized locations differ. v1.1.2 locations=level3:4570:raw_length_prefixed@886596:doTask_fishing; level3::raw_ascii@886596:; translations/source_queue.tsv:::; patches/xunity_autotranslator/BepInEx/Translation/ru/Text/_AutoGeneratedTranslations.txt:::; v1.1.3 locations=level3:4605:raw_length_prefixed@891956:doTask_fishing; level3::raw_ascii@891956:; translations/source_queue.tsv:::; patches/xunity_autotranslator/BepInEx/Translation/ru/Text/_AutoGeneratedTranslations.txt:::. Use source text plus neighbouring object context, not path_id/list index.
v1.1.3	level3	MonoBehaviour	4605	doTask_fishing	raw_length_prefixed@891920	Try Fishing	try fishing	item	suspicious-mapping	Попробовать рыбачить		Needs Bait	Same English item text exists in both versions but serialized locations differ. v1.1.2 locations=level3:4570:raw_length_prefixed@886560:doTask_fishing; level3::raw_ascii@886560:; translations/source_queue.tsv:::; translations/ru.tsv:::; patches/xunity_autotranslator/BepInEx/Translation/ru/Text/_AutoGeneratedTranslations.txt:::; v1.1.3 locations=level3:4605:raw_length_prefixed@891920:doTask_fishing; level3::raw_ascii@891920:; translations/source_queue.tsv:::; translations/ru.tsv:::; patches/xunity_autotranslator/BepInEx/Translation/ru/Text/_AutoGeneratedTranslations.txt:::. Use source text plus neighbouring object context, not path_id/list index.
v1.1.3	level3	MonoBehaviour	4764	Task_Fishing	raw_length_prefixed@916060	Barely working.	barely working.	item	suspicious-mapping	Едва работает.	Details are smudged. | It's somewhat faded. | Still has a card.	Red Snapper | Clownfish | Swordfish	Same English item text exists in both versions but serialized locations differ. v1.1.2 locations=level3:4729:raw_length_prefixed@910700:Task_Fishing; level3::raw_ascii@910700:; translations/source_queue.tsv:::; patches/xunity_autotranslator/BepInEx/Translation/ru/Text/_AutoGeneratedTranslations.txt:::; v1.1.3 locations=level3:4764:raw_length_prefixed@916060:Task_Fishing; level3::raw_ascii@916060:; translations/source_queue.tsv:::; patches/xunity_autotranslator/BepInEx/Translation/ru/Text/_AutoGeneratedTranslations.txt:::. Use source text plus neighbouring object context, not path_id/list index.
v1.1.3	level3	MonoBehaviour	4764	Task_Fishing	raw_length_prefixed@914532	Can of Worms	can of worms	item	suspicious-mapping	Банка червей	Worthless junk... | Fishlet | Way too small...	Useful for fishing! | Wet Duct Tape | Seems useable!	Same English item text exists in both versions but serialized locations differ. v1.1.2 locations=level3:4729:raw_length_prefixed@909172:Task_Fishing; v1.1.3 locations=level3:4764:raw_length_prefixed@914532:Task_Fishing. Use source text plus neighbouring object context, not path_id/list index.
v1.1.3	level3	MonoBehaviour	4764	Task_Fishing	raw_length_prefixed@916760	Clownfish	clownfish	item	suspicious-mapping	Рыба-клоун	Still has a card. | Barely working. | Red Snapper	Swordfish	Same English item text exists in both versions but serialized locations differ. v1.1.2 locations=level3:4729:raw_length_prefixed@911400:Task_Fishing; level3::raw_ascii@911400:; translations/source_queue.tsv:::; patches/xunity_autotranslator/BepInEx/Translation/ru/Text/_AutoGeneratedTranslations.txt:::; v1.1.3 locations=level3:4764:raw_length_prefixed@916760:Task_Fishing; level3::raw_ascii@916760:; translations/source_queue.tsv:::; patches/xunity_autotranslator/BepInEx/Translation/ru/Text/_AutoGeneratedTranslations.txt:::. Use source text plus neighbouring object context, not path_id/list index.
v1.1.3	level3	MonoBehaviour	4764	Task_Fishing	raw_length_prefixed@915576	Details are smudged.	details are smudged.	item	suspicious-mapping	Детали размазаны.	Energy Bar | Looks tasty! | Soaked but readable.	It's somewhat faded. | Still has a card. | Barely working.	Same English item text exists in both versions but serialized locations differ. v1.1.2 locations=level3:4729:raw_length_prefixed@910216:Task_Fishing; v1.1.3 locations=level3:4764:raw_length_prefixed@915576:Task_Fishing. Use source text plus neighbouring object context, not path_id/list index.
v1.1.3	level3	MonoBehaviour	4764	Task_Fishing	raw_length_prefixed@914400	Fishlet	fishlet	item	suspicious-mapping	Рыбешка	Worthless junk... | Plastic Bottle | Worthless junk...	Way too small... | Can of Worms | Useful for fishing!	Same English item text exists in both versions but serialized locations differ. v1.1.2 locations=level3:4729:raw_length_prefixed@909040:Task_Fishing; level3::raw_ascii@909040:; translations/source_queue.tsv:::; patches/xunity_autotranslator/BepInEx/Translation/ru/Text/_AutoGeneratedTranslations.txt:::; v1.1.3 locations=level3:4764:raw_length_prefixed@914400:Task_Fishing; level3::raw_ascii@914400:; translations/source_queue.tsv:::; patches/xunity_autotranslator/BepInEx/Translation/ru/Text/_AutoGeneratedTranslations.txt:::. Use source text plus neighbouring object context, not path_id/list index.
v1.1.3	level3	MonoBehaviour	4764	Task_Fishing	raw_length_prefixed@915736	It's somewhat faded.	it's somewhat faded.	item	suspicious-mapping	Немного выцвело.	Looks tasty! | Soaked but readable. | Details are smudged.	Still has a card. | Barely working. | Red Snapper	Same English item text exists in both versions but serialized locations differ. v1.1.2 locations=level3:4729:raw_length_prefixed@910376:Task_Fishing; v1.1.3 locations=level3:4764:raw_length_prefixed@915736:Task_Fishing. Use source text plus neighbouring object context, not path_id/list index.
v1.1.3	level3	MonoBehaviour	4764	Task_Fishing	raw_length_prefixed@914836	Looks reparable!	looks reparable!	item	suspicious-mapping	Похоже, можно починить!	Wet Duct Tape | Seems useable! | Broken Compass	Torn Fishing Net | Looks reparable! | Energy Bar	Same English item text exists in both versions but serialized locations differ. v1.1.2 locations=level3:4729:raw_length_prefixed@909476:Task_Fishing; level3:4729:raw_length_prefixed@909640:Task_Fishing; v1.1.3 locations=level3:4764:raw_length_prefixed@914836:Task_Fishing; level3:4764:raw_length_prefixed@915000:Task_Fishing. Use source text plus neighbouring object context, not path_id/list index.
v1.1.3	level3	MonoBehaviour	4764	Task_Fishing	raw_length_prefixed@915160	Looks tasty!	looks tasty!	item	suspicious-mapping	Выглядит вкусно!	Torn Fishing Net | Looks reparable! | Energy Bar	Soaked but readable. | Details are smudged. | It's somewhat faded.	Same English item text exists in both versions but serialized locations differ. v1.1.2 locations=level3:4729:raw_length_prefixed@909800:Task_Fishing; v1.1.3 locations=level3:4764:raw_length_prefixed@915160:Task_Fishing. Use source text plus neighbouring object context, not path_id/list index.
v1.1.3	level3	MonoBehaviour	4764	Task_Fishing	raw_length_prefixed@914256	Plastic Bottle	plastic bottle	item	suspicious-mapping	Бутылка	Worthless junk... | Worthless junk...	Worthless junk... | Fishlet | Way too small...	Same English item text exists in both versions but serialized locations differ. v1.1.2 locations=level3:4729:raw_length_prefixed@908896:Task_Fishing; v1.1.3 locations=level3:4764:raw_length_prefixed@914256:Task_Fishing. Use source text plus neighbouring object context, not path_id/list index.
v1.1.3	level3	MonoBehaviour	4764	Task_Fishing	raw_length_prefixed@916524	Red Snapper	red snapper	item	suspicious-mapping	Луциан	It's somewhat faded. | Still has a card. | Barely working.	Clownfish | Swordfish	Same English item text exists in both versions but serialized locations differ. v1.1.2 locations=level3:4729:raw_length_prefixed@911164:Task_Fishing; v1.1.3 locations=level3:4764:raw_length_prefixed@916524:Task_Fishing. Use source text plus neighbouring object context, not path_id/list index.
v1.1.3	level3	MonoBehaviour	4764	Task_Fishing	raw_length_prefixed@914700	Seems useable!	seems useable!	item	suspicious-mapping	Похоже, можно использовать!	Can of Worms | Useful for fishing! | Wet Duct Tape	Broken Compass | Looks reparable! | Torn Fishing Net	Same English item text exists in both versions but serialized locations differ. v1.1.2 locations=level3:4729:raw_length_prefixed@909340:Task_Fishing; v1.1.3 locations=level3:4764:raw_length_prefixed@914700:Task_Fishing. Use source text plus neighbouring object context, not path_id/list index.
v1.1.3	level3	MonoBehaviour	4764	Task_Fishing	raw_length_prefixed@915412	Soaked but readable.	soaked but readable.	item	suspicious-mapping	Промокло, но читается.	Looks reparable! | Energy Bar | Looks tasty!	Details are smudged. | It's somewhat faded. | Still has a card.	Same English item text exists in both versions but serialized locations differ. v1.1.2 locations=level3:4729:raw_length_prefixed@910052:Task_Fishing; v1.1.3 locations=level3:4764:raw_length_prefixed@915412:Task_Fishing. Use source text plus neighbouring object context, not path_id/list index.
v1.1.3	level3	MonoBehaviour	4764	Task_Fishing	raw_length_prefixed@915896	Still has a card.	still has a card.	item	suspicious-mapping	Внутри еще есть карточка.	Soaked but readable. | Details are smudged. | It's somewhat faded.	Barely working. | Red Snapper | Clownfish	Same English item text exists in both versions but serialized locations differ. v1.1.2 locations=level3:4729:raw_length_prefixed@910536:Task_Fishing; v1.1.3 locations=level3:4764:raw_length_prefixed@915896:Task_Fishing. Use source text plus neighbouring object context, not path_id/list index.
v1.1.3	level3	MonoBehaviour	4764	Task_Fishing	raw_length_prefixed@916880	Swordfish	swordfish	item	suspicious-mapping	Рыба-меч	Barely working. | Red Snapper | Clownfish		Same English item text exists in both versions but serialized locations differ. v1.1.2 locations=level3:4729:raw_length_prefixed@911520:Task_Fishing; level3::raw_ascii@911520:; translations/source_queue.tsv:::; patches/xunity_autotranslator/BepInEx/Translation/ru/Text/_AutoGeneratedTranslations.txt:::; v1.1.3 locations=level3:4764:raw_length_prefixed@916880:Task_Fishing; level3::raw_ascii@916880:; translations/source_queue.tsv:::; patches/xunity_autotranslator/BepInEx/Translation/ru/Text/_AutoGeneratedTranslations.txt:::. Use source text plus neighbouring object context, not path_id/list index.
v1.1.3	level3	MonoBehaviour	4764	Task_Fishing	raw_length_prefixed@914972	Torn Fishing Net	torn fishing net	item	suspicious-mapping	Рваная рыболовная сеть	Seems useable! | Broken Compass | Looks reparable!	Looks reparable! | Energy Bar | Looks tasty!	Same English item text exists in both versions but serialized locations differ. v1.1.2 locations=level3:4729:raw_length_prefixed@909612:Task_Fishing; level3::raw_ascii@909612:; translations/source_queue.tsv:::; translations/ru.tsv:::; patches/xunity_autotranslator/BepInEx/Translation/ru/Text/_AutoGeneratedTranslations.txt:::; v1.1.3 locations=level3:4764:raw_length_prefixed@914972:Task_Fishing; level3::raw_ascii@914972:; translations/source_queue.tsv:::; translations/ru.tsv:::; patches/xunity_autotranslator/BepInEx/Translation/ru/Text/_AutoGeneratedTranslations.txt:::. Use source text plus neighbouring object context, not path_id/list index.
v1.1.3	level3	MonoBehaviour	4764	Task_Fishing	raw_length_prefixed@914556	Useful for fishing!	useful for fishing!	item	suspicious-mapping	Для рыбалки.	Fishlet | Way too small... | Can of Worms	Wet Duct Tape | Seems useable! | Broken Compass	Same English item text exists in both versions but serialized locations differ. v1.1.2 locations=level3:4729:raw_length_prefixed@909196:Task_Fishing; level3::raw_ascii@909196:; translations/source_queue.tsv:::; translations/ru.tsv:::; patches/xunity_autotranslator/BepInEx/Translation/ru/Text/_AutoGeneratedTranslations.txt:::; v1.1.3 locations=level3:4764:raw_length_prefixed@914556:Task_Fishing; level3::raw_ascii@914556:; translations/source_queue.tsv:::; translations/ru.tsv:::; patches/xunity_autotranslator/BepInEx/Translation/ru/Text/_AutoGeneratedTranslations.txt:::. Use source text plus neighbouring object context, not path_id/list index.
v1.1.3	level3	MonoBehaviour	4764	Task_Fishing	raw_length_prefixed@914420	Way too small...	way too small...	item	suspicious-mapping	Слишком мелко...	Plastic Bottle | Worthless junk... | Fishlet	Can of Worms | Useful for fishing! | Wet Duct Tape	Same English item text exists in both versions but serialized locations differ. v1.1.2 locations=level3:4729:raw_length_prefixed@909060:Task_Fishing; v1.1.3 locations=level3:4764:raw_length_prefixed@914420:Task_Fishing. Use source text plus neighbouring object context, not path_id/list index.
v1.1.3	level3	MonoBehaviour	4764	Task_Fishing	raw_length_prefixed@914672	Wet Duct Tape	wet duct tape	item	suspicious-mapping	Мокрый скотч	Way too small... | Can of Worms | Useful for fishing!	Seems useable! | Broken Compass | Looks reparable!	Same English item text exists in both versions but serialized locations differ. v1.1.2 locations=level3:4729:raw_length_prefixed@909312:Task_Fishing; level3::raw_ascii@909312:; translations/source_queue.tsv:::; patches/xunity_autotranslator/BepInEx/Translation/ru/Text/_AutoGeneratedTranslations.txt:::; v1.1.3 locations=level3:4764:raw_length_prefixed@914672:Task_Fishing; level3::raw_ascii@914672:; translations/source_queue.tsv:::; patches/xunity_autotranslator/BepInEx/Translation/ru/Text/_AutoGeneratedTranslations.txt:::. Use source text plus neighbouring object context, not path_id/list index.
v1.1.3	level3	MonoBehaviour	4764	Task_Fishing	raw_length_prefixed@914016	Worthless junk...	worthless junk...	item	suspicious-mapping	Бесполезный мусор...		Worthless junk... | Plastic Bottle | Worthless junk...	Same English item text exists in both versions but serialized locations differ. v1.1.2 locations=level3:4729:raw_length_prefixed@908656:Task_Fishing; level3:4729:raw_length_prefixed@908784:Task_Fishing; level3:4729:raw_length_prefixed@908924:Task_Fishing; v1.1.3 locations=level3:4764:raw_length_prefixed@914016:Task_Fishing; level3:4764:raw_length_prefixed@914144:Task_Fishing; level3:4764:raw_length_prefixed@914284:Task_Fishing. Use source text plus neighbouring object context, not path_id/list index.
v1.1.3	level3	MonoBehaviour	4827	net (broken)	raw_length_prefixed@927648	Torn Fishnet	torn fishnet	item	suspicious-mapping	Рваная сеть			Same English item text exists in both versions but serialized locations differ. v1.1.2 locations=level3:4792:raw_length_prefixed@922208:net (broken); level3::raw_ascii@922208:; level4:9848:raw_length_prefixed@2094176:net (broken); translations/source_queue.tsv:::; translations/ru.tsv:::; +1 more; v1.1.3 locations=level3:4827:raw_length_prefixed@927648:net (broken); level3::raw_ascii@927648:; level4:10603:raw_length_prefixed@2199744:net (broken); translations/source_queue.tsv:::; translations/ru.tsv:::; +1 more. Use source text plus neighbouring object context, not path_id/list index.
v1.1.3	level3	GameObject	697	energyicon (2)	m_Name	energyicon (2)	energyicon (2)	item	suspicious-mapping				Same English item text exists in both versions but serialized locations differ. v1.1.2 locations=level3:697:m_Name:energyicon (2); level3:810:m_Name:energyicon (2); level3::raw_ascii@168496:; level3::raw_ascii@175632:; v1.1.3 locations=level3:697:m_Name:energyicon (2); level3:810:m_Name:energyicon (2); level3::raw_ascii@169680:; level3::raw_ascii@176816:. Use source text plus neighbouring object context, not path_id/list index.
v1.1.3	level3	GameObject	70	energyicon (1)	m_Name	energyicon (1)	energyicon (1)	item	suspicious-mapping				Same English item text exists in both versions but serialized locations differ. v1.1.2 locations=level3:70:m_Name:energyicon (1); level3:536:m_Name:energyicon (1); level3::raw_ascii@127920:; level3::raw_ascii@158064:; v1.1.3 locations=level3:70:m_Name:energyicon (1); level3:536:m_Name:energyicon (1); level3::raw_ascii@129104:; level3::raw_ascii@159248:. Use source text plus neighbouring object context, not path_id/list index.
v1.1.3	level3	GameObject	758	Energy	m_Name	Energy	energy	item	suspicious-mapping				Same English item text exists in both versions but serialized locations differ. v1.1.2 locations=level3:758:m_Name:Energy; level3::raw_ascii@172244:; v1.1.3 locations=level3:758:m_Name:Energy; level3::raw_ascii@173428:. Use source text plus neighbouring object context, not path_id/list index.
v1.1.3	level4	MonoBehaviour	10442	food_fish (1)	raw_length_prefixed@2178720	Fish Can	fish can	item	suspicious-mapping	Банка рыбы			Same English item text exists in both versions but serialized locations differ. v1.1.2 locations=level4:9693:raw_length_prefixed@2074656:food_fish (1); level4:9780:raw_length_prefixed@2084912:food_fish (2); level4:9832:raw_length_prefixed@2091984:food_fish (4); level4:9908:raw_length_prefixed@2100832:food_fish (3); level4:9911:raw_length_prefixed@2101152:food_fish; +6 more; v1.1.3 locations=level4:10442:raw_length_prefixed@2178720:food_fish (1); level4:10533:raw_length_prefixed@2189872:food_fish (2); level4:10587:raw_length_prefixed@2197552:food_fish (4); level4:10664:raw_length_prefixed@2206544:food_fish (3); level4:10667:raw_length_prefixed@2206864:food_fish; +6 more. Use source text plus neighbouring object context, not path_id/list index.
v1.1.3	level4	GameObject	1581	fishpivot (2)	m_Name	fishpivot (2)	fishpivot (2)	item	suspicious-mapping				Same English item text exists in both versions but serialized locations differ. v1.1.2 locations=level4:1396:m_Name:fishpivot (2); level4:2434:m_Name:fishpivot (2); level4::raw_ascii@344984:; level4::raw_ascii@413368:; v1.1.3 locations=level4:1581:m_Name:fishpivot (2); level4:2754:m_Name:fishpivot (2); level4::raw_ascii@374136:. Use source text plus neighbouring object context, not path_id/list index.
v1.1.3	level4	GameObject	1709	MonsterFishModel (7)	m_Name	MonsterFishModel (7)	monsterfishmodel (7)	item	suspicious-mapping				Same English item text exists in both versions but serialized locations differ. v1.1.2 locations=level4:1508:m_Name:MonsterFishModel (7); level4::raw_ascii@352376:; v1.1.3 locations=level4:1709:m_Name:MonsterFishModel (7); level4::raw_ascii@382488:. Use source text plus neighbouring object context, not path_id/list index.
v1.1.3	level4	GameObject	1797	fishie (5)	m_Name	fishie (5)	fishie (5)	item	suspicious-mapping				Same English item text exists in both versions but serialized locations differ. v1.1.2 locations=level4:1584:m_Name:fishie (5); level4::raw_ascii@357164:; v1.1.3 locations=level4:1797:m_Name:fishie (5); level4::raw_ascii@387948:. Use source text plus neighbouring object context, not path_id/list index.
v1.1.3	level4	GameObject	1813	fishie (7)	m_Name	fishie (7)	fishie (7)	item	suspicious-mapping				Same English item text exists in both versions but serialized locations differ. v1.1.2 locations=level4:1599:m_Name:fishie (7); level4::raw_ascii@358140:; v1.1.3 locations=level4:1813:m_Name:fishie (7); level4::raw_ascii@388972:. Use source text plus neighbouring object context, not path_id/list index.
v1.1.3	level4	GameObject	1987	fishie (1)	m_Name	fishie (1)	fishie (1)	item	suspicious-mapping				Same English item text exists in both versions but serialized locations differ. v1.1.2 locations=level4:1753:m_Name:fishie (1); level4::raw_ascii@368428:; v1.1.3 locations=level4:1987:m_Name:fishie (1); level4::raw_ascii@400380:. Use source text plus neighbouring object context, not path_id/list index.
v1.1.3	level4	GameObject	2050	fishpivot (1)	m_Name	fishpivot (1)	fishpivot (1)	item	suspicious-mapping				Same English item text exists in both versions but serialized locations differ. v1.1.2 locations=level4:1809:m_Name:fishpivot (1); level4:2297:m_Name:fishpivot (1); level4::raw_ascii@372104:; level4::raw_ascii@404280:; v1.1.3 locations=level4:2050:m_Name:fishpivot (1); level4:2601:m_Name:fishpivot (1); level4::raw_ascii@404456:; level4::raw_ascii@440424:. Use source text plus neighbouring object context, not path_id/list index.
v1.1.3	level4	GameObject	2071	fishie (3)	m_Name	fishie (3)	fishie (3)	item	suspicious-mapping				Same English item text exists in both versions but serialized locations differ. v1.1.2 locations=level4:1824:m_Name:fishie (3); level4::raw_ascii@373084:; v1.1.3 locations=level4:2071:m_Name:fishie (3); level4::raw_ascii@405772:. Use source text plus neighbouring object context, not path_id/list index.
v1.1.3	level4	GameObject	2130	MonsterFishModel (3)	m_Name	MonsterFishModel (3)	monsterfishmodel (3)	item	suspicious-mapping				Same English item text exists in both versions but serialized locations differ. v1.1.2 locations=level4:1876:m_Name:MonsterFishModel (3); level4::raw_ascii@376440:; v1.1.3 locations=level4:2130:m_Name:MonsterFishModel (3); level4::raw_ascii@409560:. Use source text plus neighbouring object context, not path_id/list index.
v1.1.3	level4	GameObject	2664	fishie (4)	m_Name	fishie (4)	fishie (4)	item	suspicious-mapping				Same English item text exists in both versions but serialized locations differ. v1.1.2 locations=level4:2353:m_Name:fishie (4); level4::raw_ascii@408044:; v1.1.3 locations=level4:2664:m_Name:fishie (4). Use source text plus neighbouring object context, not path_id/list index.
v1.1.3	level4	GameObject	443	fishie (2)	m_Name	fishie (2)	fishie (2)	item	suspicious-mapping				Same English item text exists in both versions but serialized locations differ. v1.1.2 locations=level4:391:m_Name:fishie (2); level4::raw_ascii@278860:; v1.1.3 locations=level4:443:m_Name:fishie (2); level4::raw_ascii@300284:. Use source text plus neighbouring object context, not path_id/list index.
v1.1.3	level4	GameObject	481	MonsterFishModel (5)	m_Name	MonsterFishModel (5)	monsterfishmodel (5)	item	suspicious-mapping				Same English item text exists in both versions but serialized locations differ. v1.1.2 locations=level4:424:m_Name:MonsterFishModel (5); level4::raw_ascii@281064:; v1.1.3 locations=level4:481:m_Name:MonsterFishModel (5); level4::raw_ascii@302792:. Use source text plus neighbouring object context, not path_id/list index.
v1.1.3	level4	GameObject	539	MonsterFishModel (2)	m_Name	MonsterFishModel (2)	monsterfishmodel (2)	item	suspicious-mapping				Same English item text exists in both versions but serialized locations differ. v1.1.2 locations=level4:474:m_Name:MonsterFishModel (2); level4::raw_ascii@284360:; v1.1.3 locations=level4:539:m_Name:MonsterFishModel (2); level4::raw_ascii@306552:. Use source text plus neighbouring object context, not path_id/list index.
v1.1.3	level4	GameObject	619	fishie (6)	m_Name	fishie (6)	fishie (6)	item	suspicious-mapping				Same English item text exists in both versions but serialized locations differ. v1.1.2 locations=level4:545:m_Name:fishie (6); level4::raw_ascii@288924:; v1.1.3 locations=level4:619:m_Name:fishie (6); level4::raw_ascii@311612:. Use source text plus neighbouring object context, not path_id/list index.
v1.1.3	level4	GameObject	66	MonsterFishModel (4)	m_Name	MonsterFishModel (4)	monsterfishmodel (4)	item	suspicious-mapping				Same English item text exists in both versions but serialized locations differ. v1.1.2 locations=level4:56:m_Name:MonsterFishModel (4); level4::raw_ascii@256776:; v1.1.3 locations=level4:66:m_Name:MonsterFishModel (4); level4::raw_ascii@275832:. Use source text plus neighbouring object context, not path_id/list index.
v1.1.3	level4	GameObject	702	MonsterFishModel (8)	m_Name	MonsterFishModel (8)	monsterfishmodel (8)	item	suspicious-mapping				Same English item text exists in both versions but serialized locations differ. v1.1.2 locations=level4:618:m_Name:MonsterFishModel (8); level4::raw_ascii@293688:; v1.1.3 locations=level4:702:m_Name:MonsterFishModel (8); level4::raw_ascii@316904:. Use source text plus neighbouring object context, not path_id/list index.
v1.1.3	level4	GameObject	746	fishpivot (3)	m_Name	fishpivot (3)	fishpivot (3)	item	suspicious-mapping				Same English item text exists in both versions but serialized locations differ. v1.1.2 locations=level4:656:m_Name:fishpivot (3); level4::raw_ascii@296168:; v1.1.3 locations=level4:746:m_Name:fishpivot (3); level4::raw_ascii@319704:. Use source text plus neighbouring object context, not path_id/list index.
v1.1.3	level4	GameObject	830	MonsterFishModel (6)	m_Name	MonsterFishModel (6)	monsterfishmodel (6)	item	suspicious-mapping				Same English item text exists in both versions but serialized locations differ. v1.1.2 locations=level4:733:m_Name:MonsterFishModel (6); level4::raw_ascii@301032:; v1.1.3 locations=level4:830:m_Name:MonsterFishModel (6); level4::raw_ascii@325000:. Use source text plus neighbouring object context, not path_id/list index.
v1.1.3	level4	GameObject	894	MonsterFishModel (1)	m_Name	MonsterFishModel (1)	monsterfishmodel (1)	item	suspicious-mapping				Same English item text exists in both versions but serialized locations differ. v1.1.2 locations=level4:787:m_Name:MonsterFishModel (1); level4::raw_ascii@304728:; v1.1.3 locations=level4:894:m_Name:MonsterFishModel (1); level4::raw_ascii@329288:. Use source text plus neighbouring object context, not path_id/list index.
v1.1.3	level4	GameObject	991	MonsterFishModel (9)	m_Name	MonsterFishModel (9)	monsterfishmodel (9)	item	suspicious-mapping				Same English item text exists in both versions but serialized locations differ. v1.1.2 locations=level4:874:m_Name:MonsterFishModel (9); level4::raw_ascii@310488:; v1.1.3 locations=level4:991:m_Name:MonsterFishModel (9); level4::raw_ascii@335624:. Use source text plus neighbouring object context, not path_id/list index.
v1.1.3	level5	GameObject	45	fishpivot (5)	m_Name	fishpivot (5)	fishpivot (5)	item	suspicious-mapping				Same English item text exists in both versions but serialized locations differ. v1.1.2 locations=level5:45:m_Name:fishpivot (5); level5::raw_ascii@52616:; v1.1.3 locations=level5:45:m_Name:fishpivot (5); level5::raw_ascii@53672:. Use source text plus neighbouring object context, not path_id/list index.
v1.1.3	resources.assets	MonoBehaviour	2056	Item Label	raw_length_prefixed@16055396	Option A	option a	item	suspicious-mapping				Same English item text exists in both versions but serialized locations differ. v1.1.2 locations=resources.assets:2056:raw_length_prefixed@16053460:Item Label; v1.1.3 locations=resources.assets:2056:raw_length_prefixed@16055396:Item Label. Use source text plus neighbouring object context, not path_id/list index.
v1.1.3	resources.assets	MonoBehaviour	2373	Scrollbar Horizontal	raw_length_prefixed@16151280	OnScrollbarClicked	onscrollbarclicked	item	suspicious-mapping				Same English item text exists in both versions but serialized locations differ. v1.1.2 locations=resources.assets:2373:raw_length_prefixed@16149344:Scrollbar Horizontal; resources.assets:2544:raw_length_prefixed@16193424:Scrollbar Vertical; v1.1.3 locations=resources.assets:2373:raw_length_prefixed@16151280:Scrollbar Horizontal; resources.assets:2544:raw_length_prefixed@16195360:Scrollbar Vertical. Use source text plus neighbouring object context, not path_id/list index.
v1.1.3	sharedassets1.assets	MonoBehaviour	378	bait_from_food_01	raw_length_prefixed@7278276	Make bait?	make bait?	item	suspicious-mapping	Сделать наживку?	bait_from_food_01		Same English item text exists in both versions but serialized locations differ. v1.1.2 locations=sharedassets1.assets:371:raw_length_prefixed@9799500:bait_from_food_01; sharedassets1.assets::raw_ascii@9799500:; translations/source_queue.tsv:::; patches/xunity_autotranslator/BepInEx/Translation/ru/Text/_AutoGeneratedTranslations.txt:::; v1.1.3 locations=sharedassets1.assets:378:raw_length_prefixed@7278276:bait_from_food_01; sharedassets1.assets::raw_ascii@7278276:; translations/source_queue.tsv:::; patches/xunity_autotranslator/BepInEx/Translation/ru/Text/_AutoGeneratedTranslations.txt:::. Use source text plus neighbouring object context, not path_id/list index.
v1.1.3	sharedassets1.assets	MonoBehaviour	390	help_explore_scuba_01	raw_length_prefixed@7284436	Hand over diving gear?	hand over diving gear?	item	suspicious-mapping		help_explore_scuba_01		Same English item text exists in both versions but serialized locations differ. v1.1.2 locations=sharedassets1.assets:383:raw_length_prefixed@9805588:help_explore_scuba_01; v1.1.3 locations=sharedassets1.assets:390:raw_length_prefixed@7284436:help_explore_scuba_01. Use source text plus neighbouring object context, not path_id/list index.
v1.1.3	sharedassets1.assets	MonoBehaviour	396	help_exploremap_01	raw_length_prefixed@7287892	Hand over the map?	hand over the map?	item	suspicious-mapping	Отдать карту?	help_exploremap_01		Same English item text exists in both versions but serialized locations differ. v1.1.2 locations=sharedassets1.assets:389:raw_length_prefixed@9809028:help_exploremap_01; sharedassets1.assets::raw_ascii@9809028:; translations/source_queue.tsv:::; patches/xunity_autotranslator/BepInEx/Translation/ru/Text/_AutoGeneratedTranslations.txt:::; v1.1.3 locations=sharedassets1.assets:396:raw_length_prefixed@7287892:help_exploremap_01; sharedassets1.assets::raw_ascii@7287892:; translations/source_queue.tsv:::; patches/xunity_autotranslator/BepInEx/Translation/ru/Text/_AutoGeneratedTranslations.txt:::. Use source text plus neighbouring object context, not path_id/list index.
v1.1.3	sharedassets1.assets	MonoBehaviour	400	help_fishing_01	raw_length_prefixed@7289492	Give bait to fish?	give bait to fish?	item	suspicious-mapping	Дать рыбе наживку?	help_fishing_01		Same English item text exists in both versions but serialized locations differ. v1.1.2 locations=sharedassets1.assets:393:raw_length_prefixed@9810604:help_fishing_01; sharedassets1.assets::raw_ascii@9810604:; translations/source_queue.tsv:::; patches/xunity_autotranslator/BepInEx/Translation/ru/Text/_AutoGeneratedTranslations.txt:::; v1.1.3 locations=sharedassets1.assets:400:raw_length_prefixed@7289492:help_fishing_01; sharedassets1.assets::raw_ascii@7289492:; translations/source_queue.tsv:::; patches/xunity_autotranslator/BepInEx/Translation/ru/Text/_AutoGeneratedTranslations.txt:::. Use source text plus neighbouring object context, not path_id/list index.
v1.1.3	sharedassets1.assets	MonoBehaviour	409	help_fixing_01_hookgun	raw_length_prefixed@7293148	Try to fix?	try to fix?	item	suspicious-mapping	Попытаться починить?	help_fixing_01_hookgun		Same English item text exists in both versions but serialized locations differ. v1.1.2 locations=sharedassets1.assets:402:raw_length_prefixed@9814228:help_fixing_01_hookgun; sharedassets1.assets:405:raw_length_prefixed@9815488:help_fixing_01_net; sharedassets1.assets:407:raw_length_prefixed@9816340:help_fixing_01_scubaset; v1.1.3 locations=sharedassets1.assets:409:raw_length_prefixed@7293148:help_fixing_01_hookgun; sharedassets1.assets:412:raw_length_prefixed@7294424:help_fixing_01_net; sharedassets1.assets:414:raw_length_prefixed@7295276:help_fixing_01_scubaset. Use source text plus neighbouring object context, not path_id/list index.
v1.1.3	sharedassets1.assets	MonoBehaviour	418	help_found_net_01	raw_length_prefixed@7297020	Give fishnet?	give fishnet?	item	suspicious-mapping		help_found_net_01		Same English item text exists in both versions but serialized locations differ. v1.1.2 locations=sharedassets1.assets:411:raw_length_prefixed@9818068:help_found_net_01; sharedassets1.assets::raw_ascii@9818068:; v1.1.3 locations=sharedassets1.assets:418:raw_length_prefixed@7297020:help_found_net_01; sharedassets1.assets::raw_ascii@7297020:. Use source text plus neighbouring object context, not path_id/list index.
v1.1.3	sharedassets1.assets	MonoBehaviour	508	FishIntoBoat	raw_length_prefixed@7320688	Check the back?	check the back?	item	suspicious-mapping	Проверить оборот?	FishIntoBoat | FishIntoBoat | sleep		Same English item text exists in both versions but serialized locations differ. v1.1.2 locations=sharedassets1.assets:498:raw_length_prefixed@9841040:FishIntoBoat; v1.1.3 locations=sharedassets1.assets:508:raw_length_prefixed@7320688:FishIntoBoat. Use source text plus neighbouring object context, not path_id/list index.
v1.1.3	sharedassets1.assets	MonoBehaviour	508	FishIntoBoat	raw_length_prefixed@7320596	sleep	sleep	item	suspicious-mapping		FishIntoBoat | FishIntoBoat	Check the back?	Same English item text exists in both versions but serialized locations differ. v1.1.2 locations=sharedassets1.assets:498:raw_length_prefixed@9840948:FishIntoBoat; sharedassets1.assets:505:raw_length_prefixed@9846520:SleepingUnwell; sharedassets1.assets:509:raw_length_prefixed@9849164:FishSquad; sharedassets1.assets:512:raw_length_prefixed@9851320:MonsterFish; sharedassets1.assets:513:raw_length_prefixed@9852364:MysteryChest; +2 more; v1.1.3 locations=sharedassets1.assets:508:raw_length_prefixed@7320596:FishIntoBoat; sharedassets1.assets:515:raw_length_prefixed@7326240:SleepingUnwell; sharedassets1.assets:519:raw_length_prefixed@7328916:FishSquad; sharedassets1.assets:522:raw_length_prefixed@7331496:MonsterFish; sharedassets1.assets:523:raw_length_prefixed@7332548:MysteryChest; +2 more. Use source text plus neighbouring object context, not path_id/list index.
v1.1.3	sharedassets1.assets	MonoBehaviour	522	MonsterFish	raw_length_prefixed@7332224	Eaten alive.	eaten alive.	item	suspicious-mapping		MonsterFish | MonsterFish | sleep		Same English item text exists in both versions but serialized locations differ. v1.1.2 locations=sharedassets1.assets:512:raw_length_prefixed@9852044:MonsterFish; v1.1.3 locations=sharedassets1.assets:522:raw_length_prefixed@7332224:MonsterFish. Use source text plus neighbouring object context, not path_id/list index.
v1.1.3	sharedassets1.assets	MonoBehaviour	523	MysteryChest	raw_length_prefixed@7332720	Became chest loot.	became chest loot.	item	suspicious-mapping		MysteryChest | sleep | Pick up chest?		Same English item text exists in both versions but serialized locations differ. v1.1.2 locations=sharedassets1.assets:513:raw_length_prefixed@9852532:MysteryChest; sharedassets1.assets:520:raw_length_prefixed@9857832:ChestAttack; sharedassets1.assets::raw_ascii@9852532:; sharedassets1.assets::raw_ascii@9857832:; v1.1.3 locations=sharedassets1.assets:523:raw_length_prefixed@7332720:MysteryChest; sharedassets1.assets:530:raw_length_prefixed@7338092:ChestAttack; sharedassets1.assets::raw_ascii@7332720:; sharedassets1.assets::raw_ascii@7338092:. Use source text plus neighbouring object context, not path_id/list index.
v1.1.3	sharedassets1.assets	MonoBehaviour	523	MysteryChest	raw_length_prefixed@7332612	Pick up chest?	pick up chest?	item	suspicious-mapping	Поднять сундук?	MysteryChest | MysteryChest | sleep	Became chest loot.	Same English item text exists in both versions but serialized locations differ. v1.1.2 locations=sharedassets1.assets:513:raw_length_prefixed@9852428:MysteryChest; sharedassets1.assets::raw_ascii@9852428:; translations/source_queue.tsv:::; patches/xunity_autotranslator/BepInEx/Translation/ru/Text/_AutoGeneratedTranslations.txt:::; v1.1.3 locations=sharedassets1.assets:523:raw_length_prefixed@7332612:MysteryChest; sharedassets1.assets::raw_ascii@7332612:; translations/source_queue.tsv:::; patches/xunity_autotranslator/BepInEx/Translation/ru/Text/_AutoGeneratedTranslations.txt:::. Use source text plus neighbouring object context, not path_id/list index.
v1.1.3	sharedassets1.assets	MonoBehaviour	524	SmallMonsterFishes	raw_length_prefixed@7333608	Mauled to death.	mauled to death.	item	suspicious-mapping		SmallMonsterFishes | bait | sleep		Same English item text exists in both versions but serialized locations differ. v1.1.2 locations=sharedassets1.assets:514:raw_length_prefixed@9853404:SmallMonsterFishes; v1.1.3 locations=sharedassets1.assets:524:raw_length_prefixed@7333608:SmallMonsterFishes. Use source text plus neighbouring object context, not path_id/list index.
v1.1.3	level1	raw_bytes			raw_ascii@187996	If your night does get interrupted, use an item you brought to handle the situation. If you have no answer, you can try going back to sleep. Sometimes, that	if your night does get interrupted, use an item you brought to handle the situation. if you have no answer, you can try going back to sleep. sometimes, that	notification	needs-context		Use Custom Seed? | (Development build) | Keep empty for random seed...	s your only option. | Scenario Mode | Super Energy	Same English item text exists in both versions but serialized locations differ. v1.1.2 locations=level1::raw_ascii@183756:; v1.1.3 locations=level1::raw_ascii@187996:. Use source text plus neighbouring object context, not path_id/list index.
v1.1.3	level1	raw_bytes			raw_ascii@193452	Use the daytime to spend your energy on fishing, eating, doing small tasks, or chatting to your shipmate (if you brought one).	use the daytime to spend your energy on fishing, eating, doing small tasks, or chatting to your shipmate (if you brought one).	unknown	needs-context		s your only option. | Scenario Mode | Super Energy	When you run out of energy, end the day and try to sleep hoping nothing disrupts your r... | Step 1: Grab and Run! | +Slower Hunger	Same English item text exists in both versions but serialized locations differ. v1.1.2 locations=level1::raw_ascii@189212:; v1.1.3 locations=level1::raw_ascii@193452:. Use source text plus neighbouring object context, not path_id/list index.
v1.1.3	level1	raw_bytes			raw_ascii@193579	When you run out of energy, end the day and try to sleep hoping nothing disrupts your rest.	when you run out of energy, end the day and try to sleep hoping nothing disrupts your rest.	ui	needs-context		Scenario Mode | Super Energy | Use the daytime to spend your energy on fishing, eating, doing small tasks, or chatting...	Step 1: Grab and Run! | +Slower Hunger | +Health Regenerates	Same English item text exists in both versions but serialized locations differ. v1.1.2 locations=level1::raw_ascii@189339:; v1.1.3 locations=level1::raw_ascii@193579:. Use source text plus neighbouring object context, not path_id/list index.
v1.1.3	level1	raw_bytes			raw_ascii@334932	You lost an item to the sea.!	you lost an item to the sea.!	notification	needs-context		I1V | Dead by the Sea. | Your friend is sleeping with the fishes.	Something broke during the night. | You did not sleep very well. | You feel weak.	Same English item text exists in both versions but serialized locations differ. v1.1.2 locations=level1::raw_ascii@325988:; level3::raw_ascii@957656:; level5::raw_ascii@339636:; v1.1.3 locations=level1::raw_ascii@334932:; level3::raw_ascii@964544:; level5::raw_ascii@346340:. Use source text plus neighbouring object context, not path_id/list index.
v1.1.3	level1	MonoBehaviour	1517	Title	raw_length_prefixed@171228	Sleeping With The Fishes	sleeping with the fishes	ui	needs-context	Сон с рыбами			Same English item text exists in both versions but serialized locations differ. v1.1.2 locations=level1:1479:raw_length_prefixed@166988:Title; level1:1548:raw_length_prefixed@204652:Title; level1:1559:raw_length_prefixed@210508:Title; level1::raw_ascii@166988:; level1::raw_ascii@204652:; +5 more; v1.1.3 locations=level1:1517:raw_length_prefixed@171228:Title; level1:1586:raw_length_prefixed@208892:Title; level1:1597:raw_length_prefixed@214748:Title; level1::raw_ascii@171228:; level1::raw_ascii@208892:; +5 more. Use source text plus neighbouring object context, not path_id/list index.
v1.1.3	level1	MonoBehaviour	1518	subtitle	raw_length_prefixed@171772	Light Items	light items	unknown	needs-context	Легкие предметы			Same English item text exists in both versions but serialized locations differ. v1.1.2 locations=level1:1480:raw_length_prefixed@167532:subtitle; level1::raw_ascii@167532:; translations/source_queue.tsv:::; patches/xunity_autotranslator/BepInEx/Translation/ru/Text/_AutoGeneratedTranslations.txt:::; v1.1.3 locations=level1:1518:raw_length_prefixed@171772:subtitle; level1::raw_ascii@171772:; translations/source_queue.tsv:::; patches/xunity_autotranslator/BepInEx/Translation/ru/Text/_AutoGeneratedTranslations.txt:::. Use source text plus neighbouring object context, not path_id/list index.
v1.1.3	level1	MonoBehaviour	1528	subtitle	raw_length_prefixed@177084	Heavy Items	heavy items	unknown	needs-context	Тяжелые предметы			Same English item text exists in both versions but serialized locations differ. v1.1.2 locations=level1:1490:raw_length_prefixed@172844:subtitle; level1::raw_ascii@172844:; translations/source_queue.tsv:::; patches/xunity_autotranslator/BepInEx/Translation/ru/Text/_AutoGeneratedTranslations.txt:::; v1.1.3 locations=level1:1528:raw_length_prefixed@177084:subtitle; level1::raw_ascii@177084:; translations/source_queue.tsv:::; patches/xunity_autotranslator/BepInEx/Translation/ru/Text/_AutoGeneratedTranslations.txt:::. Use source text plus neighbouring object context, not path_id/list index.
v1.1.3	level1	MonoBehaviour	1529	howtoplay_txt	raw_length_prefixed@177612	Time is running out! Gather whatever you can and toss it into your lifeboat, before the ship sinks. Every item counts! Escape by staying near the boat at the end! However, it can only carry one more person besides you.	time is running out! gather whatever you can and toss it into your lifeboat, before the ship sinks. every item counts! escape by staying near the boat at the end! however, it can only carry one more person besides you.	notification	needs-context	Время на исходе! Соберите все, что сможете, и бросайте в спасательную шлюпку, пока корабль не затонул. Важен каждый предмет! Чтобы спастись, в конце оставайтесь рядом со шлюпкой. Но кроме вас она выдержит только еще одного человека.			Same English item text exists in both versions but serialized locations differ. v1.1.2 locations=level1:1491:raw_length_prefixed@173372:howtoplay_txt; level1::raw_ascii@173372:; translations/source_queue.tsv:::; patches/xunity_autotranslator/BepInEx/Translation/ru/Text/_AutoGeneratedTranslations.txt:::; v1.1.3 locations=level1:1529:raw_length_prefixed@177612:howtoplay_txt; level1::raw_ascii@177612:; translations/source_queue.tsv:::; patches/xunity_autotranslator/BepInEx/Translation/ru/Text/_AutoGeneratedTranslations.txt:::. Use source text plus neighbouring object context, not path_id/list index.
v1.1.3	level1	MonoBehaviour	1548	howtoplay_txt	raw_length_prefixed@187996	If your night does get interrupted, use an item you brought to handle the situation. If you have no answer, you can try going back to sleep. Sometimes, that’s your only option.	if your night does get interrupted, use an item you brought to handle the situation. if you have no answer, you can try going back to sleep. sometimes, that's your only option.	notification	needs-context	Если ночью вас что-то прервет, используйте взятый предмет, чтобы справиться с ситуацией. Если выхода нет, можно попробовать снова уснуть. Иногда это единственный вариант.			Same English item text exists in both versions but serialized locations differ. v1.1.2 locations=level1:1510:raw_length_prefixed@183756:howtoplay_txt; translations/source_queue.tsv:::; patches/xunity_autotranslator/BepInEx/Translation/ru/Text/_AutoGeneratedTranslations.txt:::; v1.1.3 locations=level1:1548:raw_length_prefixed@187996:howtoplay_txt; translations/source_queue.tsv:::; patches/xunity_autotranslator/BepInEx/Translation/ru/Text/_AutoGeneratedTranslations.txt:::. Use source text plus neighbouring object context, not path_id/list index.
v1.1.3	level1	MonoBehaviour	1557	subtitle	raw_length_prefixed@192924	Super Energy	super energy	unknown	needs-context	Суперэнергия			Same English item text exists in both versions but serialized locations differ. v1.1.2 locations=level1:1519:raw_length_prefixed@188684:subtitle; level1::raw_ascii@188684:; translations/source_queue.tsv:::; patches/xunity_autotranslator/BepInEx/Translation/ru/Text/_AutoGeneratedTranslations.txt:::; v1.1.3 locations=level1:1557:raw_length_prefixed@192924:subtitle; level1::raw_ascii@192924:; translations/source_queue.tsv:::; patches/xunity_autotranslator/BepInEx/Translation/ru/Text/_AutoGeneratedTranslations.txt:::. Use source text plus neighbouring object context, not path_id/list index.
v1.1.3	level1	MonoBehaviour	1558	howtoplay_txt	raw_length_prefixed@193452	"Use the daytime to spend your energy on fishing, eating, doing small tasks, or chatting to your shipmate (if you brought one).
When you run out of energy, end the day and try to sleep hoping nothing disrupts your rest."	use the daytime to spend your energy on fishing, eating, doing small tasks, or chatting to your shipmate (if you brought one). when you run out of energy, end the day and try to sleep hoping nothing disrupts your rest.	ui	needs-context	"Днем тратьте энергию на рыбалку, еду, мелкие дела или разговоры с попутчиком, если вы его взяли.
Когда энергия закончится, завершите день и попытайтесь поспать, надеясь, что ничто не нарушит отдых."			Same English item text exists in both versions but serialized locations differ. v1.1.2 locations=level1:1520:raw_length_prefixed@189212:howtoplay_txt; translations/source_queue.tsv:::; patches/xunity_autotranslator/BepInEx/Translation/ru/Text/_AutoGeneratedTranslations.txt:::; v1.1.3 locations=level1:1558:raw_length_prefixed@193452:howtoplay_txt; translations/source_queue.tsv:::; patches/xunity_autotranslator/BepInEx/Translation/ru/Text/_AutoGeneratedTranslations.txt:::. Use source text plus neighbouring object context, not path_id/list index.
v1.1.3	level1	MonoBehaviour	1567	main_title	raw_length_prefixed@198476	Don't Sleep With the Fishes	don't sleep with the fishes	ui	needs-context	Не спи с рыбами			Same English item text exists in both versions but serialized locations differ. v1.1.2 locations=level1:1529:raw_length_prefixed@194236:main_title; level1::raw_ascii@194236:; translations/source_queue.tsv:::; patches/xunity_autotranslator/BepInEx/Translation/ru/Text/_AutoGeneratedTranslations.txt:::; v1.1.3 locations=level1:1567:raw_length_prefixed@198476:main_title; level1::raw_ascii@198476:; translations/source_queue.tsv:::; patches/xunity_autotranslator/BepInEx/Translation/ru/Text/_AutoGeneratedTranslations.txt:::. Use source text plus neighbouring object context, not path_id/list index.
v1.1.3	level1	MonoBehaviour	1591	subtitle	raw_length_prefixed@211564	Eat for Energy	eat for energy	unknown	needs-context	Ешьте ради энергии			Same English item text exists in both versions but serialized locations differ. v1.1.2 locations=level1:1553:raw_length_prefixed@207324:subtitle; level1::raw_ascii@207324:; translations/source_queue.tsv:::; patches/xunity_autotranslator/BepInEx/Translation/ru/Text/_AutoGeneratedTranslations.txt:::; v1.1.3 locations=level1:1591:raw_length_prefixed@211564:subtitle; level1::raw_ascii@211564:; translations/source_queue.tsv:::; patches/xunity_autotranslator/BepInEx/Translation/ru/Text/_AutoGeneratedTranslations.txt:::. Use source text plus neighbouring object context, not path_id/list index.
v1.1.3	level1	MonoBehaviour	1616	help	raw_length_prefixed@225020	"kill
getfish
superhelp"	kill getfish superhelp	unknown	needs-context				Same English item text exists in both versions but serialized locations differ. v1.1.2 locations=level1:1576:raw_length_prefixed@219724:help; level2:7135:raw_length_prefixed@1113724:help; level3:4372:raw_length_prefixed@844172:help; level4:9614:raw_length_prefixed@2048428:help; level5:1730:raw_length_prefixed@279772:help; +1 more; v1.1.3 locations=level1:1616:raw_length_prefixed@225020:help; level2:7167:raw_length_prefixed@1117308:help; level3:4404:raw_length_prefixed@847884:help; level4:10360:raw_length_prefixed@2150844:help; level5:1762:raw_length_prefixed@283356:help; +1 more. Use source text plus neighbouring object context, not path_id/list index.
v1.1.3	level1	MonoBehaviour	1834	Medal_1 (6)	raw_length_prefixed@274684	Be a bad fisherman...	be a bad fisherman...	unknown	needs-context				Same English item text exists in both versions but serialized locations differ. v1.1.2 locations=level1:1793:raw_length_prefixed@268396:Medal_1 (6); level1::raw_ascii@268396:; v1.1.3 locations=level1:1834:raw_length_prefixed@274684:Medal_1 (6); level1::raw_ascii@274684:. Use source text plus neighbouring object context, not path_id/list index.
v1.1.3	level1	MonoBehaviour	1934	Medal_1	raw_length_prefixed@292240	Bring exploration tools...	bring exploration tools...	unknown	needs-context				Same English item text exists in both versions but serialized locations differ. v1.1.2 locations=level1:1893:raw_length_prefixed@285952:Medal_1; level1::raw_ascii@285952:; v1.1.3 locations=level1:1934:raw_length_prefixed@292240:Medal_1; level1::raw_ascii@292240:. Use source text plus neighbouring object context, not path_id/list index.
v1.1.3	level1	MonoBehaviour	2074	GameController	raw_length_prefixed@334932	You lost an item to the sea.	you lost an item to the sea.	notification	needs-context		Dead by the Sea. | Your friend is sleeping with the fishes.	Something broke during the night. | You did not sleep very well. | You feel weak.	Same English item text exists in both versions but serialized locations differ. v1.1.2 locations=level1:2021:raw_length_prefixed@325988:GameController; level2:7671:raw_length_prefixed@1203396:GameController; level3:4926:raw_length_prefixed@957656:GameController; level4:10354:raw_length_prefixed@2180508:GameController; level5:1909:raw_length_prefixed@339636:GameController; v1.1.3 locations=level1:2074:raw_length_prefixed@334932:GameController; level2:7712:raw_length_prefixed@1210100:GameController; level3:4967:raw_length_prefixed@964544:GameController; level4:11119:raw_length_prefixed@2288524:GameController; level5:1950:raw_length_prefixed@346340:GameController. Use source text plus neighbouring object context, not path_id/list index.
v1.1.3	level1	MonoBehaviour	2074	GameController	raw_length_prefixed@334888	Your friend is sleeping with the fishes.	your friend is sleeping with the fishes.	ui	needs-context		Dead by the Sea.	You lost an item to the sea. | Something broke during the night. | You did not sleep very well.	Same English item text exists in both versions but serialized locations differ. v1.1.2 locations=level1:2021:raw_length_prefixed@325944:GameController; level1::raw_ascii@325944:; level2:7671:raw_length_prefixed@1203352:GameController; level3:4926:raw_length_prefixed@957612:GameController; level3::raw_ascii@957612:; +3 more; v1.1.3 locations=level1:2074:raw_length_prefixed@334888:GameController; level1::raw_ascii@334888:; level2:7712:raw_length_prefixed@1210056:GameController; level3:4967:raw_length_prefixed@964500:GameController; level3::raw_ascii@964500:; +3 more. Use source text plus neighbouring object context, not path_id/list index.
v1.1.3	level1	GameObject	436	Item Background	m_Name	Item Background	item background	notification	needs-context				Same English item text exists in both versions but serialized locations differ. v1.1.2 locations=level1:427:m_Name:Item Background; level1::raw_ascii@80784:; level2:2452:m_Name:Item Background; level3:1360:m_Name:Item Background; level3::raw_ascii@211136:; +5 more; v1.1.3 locations=level1:436:m_Name:Item Background; level1::raw_ascii@82640:; level2:2461:m_Name:Item Background; level3:1369:m_Name:Item Background; level3::raw_ascii@212896:; +4 more. Use source text plus neighbouring object context, not path_id/list index.
v1.1.3	level1	GameObject	443	Item Label	m_Name	Item Label	item label	notification	needs-context				Same English item text exists in both versions but serialized locations differ. v1.1.2 locations=level1:433:m_Name:Item Label; level1::raw_ascii@81200:; level2:2429:m_Name:Item Label; level3:1357:m_Name:Item Label; level3::raw_ascii@210944:; +5 more; v1.1.3 locations=level1:443:m_Name:Item Label; level1::raw_ascii@83136:; level2:2438:m_Name:Item Label; level3:1366:m_Name:Item Label; level3::raw_ascii@212704:; +4 more. Use source text plus neighbouring object context, not path_id/list index.
v1.1.3	level1	GameObject	479	Item Checkmark	m_Name	Item Checkmark	item checkmark	notification	needs-context				Same English item text exists in both versions but serialized locations differ. v1.1.2 locations=level1:469:m_Name:Item Checkmark; level1::raw_ascii@83648:; level2:2224:m_Name:Item Checkmark; level2::raw_ascii@327952:; level3:1296:m_Name:Item Checkmark; +6 more; v1.1.3 locations=level1:479:m_Name:Item Checkmark; level1::raw_ascii@85584:; level2:2231:m_Name:Item Checkmark; level2::raw_ascii@329440:; level3:1303:m_Name:Item Checkmark; +5 more. Use source text plus neighbouring object context, not path_id/list index.
v1.1.3	level2	raw_bytes			raw_ascii@245432	AllVisualItems	allvisualitems	unknown	needs-context		ducttape (2) N | mixamorig:RightUpLeg | bait (2) N	mixamorig:LeftHandIndex2 | mixamorig:LeftShoulder | mixamorig:RightHandIndex3	Same English item text exists in both versions but serialized locations differ. v1.1.2 locations=level2::raw_ascii@244376:; level3::raw_ascii@163256:; level4::raw_ascii@293176:; v1.1.3 locations=level2::raw_ascii@245432:; level3::raw_ascii@164440:; level4::raw_ascii@316344:. Use source text plus neighbouring object context, not path_id/list index.
v1.1.3	level2	raw_bytes			raw_ascii@212020	bait (1) N	bait (1) n	ui	needs-context		mixamorig:Spine | mixamorig:Hips | mixamorig:RightToeBase	mixamorig:RightLeg | flaregun N | mixamorig:LeftHandThumb3	Same English item text exists in both versions but serialized locations differ. v1.1.2 locations=level2::raw_ascii@210964:; level2::raw_ascii@232972:; level3::raw_ascii@141768:; level4::raw_ascii@402552:; v1.1.3 locations=level2::raw_ascii@212020:; level2::raw_ascii@234028:; level3::raw_ascii@142952:; level4::raw_ascii@438440:. Use source text plus neighbouring object context, not path_id/list index.
v1.1.3	level2	raw_bytes			raw_ascii@236316	bait (2) N	bait (2) n	ui	needs-context		mixamorig:LeftUpLeg | mixamorig:RightHandThumb4 | mixamorig:LeftShoulder	mixamorig:LeftUpLeg | mixamorig:Spine2 | itemImage	Same English item text exists in both versions but serialized locations differ. v1.1.2 locations=level2::raw_ascii@235260:; level2::raw_ascii@244228:; level3::raw_ascii@166632:; level4::raw_ascii@334968:; v1.1.3 locations=level2::raw_ascii@236316:; level2::raw_ascii@245284:; level3::raw_ascii@167816:; level4::raw_ascii@362856:. Use source text plus neighbouring object context, not path_id/list index.
v1.1.3	level2	raw_bytes			raw_ascii@241860	bait (3) N	bait (3) n	ui	needs-context		mixamorig:RightHandIndex1 | mixamorig:RightLeg | flaregun (2) N	mixamorig:RightHand | mixamorig:LeftArm | flaregun N	Same English item text exists in both versions but serialized locations differ. v1.1.2 locations=level2::raw_ascii@240804:; v1.1.3 locations=level2::raw_ascii@241860:. Use source text plus neighbouring object context, not path_id/list index.
v1.1.3	level2	raw_bytes			raw_ascii@243428	bait (4) N	bait (4) n	ui	needs-context		mixamorig:RightFoot | mixamorig:RightForeArm | mixamorig:LeftToeBase	mixamorig:LeftFoot | mixamorig:RightHandIndex3 | mixamorig:LeftShoulder	Same English item text exists in both versions but serialized locations differ. v1.1.2 locations=level2::raw_ascii@242372:; v1.1.3 locations=level2::raw_ascii@243428:. Use source text plus neighbouring object context, not path_id/list index.
v1.1.3	level2	raw_bytes			raw_ascii@208228	bait (5) N	bait (5) n	ui	needs-context		mixamorig:RightHandIndex1 | mixamorig:LeftHandThumb1 | mixamorig:LeftArm	mixamorig:LeftHandThumb1 | mixamorig:RightFoot | mixamorig:RightHandThumb2	Same English item text exists in both versions but serialized locations differ. v1.1.2 locations=level2::raw_ascii@207172:; v1.1.3 locations=level2::raw_ascii@208228:. Use source text plus neighbouring object context, not path_id/list index.
v1.1.3	level2	raw_bytes			raw_ascii@273908	bait (6) N	bait (6) n	ui	needs-context		mixamorig:RightHandIndex2 | Foods | mixamorig:RightForeArm	mixamorig:RightHandIndex1 | mixamorig:LeftHandIndex2 | mixamorig:Spine2	Same English item text exists in both versions but serialized locations differ. v1.1.2 locations=level2::raw_ascii@272852:; v1.1.3 locations=level2::raw_ascii@273908:. Use source text plus neighbouring object context, not path_id/list index.
v1.1.3	level2	raw_bytes			raw_ascii@219172	bait (7) N	bait (7) n	ui	needs-context		mixamorig:RightShoulder | Baits | mixamorig:LeftHandThumb4	mixamorig:RightHandThumb2 | mixamorig:LeftHandThumb4 | mixamorig:LeftHandIndex1	Same English item text exists in both versions but serialized locations differ. v1.1.2 locations=level2::raw_ascii@218116:; v1.1.3 locations=level2::raw_ascii@219172:. Use source text plus neighbouring object context, not path_id/list index.
v1.1.3	level2	raw_bytes			raw_ascii@276884	bait (8) N	bait (8) n	ui	needs-context		flaregun (3) N | mixamorig:RightShoulder | mixamorig:LeftFoot	mixamorig:Hips | mixamorig:Head | mixamorig:LeftHandIndex2	Same English item text exists in both versions but serialized locations differ. v1.1.2 locations=level2::raw_ascii@275828:; v1.1.3 locations=level2::raw_ascii@276884:. Use source text plus neighbouring object context, not path_id/list index.
v1.1.3	level2	raw_bytes			raw_ascii@258292	bait (9) N	bait (9) n	ui	needs-context		mixamorig:Head | mixamorig:LeftHand | mixamorig:Spine2	mixamorig:RightHandThumb4 | mixamorig:Spine1 | mixamorig:RightHandThumb3	Same English item text exists in both versions but serialized locations differ. v1.1.2 locations=level2::raw_ascii@257236:; v1.1.3 locations=level2::raw_ascii@258292:. Use source text plus neighbouring object context, not path_id/list index.
v1.1.3	level2	raw_bytes			raw_ascii@201068	bait N	bait n	ui	needs-context		mixamorig:LeftArm | mixamorig:LeftHandIndex4 | mixamorig:RightHandIndex2	mixamorig:RightHand | mixamorig:LeftHandIndex1 | mixamorig:RightLeg	Same English item text exists in both versions but serialized locations differ. v1.1.2 locations=level2::raw_ascii@200012:; level2::raw_ascii@261572:; level3::raw_ascii@138040:; level3::raw_ascii@175896:; level4::raw_ascii@277208:; +1 more; v1.1.3 locations=level2::raw_ascii@201068:; level2::raw_ascii@262628:; level3::raw_ascii@139224:; level3::raw_ascii@177080:; level4::raw_ascii@298360:; +1 more. Use source text plus neighbouring object context, not path_id/list index.
v1.1.3	level2	raw_bytes			raw_ascii@218504	Baits	baits	ui	needs-context		umbrella (2) N | mixamorig:RightForeArm | mixamorig:RightShoulder	mixamorig:LeftHandThumb4 | bait (7) N | mixamorig:RightHandThumb2	Same English item text exists in both versions but serialized locations differ. v1.1.2 locations=level2::raw_ascii@217448:; level2::raw_ascii@279208:; level3::raw_ascii@133624:; level4::raw_ascii@356888:; v1.1.3 locations=level2::raw_ascii@218504:; level2::raw_ascii@280264:; level3::raw_ascii@134808:; level4::raw_ascii@387608:. Use source text plus neighbouring object context, not path_id/list index.
v1.1.3	level2	raw_bytes			raw_ascii@216996	ducttape (1) N	ducttape (1) n	unknown	needs-context		mixamorig:RightUpLeg | mixamorig:RightToeBase | mixamorig:RightHandThumb1	mixamorig:Head | mixamorig:RightLeg | mixamorig:RightHandThumb2	Same English item text exists in both versions but serialized locations differ. v1.1.2 locations=level2::raw_ascii@215940:; v1.1.3 locations=level2::raw_ascii@216996:. Use source text plus neighbouring object context, not path_id/list index.
v1.1.3	level2	raw_bytes			raw_ascii@244804	ducttape (2) N	ducttape (2) n	unknown	needs-context		mixamorig:LeftUpLeg | mixamorig:LeftHandIndex3 | mixamorig:LeftHandIndex1	mixamorig:RightUpLeg | bait (2) N | AllVisualItems	Same English item text exists in both versions but serialized locations differ. v1.1.2 locations=level2::raw_ascii@243748:; v1.1.3 locations=level2::raw_ascii@244804:. Use source text plus neighbouring object context, not path_id/list index.
v1.1.3	level2	raw_bytes			raw_ascii@281332	ducttape (3) N	ducttape (3) n	unknown	needs-context		mixamorig:RightHandIndex3 | mixamorig:RightShoulder | mixamorig:Neck	mixamorig:RightToeBase | mixamorig:RightHandIndex4 | mixamorig:RightHandThumb3	Same English item text exists in both versions but serialized locations differ. v1.1.2 locations=level2::raw_ascii@280276:; v1.1.3 locations=level2::raw_ascii@281332:. Use source text plus neighbouring object context, not path_id/list index.
v1.1.3	level2	raw_bytes			raw_ascii@198564	ducttape (4) N	ducttape (4) n	unknown	needs-context		mixamorig:LeftHandThumb3 | mixamorig:RightLeg | mixamorig:RightToeBase	mixamorig:LeftHandThumb2 | mixamorig:LeftShoulder | mixamorig:LeftToeBase	Same English item text exists in both versions but serialized locations differ. v1.1.2 locations=level2::raw_ascii@197508:; v1.1.3 locations=level2::raw_ascii@198564:. Use source text plus neighbouring object context, not path_id/list index.
v1.1.3	level2	raw_bytes			raw_ascii@242340	ducttape (5) N	ducttape (5) n	unknown	needs-context		mixamorig:RightHand | mixamorig:LeftArm | flaregun N	mixamorig:Hips | mixamorig:RightHandIndex4 | mixamorig:RightFoot	Same English item text exists in both versions but serialized locations differ. v1.1.2 locations=level2::raw_ascii@241284:; v1.1.3 locations=level2::raw_ascii@242340:. Use source text plus neighbouring object context, not path_id/list index.
v1.1.3	level2	raw_bytes			raw_ascii@204564	ducttape N	ducttape n	unknown	needs-context		mixamorig:Hips | mixamorig:LeftHandIndex2 | mixamorig:RightHand	mixamorig:RightLeg | mixamorig:LeftHandIndex2 | mixamorig:RightHandThumb1	Same English item text exists in both versions but serialized locations differ. v1.1.2 locations=level2::raw_ascii@203508:; level2::raw_ascii@205836:; level3::raw_ascii@139208:; level4::raw_ascii@266104:; v1.1.3 locations=level2::raw_ascii@204564:; level2::raw_ascii@206892:; level3::raw_ascii@140392:; level4::raw_ascii@286024:. Use source text plus neighbouring object context, not path_id/list index.
v1.1.3	level2	raw_bytes			raw_ascii@223236	flaregun (1) N	flaregun (1) n	unknown	needs-context		mixamorig:Hips | mixamorig:LeftLeg | mixamorig:RightHandIndex3	mixamorig:RightShoulder | mixamorig:LeftLeg | mixamorig:Hips	Same English item text exists in both versions but serialized locations differ. v1.1.2 locations=level2::raw_ascii@222180:; v1.1.3 locations=level2::raw_ascii@223236:. Use source text plus neighbouring object context, not path_id/list index.
v1.1.3	level2	raw_bytes			raw_ascii@241636	flaregun (2) N	flaregun (2) n	unknown	needs-context		mixamorig:RightHandThumb4 | mixamorig:RightHandIndex1 | mixamorig:RightLeg	bait (3) N | mixamorig:RightHand | mixamorig:LeftArm	Same English item text exists in both versions but serialized locations differ. v1.1.2 locations=level2::raw_ascii@240580:; v1.1.3 locations=level2::raw_ascii@241636:. Use source text plus neighbouring object context, not path_id/list index.
v1.1.3	level2	raw_bytes			raw_ascii@276340	flaregun (3) N	flaregun (3) n	unknown	needs-context		mixamorig:LeftHandThumb2 | mixamorig:RightHandIndex3 | mixamorig:RightFoot	mixamorig:RightShoulder | mixamorig:LeftFoot | bait (8) N	Same English item text exists in both versions but serialized locations differ. v1.1.2 locations=level2::raw_ascii@275284:; v1.1.3 locations=level2::raw_ascii@276340:. Use source text plus neighbouring object context, not path_id/list index.
v1.1.3	level2	raw_bytes			raw_ascii@212212	flaregun N	flaregun n	unknown	needs-context		mixamorig:RightToeBase | bait (1) N | mixamorig:RightLeg	mixamorig:LeftHandThumb3 | mixamorig:RightHandThumb1 | mixamorig:Head	Same English item text exists in both versions but serialized locations differ. v1.1.2 locations=level2::raw_ascii@211156:; level2::raw_ascii@241180:; level3::raw_ascii@178296:; level4::raw_ascii@371128:; v1.1.3 locations=level2::raw_ascii@212212:; level2::raw_ascii@242236:; level3::raw_ascii@179480:; level4::raw_ascii@403480:. Use source text plus neighbouring object context, not path_id/list index.
v1.1.3	level2	raw_bytes			raw_ascii@267496	FlareGuns	flareguns	unknown	needs-context		mixamorig:LeftToeBase | mixamorig:LeftArm | mixamorig:RightHandIndex1	mixamorig:RightArm | mixamorig:LeftHandThumb3 | mixamorig:LeftHandIndex4	Same English item text exists in both versions but serialized locations differ. v1.1.2 locations=level2::raw_ascii@266440:; v1.1.3 locations=level2::raw_ascii@267496:. Use source text plus neighbouring object context, not path_id/list index.
v1.1.3	level2	raw_bytes			raw_ascii@249752	Foods	foods	ui	needs-context		mixamorig:LeftHandIndex3 | mixamorig:LeftUpLeg | mixamorig:RightLeg	mixamorig:Spine | mixamorig:LeftHandIndex3 | PickupCursor	Same English item text exists in both versions but serialized locations differ. v1.1.2 locations=level2::raw_ascii@248696:; level2::raw_ascii@272680:; level3::raw_ascii@176264:; level4::raw_ascii@379096:; v1.1.3 locations=level2::raw_ascii@249752:; level2::raw_ascii@273736:; level3::raw_ascii@177448:; level4::raw_ascii@412312:. Use source text plus neighbouring object context, not path_id/list index.
v1.1.3	level2	raw_bytes			raw_ascii@272500	ItemGenerator	itemgenerator	unknown	needs-context		mixamorig:LeftHandThumb4 | mixamorig:Spine2 | mixamorig:LeftFoot	mixamorig:LeftToeBase | umbrella (1) N | mixamorig:RightHandIndex2	Same English item text exists in both versions but serialized locations differ. v1.1.2 locations=level2::raw_ascii@271444:; v1.1.3 locations=level2::raw_ascii@272500:. Use source text plus neighbouring object context, not path_id/list index.
v1.1.3	level2	raw_bytes			raw_ascii@236604	itemImage	itemimage	unknown	needs-context		bait (2) N | mixamorig:LeftUpLeg | mixamorig:Spine2	mixamorig:RightHandIndex4 | mixamorig:LeftShoulder | mixamorig:RightArm	Same English item text exists in both versions but serialized locations differ. v1.1.2 locations=level2::raw_ascii@235548:; level2::raw_ascii@245964:; level2::raw_ascii@269196:; v1.1.3 locations=level2::raw_ascii@236604:; level2::raw_ascii@247020:; level2::raw_ascii@270252:. Use source text plus neighbouring object context, not path_id/list index.
v1.1.3	level2	raw_bytes			raw_ascii@202032	ItemName	itemname	unknown	needs-context		mixamorig:RightHandThumb2 | mixamorig:RightForeArm | PickUpE	mixamorig:LeftHandIndex4 | mixamorig:RightHandIndex1 | mixamorig:LeftLeg	Same English item text exists in both versions but serialized locations differ. v1.1.2 locations=level2::raw_ascii@200976:; level2::raw_ascii@254224:; v1.1.3 locations=level2::raw_ascii@202032:; level2::raw_ascii@255280:. Use source text plus neighbouring object context, not path_id/list index.
v1.1.3	level2	raw_bytes			raw_ascii@238568	ScubaSets	scubasets	unknown	needs-context		mixamorig:Spine | mixamorig:LeftLeg | mixamorig:LeftFoot	mixamorig:RightHandIndex1 | mixamorig:LeftHandIndex4 | mixamorig:LeftHandIndex4	Same English item text exists in both versions but serialized locations differ. v1.1.2 locations=level2::raw_ascii@237512:; v1.1.3 locations=level2::raw_ascii@238568:. Use source text plus neighbouring object context, not path_id/list index.
v1.1.3	level3	raw_bytes			raw_ascii@213608	barrelToClick	barreltoclick	unknown	needs-context		mixamorig:LeftHandThumb1 | Item Background | DayGameMusic	mixamorig:LeftHandIndex1 | mixamorig:Spine2 | mixamorig:LeftHandThumb1	Same English item text exists in both versions but serialized locations differ. v1.1.2 locations=level3::raw_ascii@211768:; v1.1.3 locations=level3::raw_ascii@213608:. Use source text plus neighbouring object context, not path_id/list index.
v1.1.3	level3	raw_bytes			raw_ascii@182024	ChestModel	chestmodel	unknown	needs-context		flaregun N | FRIEND | Text (TMP)	ItemSlot1 | FishOnHookCanvas | Energy3	Same English item text exists in both versions but serialized locations differ. v1.1.2 locations=level3::raw_ascii@180840:; level3::raw_ascii@196504:; level4::raw_ascii@294840:; level4::raw_ascii@362984:; level4::raw_ascii@372744:; +1 more; v1.1.3 locations=level3::raw_ascii@182024:; level3::raw_ascii@197800:; level4::raw_ascii@318328:; level4::raw_ascii@394440:; level4::raw_ascii@405256:; +1 more. Use source text plus neighbouring object context, not path_id/list index.
v1.1.3	level3	raw_bytes			raw_ascii@184920	compass (broken) N	compass (broken) n	notification	needs-context		Energy3 | ItemSlot2 | ItemsHolder	ItemsHolder | Energy3 | Energy1	Same English item text exists in both versions but serialized locations differ. v1.1.2 locations=level3::raw_ascii@183736:; level4::raw_ascii@356456:; v1.1.3 locations=level3::raw_ascii@184920:; level4::raw_ascii@387080:. Use source text plus neighbouring object context, not path_id/list index.
v1.1.3	level3	raw_bytes			raw_ascii@142860	ConfirmScubaSet	confirmscubaset	unknown	needs-context		anchor (broken) | flashlight (broken) | Energy3	bait (1) N | CloseButton | Text (TMP)	Same English item text exists in both versions but serialized locations differ. v1.1.2 locations=level3::raw_ascii@141676:; v1.1.3 locations=level3::raw_ascii@142860:. Use source text plus neighbouring object context, not path_id/list index.
v1.1.3	level3	raw_bytes			raw_ascii@177196	Energy1	energy1	unknown	needs-context		Point Light (2) | energyicon (2) | bait N	Particle System | Foods | JournalButton	Same English item text exists in both versions but serialized locations differ. v1.1.2 locations=level3::raw_ascii@176012:; level3::raw_ascii@186236:; level4::raw_ascii@369568:; level4::raw_ascii@374220:; v1.1.3 locations=level3::raw_ascii@177196:; level3::raw_ascii@187420:; level4::raw_ascii@401744:; level4::raw_ascii@406972:. Use source text plus neighbouring object context, not path_id/list index.
v1.1.3	level3	raw_bytes			raw_ascii@125548	Energy2	energy2	unknown	needs-context		U8S | Library/unity default resources | Cats N	bucket (broken) | LootBoxChest | energyicon (1)	Same English item text exists in both versions but serialized locations differ. v1.1.2 locations=level3::raw_ascii@124364:; level3::raw_ascii@174316:; level4::raw_ascii@254672:; level4::raw_ascii@404780:; v1.1.3 locations=level3::raw_ascii@125548:; level3::raw_ascii@175500:; level4::raw_ascii@273376:; level4::raw_ascii@441036:. Use source text plus neighbouring object context, not path_id/list index.
v1.1.3	level3	raw_bytes			raw_ascii@142220	Energy3	energy3	unknown	needs-context		Text (TMP) | anchor (broken) | flashlight (broken)	ConfirmScubaSet | bait (1) N | CloseButton	Same English item text exists in both versions but serialized locations differ. v1.1.2 locations=level3::raw_ascii@141036:; level3::raw_ascii@152924:; level3::raw_ascii@182604:; level3::raw_ascii@185532:; level4::raw_ascii@317120:; +1 more; v1.1.3 locations=level3::raw_ascii@142220:; level3::raw_ascii@154108:; level3::raw_ascii@183788:; level3::raw_ascii@186716:; level4::raw_ascii@343120:; +1 more. Use source text plus neighbouring object context, not path_id/list index.
v1.1.3	level3	raw_bytes			raw_ascii@149252	EnergyCostShower	energycostshower	unknown	needs-context		ClickToContinue | ItemText | paperEnd	AlreadyHealthytext | Particle System | Point Light	Same English item text exists in both versions but serialized locations differ. v1.1.2 locations=level3::raw_ascii@148068:; level4::raw_ascii@401956:; v1.1.3 locations=level3::raw_ascii@149252:; level4::raw_ascii@437780:. Use source text plus neighbouring object context, not path_id/list index.
v1.1.3	level3	raw_bytes			raw_ascii@144588	fish N	fish n	unknown	needs-context		CloseButton | Text (TMP) | telescope (broken)	ItemText | ItemsHolder | ClickToContinue	Same English item text exists in both versions but serialized locations differ. v1.1.2 locations=level3::raw_ascii@143404:; v1.1.3 locations=level3::raw_ascii@144588:. Use source text plus neighbouring object context, not path_id/list index.
v1.1.3	level3	raw_bytes			raw_ascii@153900	FishedInfoHolder	fishedinfoholder	unknown	needs-context		friendIcon (1) | ClickToContinue | Text (TMP)	Energy3 | ScubaSearchHud | energyicon (1)	Same English item text exists in both versions but serialized locations differ. v1.1.2 locations=level3::raw_ascii@152716:; v1.1.3 locations=level3::raw_ascii@153900:. Use source text plus neighbouring object context, not path_id/list index.
v1.1.3	level3	raw_bytes			raw_ascii@188728	FishedVisuals	fishedvisuals	unknown	needs-context		Energy1 | net (broken) N | Text (TMP)	friendIcon (2) | Cats (2) N | Cats (1) N	Same English item text exists in both versions but serialized locations differ. v1.1.2 locations=level3::raw_ascii@187544:; v1.1.3 locations=level3::raw_ascii@188728:. Use source text plus neighbouring object context, not path_id/list index.
v1.1.3	level3	raw_bytes			raw_ascii@183484	FishOnHookCanvas	fishonhookcanvas	unknown	needs-context		Text (TMP) | ChestModel | ItemSlot1	Energy3 | ItemSlot2 | ItemsHolder	Same English item text exists in both versions but serialized locations differ. v1.1.2 locations=level3::raw_ascii@182300:; v1.1.3 locations=level3::raw_ascii@183484:. Use source text plus neighbouring object context, not path_id/list index.
v1.1.3	level3	raw_bytes			raw_ascii@170904	hookgun (broken) N	hookgun (broken) n	notification	needs-context		Text (TMP) | energyicon (2) | Text (TMP)	Text (TMP) | Text (TMP) | Energy	Same English item text exists in both versions but serialized locations differ. v1.1.2 locations=level3::raw_ascii@169720:; level4::raw_ascii@389944:; v1.1.3 locations=level3::raw_ascii@170904:; level4::raw_ascii@424024:. Use source text plus neighbouring object context, not path_id/list index.
v1.1.3	level3	raw_bytes			raw_ascii@191076	ItemAndText	itemandtext	unknown	needs-context		friendIcon (2) | Cats (2) N | Cats (1) N	TalkDialog | friendIcon | Point Light (1)	Same English item text exists in both versions but serialized locations differ. v1.1.2 locations=level3::raw_ascii@189892:; v1.1.3 locations=level3::raw_ascii@191076:. Use source text plus neighbouring object context, not path_id/list index.
v1.1.3	level3	raw_bytes			raw_ascii@145260	ItemsHolder	itemsholder	unknown	needs-context		telescope (broken) | fish N | ItemText	ClickToContinue | ItemText | paperEnd	Same English item text exists in both versions but serialized locations differ. v1.1.2 locations=level3::raw_ascii@144076:; level3::raw_ascii@183644:; level3::raw_ascii@184252:; v1.1.3 locations=level3::raw_ascii@145260:; level3::raw_ascii@184828:; level3::raw_ascii@185436:. Use source text plus neighbouring object context, not path_id/list index.
v1.1.3	level3	raw_bytes			raw_ascii@182224	ItemSlot1	itemslot1	unknown	needs-context		FRIEND | Text (TMP) | ChestModel	FishOnHookCanvas | Energy3 | ItemSlot2	Same English item text exists in both versions but serialized locations differ. v1.1.2 locations=level3::raw_ascii@181040:; v1.1.3 locations=level3::raw_ascii@182224:. Use source text plus neighbouring object context, not path_id/list index.
v1.1.3	level3	raw_bytes			raw_ascii@183936	ItemSlot2	itemslot2	unknown	needs-context		ItemSlot1 | FishOnHookCanvas | Energy3	ItemsHolder | compass (broken) N | ItemsHolder	Same English item text exists in both versions but serialized locations differ. v1.1.2 locations=level3::raw_ascii@182752:; v1.1.3 locations=level3::raw_ascii@183936:. Use source text plus neighbouring object context, not path_id/list index.
v1.1.3	level3	raw_bytes			raw_ascii@175292	ItemsUpdateCanvas	itemsupdatecanvas	unknown	needs-context		Text (TMP) | Cats (3) N | JournalMainBook	Energy2 | Text (TMP) | Point Light (2)	Same English item text exists in both versions but serialized locations differ. v1.1.2 locations=level3::raw_ascii@174108:; v1.1.3 locations=level3::raw_ascii@175292:. Use source text plus neighbouring object context, not path_id/list index.
v1.1.3	level3	raw_bytes			raw_ascii@129264	ItemText	itemtext	unknown	needs-context		bucket (broken) | LootBoxChest | energyicon (1)	Text (TMP) | ScubaImage | THE BOAT	Same English item text exists in both versions but serialized locations differ. v1.1.2 locations=level3::raw_ascii@128080:; level3::raw_ascii@134240:; level3::raw_ascii@143632:; level3::raw_ascii@147824:; level3::raw_ascii@150384:; +2 more; v1.1.3 locations=level3::raw_ascii@129264:; level3::raw_ascii@135424:; level3::raw_ascii@144816:; level3::raw_ascii@149008:; level3::raw_ascii@151568:; +2 more. Use source text plus neighbouring object context, not path_id/list index.
v1.1.3	level3	raw_bytes			raw_ascii@128068	LootBoxChest	lootboxchest	unknown	needs-context		Cats N | Energy2 | bucket (broken)	energyicon (1) | ItemText | Text (TMP)	Same English item text exists in both versions but serialized locations differ. v1.1.2 locations=level3::raw_ascii@126884:; level4::raw_ascii@289208:; v1.1.3 locations=level3::raw_ascii@128068:; level4::raw_ascii@311896:. Use source text plus neighbouring object context, not path_id/list index.
v1.1.3	level3	raw_bytes			raw_ascii@151192	map (broken) N	map (broken) n	notification	needs-context		AlreadyHealthytext | Particle System | Point Light	Text (TMP) | ItemText | friendIcon (1)	Same English item text exists in both versions but serialized locations differ. v1.1.2 locations=level3::raw_ascii@150008:; level4::raw_ascii@327800:; v1.1.3 locations=level3::raw_ascii@151192:; level4::raw_ascii@355000:. Use source text plus neighbouring object context, not path_id/list index.
v1.1.3	level3	raw_bytes			raw_ascii@187656	net (broken) N	net (broken) n	notification	needs-context		ItemsHolder | Energy3 | Energy1	Text (TMP) | FishedVisuals | friendIcon (2)	Same English item text exists in both versions but serialized locations differ. v1.1.2 locations=level3::raw_ascii@186472:; level4::raw_ascii@305208:; v1.1.3 locations=level3::raw_ascii@187656:; level4::raw_ascii@329768:. Use source text plus neighbouring object context, not path_id/list index.
v1.1.3	level3	raw_bytes			raw_ascii@134684	ResultsItems	resultsitems	result/search	needs-context		Text (TMP) | ScubaImage | THE BOAT	Baits | Particle System | ItemText	Same English item text exists in both versions but serialized locations differ. v1.1.2 locations=level3::raw_ascii@133500:; v1.1.3 locations=level3::raw_ascii@134684:. Use source text plus neighbouring object context, not path_id/list index.
v1.1.3	level3	raw_bytes			raw_ascii@160720	ScubaGoggles	scubagoggles	unknown	needs-context		Energy3 | ScubaSearchHud | energyicon (1)	Sleep Button | Particle System | Continue	Same English item text exists in both versions but serialized locations differ. v1.1.2 locations=level3::raw_ascii@159536:; v1.1.3 locations=level3::raw_ascii@160720:. Use source text plus neighbouring object context, not path_id/list index.
v1.1.3	level3	raw_bytes			raw_ascii@129872	ScubaImage	scubaimage	unknown	needs-context		energyicon (1) | ItemText | Text (TMP)	THE BOAT | ResultsItems | Baits	Same English item text exists in both versions but serialized locations differ. v1.1.2 locations=level3::raw_ascii@128688:; v1.1.3 locations=level3::raw_ascii@129872:. Use source text plus neighbouring object context, not path_id/list index.
v1.1.3	level3	raw_bytes			raw_ascii@154836	ScubaSearchHud	scubasearchhud	result/search	needs-context		Text (TMP) | FishedInfoHolder | Energy3	energyicon (1) | ScubaGoggles | Sleep Button	Same English item text exists in both versions but serialized locations differ. v1.1.2 locations=level3::raw_ascii@153652:; v1.1.3 locations=level3::raw_ascii@154836:. Use source text plus neighbouring object context, not path_id/list index.
v1.1.3	level3	raw_bytes			raw_ascii@194832	scubaTaskCamera	scubataskcamera	unknown	needs-context		Point Light (1) | Text (TMP) | Text (TMP)	UseDuctTape | SettingsFade | mixamorig:LeftForeArm	Same English item text exists in both versions but serialized locations differ. v1.1.2 locations=level3::raw_ascii@193648:; v1.1.3 locations=level3::raw_ascii@194832:. Use source text plus neighbouring object context, not path_id/list index.
v1.1.3	level3	raw_bytes			raw_ascii@138812	ShowItemIcons	showitemicons	unknown	needs-context		JournalButtonOff | Directional Light | JournalHolder	bait N | Particle System | ducttape N	Same English item text exists in both versions but serialized locations differ. v1.1.2 locations=level3::raw_ascii@137628:; v1.1.3 locations=level3::raw_ascii@138812:. Use source text plus neighbouring object context, not path_id/list index.
v1.1.3	level3	raw_bytes			raw_ascii@195416	UseDuctTape	useducttape	unknown	needs-context		Text (TMP) | Text (TMP) | scubaTaskCamera	SettingsFade | mixamorig:LeftForeArm | mixamorig:Spine	Same English item text exists in both versions but serialized locations differ. v1.1.2 locations=level3::raw_ascii@194232:; level4::raw_ascii@336472:; v1.1.3 locations=level3::raw_ascii@195416:; level4::raw_ascii@364616:. Use source text plus neighbouring object context, not path_id/list index.
v1.1.3	level3	GameObject	413	map (broken)	m_Name	map (broken)	map (broken)	notification	needs-context				Same English item text exists in both versions but serialized locations differ. v1.1.2 locations=level3:413:m_Name:map (broken); level4:1136:m_Name:map (broken); v1.1.3 locations=level3:413:m_Name:map (broken); level4:1288:m_Name:map (broken). Use source text plus neighbouring object context, not path_id/list index.
v1.1.3	level3	MonoBehaviour	4331	ItemText	raw_length_prefixed@808620	Your search did not yield results.	your search did not yield results.	result/search	needs-context	Поиск ничего не дал.			Same English item text exists in both versions but serialized locations differ. v1.1.2 locations=level3:4299:raw_length_prefixed@804908:ItemText; v1.1.3 locations=level3:4331:raw_length_prefixed@808620:ItemText. Use source text plus neighbouring object context, not path_id/list index.
v1.1.3	level3	MonoBehaviour	4335	Title	raw_length_prefixed@810780	Items Broken	items broken	notification	needs-context	Сломано предметов			Same English item text exists in both versions but serialized locations differ. v1.1.2 locations=level3:4303:raw_length_prefixed@807068:Title; level3::raw_ascii@807068:; translations/source_queue.tsv:::; patches/xunity_autotranslator/BepInEx/Translation/ru/Text/_AutoGeneratedTranslations.txt:::; v1.1.3 locations=level3:4335:raw_length_prefixed@810780:Title; level3::raw_ascii@810780:; translations/source_queue.tsv:::; patches/xunity_autotranslator/BepInEx/Translation/ru/Text/_AutoGeneratedTranslations.txt:::. Use source text plus neighbouring object context, not path_id/list index.
v1.1.3	level3	MonoBehaviour	4336	click_to_fix	raw_length_prefixed@811308	Fix with tape!	fix with tape!	unknown	needs-context	Починить скотчем!			Same English item text exists in both versions but serialized locations differ. v1.1.2 locations=level3:4304:raw_length_prefixed@807596:click_to_fix; level3::raw_ascii@807596:; translations/source_queue.tsv:::; patches/xunity_autotranslator/BepInEx/Translation/ru/Text/_AutoGeneratedTranslations.txt:::; v1.1.3 locations=level3:4336:raw_length_prefixed@811308:click_to_fix; level3::raw_ascii@811308:; translations/source_queue.tsv:::; patches/xunity_autotranslator/BepInEx/Translation/ru/Text/_AutoGeneratedTranslations.txt:::. Use source text plus neighbouring object context, not path_id/list index.
v1.1.3	level3	MonoBehaviour	4337	ItemText	raw_length_prefixed@811836	You found a chest!	you found a chest!	result/search	needs-context	Вы нашли сундук!			Same English item text exists in both versions but serialized locations differ. v1.1.2 locations=level3:4305:raw_length_prefixed@808124:ItemText; level3::raw_ascii@808124:; translations/source_queue.tsv:::; patches/xunity_autotranslator/BepInEx/Translation/ru/Text/_AutoGeneratedTranslations.txt:::; v1.1.3 locations=level3:4337:raw_length_prefixed@811836:ItemText; level3::raw_ascii@811836:; translations/source_queue.tsv:::; patches/xunity_autotranslator/BepInEx/Translation/ru/Text/_AutoGeneratedTranslations.txt:::. Use source text plus neighbouring object context, not path_id/list index.
v1.1.3	level3	MonoBehaviour	4350	ItemText	raw_length_prefixed@818796	Scuba set was damaged in the process.	scuba set was damaged in the process.	notification	needs-context	В процессе был поврежден акваланг.			Same English item text exists in both versions but serialized locations differ. v1.1.2 locations=level3:4318:raw_length_prefixed@815084:ItemText; level3::raw_ascii@815084:; translations/source_queue.tsv:::; patches/xunity_autotranslator/BepInEx/Translation/ru/Text/_AutoGeneratedTranslations.txt:::; v1.1.3 locations=level3:4350:raw_length_prefixed@818796:ItemText; level3::raw_ascii@818796:; translations/source_queue.tsv:::; patches/xunity_autotranslator/BepInEx/Translation/ru/Text/_AutoGeneratedTranslations.txt:::. Use source text plus neighbouring object context, not path_id/list index.
v1.1.3	level3	MonoBehaviour	4354	ItemText	raw_length_prefixed@820940	You found food.	you found food.	result/search	needs-context	Вы нашли еду.			Same English item text exists in both versions but serialized locations differ. v1.1.2 locations=level3:4322:raw_length_prefixed@817228:ItemText; level3::raw_ascii@817228:; translations/source_queue.tsv:::; patches/xunity_autotranslator/BepInEx/Translation/ru/Text/_AutoGeneratedTranslations.txt:::; v1.1.3 locations=level3:4354:raw_length_prefixed@820940:ItemText; level3::raw_ascii@820940:; translations/source_queue.tsv:::; patches/xunity_autotranslator/BepInEx/Translation/ru/Text/_AutoGeneratedTranslations.txt:::. Use source text plus neighbouring object context, not path_id/list index.
v1.1.3	level3	MonoBehaviour	4361	Title	raw_length_prefixed@824700	Items Lost	items lost	unknown	needs-context	Потеряно предметов			Same English item text exists in both versions but serialized locations differ. v1.1.2 locations=level3:4329:raw_length_prefixed@820988:Title; level3::raw_ascii@820988:; translations/source_queue.tsv:::; patches/xunity_autotranslator/BepInEx/Translation/ru/Text/_AutoGeneratedTranslations.txt:::; v1.1.3 locations=level3:4361:raw_length_prefixed@824700:Title; level3::raw_ascii@824700:; translations/source_queue.tsv:::; patches/xunity_autotranslator/BepInEx/Translation/ru/Text/_AutoGeneratedTranslations.txt:::. Use source text plus neighbouring object context, not path_id/list index.
v1.1.3	level3	MonoBehaviour	4367	ItemText	raw_length_prefixed@827884	You hurt yourself while searching.	you hurt yourself while searching.	result/search	needs-context	Вы поранились во время поиска.			Same English item text exists in both versions but serialized locations differ. v1.1.2 locations=level3:4335:raw_length_prefixed@824172:ItemText; v1.1.3 locations=level3:4367:raw_length_prefixed@827884:ItemText. Use source text plus neighbouring object context, not path_id/list index.
v1.1.3	level3	MonoBehaviour	4375	SpecialityText	raw_length_prefixed@832172	Prepare Bait	prepare bait	ui	needs-context	Подготовить наживку			Same English item text exists in both versions but serialized locations differ. v1.1.2 locations=level3:4343:raw_length_prefixed@828460:SpecialityText; level3::raw_ascii@828460:; translations/source_queue.tsv:::; patches/xunity_autotranslator/BepInEx/Translation/ru/Text/_AutoGeneratedTranslations.txt:::; v1.1.3 locations=level3:4375:raw_length_prefixed@832172:SpecialityText; level3::raw_ascii@832172:; translations/source_queue.tsv:::; patches/xunity_autotranslator/BepInEx/Translation/ru/Text/_AutoGeneratedTranslations.txt:::. Use source text plus neighbouring object context, not path_id/list index.
v1.1.3	level3	MonoBehaviour	4382	myselfcannot_txt	raw_length_prefixed@835884	Not enough energy...	not enough energy...	notification	needs-context	Недостаточно энергии...			Same English item text exists in both versions but serialized locations differ. v1.1.2 locations=level3:4350:raw_length_prefixed@832172:myselfcannot_txt; level3::raw_ascii@832172:; translations/source_queue.tsv:::; translations/ru.tsv:::; patches/xunity_autotranslator/BepInEx/Translation/ru/Text/_AutoGeneratedTranslations.txt:::; v1.1.3 locations=level3:4382:raw_length_prefixed@835884:myselfcannot_txt; level3::raw_ascii@835884:; translations/source_queue.tsv:::; translations/ru.tsv:::; patches/xunity_autotranslator/BepInEx/Translation/ru/Text/_AutoGeneratedTranslations.txt:::. Use source text plus neighbouring object context, not path_id/list index.
v1.1.3	level3	MonoBehaviour	4383	Title	raw_length_prefixed@836428	Items Found	items found	result/search	needs-context	Найдено предметов			Same English item text exists in both versions but serialized locations differ. v1.1.2 locations=level3:4351:raw_length_prefixed@832716:Title; level3::raw_ascii@832716:; translations/source_queue.tsv:::; patches/xunity_autotranslator/BepInEx/Translation/ru/Text/_AutoGeneratedTranslations.txt:::; v1.1.3 locations=level3:4383:raw_length_prefixed@836428:Title; level3::raw_ascii@836428:; translations/source_queue.tsv:::; patches/xunity_autotranslator/BepInEx/Translation/ru/Text/_AutoGeneratedTranslations.txt:::. Use source text plus neighbouring object context, not path_id/list index.
v1.1.3	level3	MonoBehaviour	4384	ItemText	raw_length_prefixed@836956	You found bait.	you found bait.	result/search	needs-context	Вы нашли наживку.			Same English item text exists in both versions but serialized locations differ. v1.1.2 locations=level3:4352:raw_length_prefixed@833244:ItemText; level3::raw_ascii@833244:; translations/source_queue.tsv:::; patches/xunity_autotranslator/BepInEx/Translation/ru/Text/_AutoGeneratedTranslations.txt:::; v1.1.3 locations=level3:4384:raw_length_prefixed@836956:ItemText; level3::raw_ascii@836956:; translations/source_queue.tsv:::; patches/xunity_autotranslator/BepInEx/Translation/ru/Text/_AutoGeneratedTranslations.txt:::. Use source text plus neighbouring object context, not path_id/list index.
v1.1.3	level3	MonoBehaviour	4393	CursorTipText_subText	raw_length_prefixed@842044	Eat Fish!	eat fish!	unknown	needs-context	Съесть рыбу!			Same English item text exists in both versions but serialized locations differ. v1.1.2 locations=level3:4361:raw_length_prefixed@838332:CursorTipText_subText; level3::raw_ascii@838332:; translations/source_queue.tsv:::; translations/ru.tsv:::; patches/xunity_autotranslator/BepInEx/Translation/ru/Text/_AutoGeneratedTranslations.txt:::; v1.1.3 locations=level3:4393:raw_length_prefixed@842044:CursorTipText_subText; level3::raw_ascii@842044:; translations/source_queue.tsv:::; translations/ru.tsv:::; patches/xunity_autotranslator/BepInEx/Translation/ru/Text/_AutoGeneratedTranslations.txt:::. Use source text plus neighbouring object context, not path_id/list index.
v1.1.3	level3	MonoBehaviour	4395	CursorTipText	raw_length_prefixed@843100	Fish Food	fish food	ui	needs-context	Наживка			Same English item text exists in both versions but serialized locations differ. v1.1.2 locations=level3:4363:raw_length_prefixed@839388:CursorTipText; level3::raw_ascii@839388:; translations/source_queue.tsv:::; translations/ru.tsv:::; patches/xunity_autotranslator/BepInEx/Translation/ru/Text/_AutoGeneratedTranslations.txt:::; v1.1.3 locations=level3:4395:raw_length_prefixed@843100:CursorTipText; level3::raw_ascii@843100:; translations/source_queue.tsv:::; translations/ru.tsv:::; patches/xunity_autotranslator/BepInEx/Translation/ru/Text/_AutoGeneratedTranslations.txt:::. Use source text plus neighbouring object context, not path_id/list index.
v1.1.3	level3	MonoBehaviour	4688	scuba_set	raw_length_prefixed@902896	Sea Search	sea search	result/search	needs-context	Поиск в море			Same English item text exists in both versions but serialized locations differ. v1.1.2 locations=level3:4653:raw_length_prefixed@897536:scuba_set; v1.1.3 locations=level3:4688:raw_length_prefixed@902896:scuba_set. Use source text plus neighbouring object context, not path_id/list index.
v1.1.3	level3	MonoBehaviour	4709	hookgun (broken)	raw_length_prefixed@905568	Broken Harpoon Gun	broken harpoon gun	notification	needs-context	Сломанный гарпун			Same English item text exists in both versions but serialized locations differ. v1.1.2 locations=level3:4674:raw_length_prefixed@900208:hookgun (broken); level3::raw_ascii@900208:; level4:10183:raw_length_prefixed@2137216:hookgun (broken); translations/source_queue.tsv:::; patches/xunity_autotranslator/BepInEx/Translation/ru/Text/_AutoGeneratedTranslations.txt:::; v1.1.3 locations=level3:4709:raw_length_prefixed@905568:hookgun (broken); level3::raw_ascii@905568:; level4:10942:raw_length_prefixed@2243696:hookgun (broken); translations/source_queue.tsv:::; patches/xunity_autotranslator/BepInEx/Translation/ru/Text/_AutoGeneratedTranslations.txt:::. Use source text plus neighbouring object context, not path_id/list index.
v1.1.3	level3	MonoBehaviour	4764	Task_Fishing	raw_length_prefixed@914808	Broken Compass	broken compass	notification	needs-context	Сломанный компас	Useful for fishing! | Wet Duct Tape | Seems useable!	Looks reparable! | Torn Fishing Net | Looks reparable!	Same English item text exists in both versions but serialized locations differ. v1.1.2 locations=level3:4729:raw_length_prefixed@909448:Task_Fishing; level3:4771:raw_length_prefixed@918976:compass (broken); level3::raw_ascii@909448:; level3::raw_ascii@918976:; level4:10051:raw_length_prefixed@2118832:compass (broken); +2 more; v1.1.3 locations=level3:4764:raw_length_prefixed@914808:Task_Fishing; level3:4806:raw_length_prefixed@924416:compass (broken); level3::raw_ascii@914808:; level3::raw_ascii@924416:; level4:10810:raw_length_prefixed@2225312:compass (broken); +2 more. Use source text plus neighbouring object context, not path_id/list index.
v1.1.3	level3	MonoBehaviour	4832	scuba_set (broken)	raw_length_prefixed@928512	Broken Scuba Set	broken scuba set	notification	needs-context	Сломанный акваланг			Same English item text exists in both versions but serialized locations differ. v1.1.2 locations=level3:4797:raw_length_prefixed@923072:scuba_set (broken); level3::raw_ascii@923072:; level4:9766:raw_length_prefixed@2083104:scuba_set (broken); translations/source_queue.tsv:::; patches/xunity_autotranslator/BepInEx/Translation/ru/Text/_AutoGeneratedTranslations.txt:::; v1.1.3 locations=level3:4832:raw_length_prefixed@928512:scuba_set (broken); level3::raw_ascii@928512:; level4:10518:raw_length_prefixed@2187920:scuba_set (broken); translations/source_queue.tsv:::; patches/xunity_autotranslator/BepInEx/Translation/ru/Text/_AutoGeneratedTranslations.txt:::. Use source text plus neighbouring object context, not path_id/list index.
v1.1.3	level3	GameObject	717	hookgun (broken)	m_Name	hookgun (broken)	hookgun (broken)	notification	needs-context				Same English item text exists in both versions but serialized locations differ. v1.1.2 locations=level3:717:m_Name:hookgun (broken); level4:2079:m_Name:hookgun (broken); v1.1.3 locations=level3:717:m_Name:hookgun (broken); level4:2350:m_Name:hookgun (broken). Use source text plus neighbouring object context, not path_id/list index.
v1.1.3	level3	GameObject	931	compass (broken)	m_Name	compass (broken)	compass (broken)	notification	needs-context				Same English item text exists in both versions but serialized locations differ. v1.1.2 locations=level3:931:m_Name:compass (broken); level4:1573:m_Name:compass (broken); v1.1.3 locations=level3:931:m_Name:compass (broken); level4:1783:m_Name:compass (broken). Use source text plus neighbouring object context, not path_id/list index.
v1.1.3	level3	GameObject	973	net (broken)	m_Name	net (broken)	net (broken)	notification	needs-context				Same English item text exists in both versions but serialized locations differ. v1.1.2 locations=level3:973:m_Name:net (broken); level4:794:m_Name:net (broken); v1.1.3 locations=level3:973:m_Name:net (broken); level4:901:m_Name:net (broken). Use source text plus neighbouring object context, not path_id/list index.
v1.1.3	level3	GameObject	984	scuba_set (broken)	m_Name	scuba_set (broken)	scuba_set (broken)	notification	needs-context				Same English item text exists in both versions but serialized locations differ. v1.1.2 locations=level3:984:m_Name:scuba_set (broken); level4:469:m_Name:scuba_set (broken); v1.1.3 locations=level3:984:m_Name:scuba_set (broken); level4:534:m_Name:scuba_set (broken). Use source text plus neighbouring object context, not path_id/list index.
v1.1.3	level4	raw_bytes			raw_ascii@313984	ChestAttack	chestattack	unknown	needs-context		mixamorig:Hips | FishIntoBoat | mixamorig:LeftHandThumb3	mixamorig:LeftHandThumb1 | mixamorig:RightHandThumb3 | mixamorig:Spine2	Same English item text exists in both versions but serialized locations differ. v1.1.2 locations=level4::raw_ascii@291120:; sharedassets1.assets:520:m_Name:ChestAttack; sharedassets1.assets:520:raw_length_prefixed@9857136:ChestAttack; sharedassets1.assets::raw_ascii@9857136:; v1.1.3 locations=level4::raw_ascii@313984:; sharedassets1.assets:530:m_Name:ChestAttack; sharedassets1.assets:530:raw_length_prefixed@7337392:ChestAttack; sharedassets1.assets::raw_ascii@7337392:. Use source text plus neighbouring object context, not path_id/list index.
v1.1.3	level4	raw_bytes			raw_ascii@428120	ChestFound	chestfound	result/search	needs-context		Point Light (1) | mixamorig:RightHand | mixamorig:LeftHandThumb1	LootBoxChest N | mixamorig:LeftArm | Trader3	Same English item text exists in both versions but serialized locations differ. v1.1.2 locations=level4::raw_ascii@393384:; v1.1.3 locations=level4::raw_ascii@428120:. Use source text plus neighbouring object context, not path_id/list index.
v1.1.3	level4	raw_bytes			raw_ascii@387164	ChooseItemHud	chooseitemhud	unknown	needs-context		mixamorig:RightHandIndex2 | mixamorig:Spine | compass (broken) N	mixamorig:Spine2 | Point Light (2) | mixamorig:LeftUpLeg	Same English item text exists in both versions but serialized locations differ. v1.1.2 locations=level4::raw_ascii@356540:; v1.1.3 locations=level4::raw_ascii@387164:. Use source text plus neighbouring object context, not path_id/list index.
v1.1.3	level4	raw_bytes			raw_ascii@401000	Fishies	fishies	unknown	needs-context		mixamorig:LeftHandThumb4 | SmallMonsterFishes | mixamorig:LeftShoulder	Particle System | mixamorig:LeftForeArm | TraderPaddleRight	Same English item text exists in both versions but serialized locations differ. v1.1.2 locations=level4::raw_ascii@368872:; v1.1.3 locations=level4::raw_ascii@401000:. Use source text plus neighbouring object context, not path_id/list index.
v1.1.3	level4	raw_bytes			raw_ascii@313776	FishIntoBoat	fishintoboat	unknown	needs-context		Text (TMP) | mixamorig:LeftHandIndex1 | mixamorig:Hips	mixamorig:LeftHandThumb3 | ChestAttack | mixamorig:LeftHandThumb1	Same English item text exists in both versions but serialized locations differ. v1.1.2 locations=level4::raw_ascii@290912:; sharedassets1.assets:498:m_Name:FishIntoBoat; sharedassets1.assets:498:raw_length_prefixed@9840640:FishIntoBoat; sharedassets1.assets::raw_ascii@9840640:; v1.1.3 locations=level4::raw_ascii@313776:; sharedassets1.assets:508:m_Name:FishIntoBoat; sharedassets1.assets:508:raw_length_prefixed@7320288:FishIntoBoat; sharedassets1.assets::raw_ascii@7320288:. Use source text plus neighbouring object context, not path_id/list index.
v1.1.3	level4	raw_bytes			raw_ascii@379120	FishSquad	fishsquad	unknown	needs-context		mixamorig:Spine1 | Trader5 | mixamorig:RightToeBase	Point Light (1) | mixamorig:Head | Text (TMP)	Same English item text exists in both versions but serialized locations differ. v1.1.2 locations=level4::raw_ascii@349488:; sharedassets1.assets:509:m_Name:FishSquad; sharedassets1.assets:509:raw_length_prefixed@9848712:FishSquad; sharedassets1.assets::raw_ascii@9848712:; v1.1.3 locations=level4::raw_ascii@379120:; sharedassets1.assets:519:m_Name:FishSquad; sharedassets1.assets:519:raw_length_prefixed@7328464:FishSquad; sharedassets1.assets::raw_ascii@7328464:. Use source text plus neighbouring object context, not path_id/list index.
v1.1.3	level4	raw_bytes			raw_ascii@386632	itemReceived	itemreceived	unknown	needs-context		mixamorig:RightLeg | mixamorig:RightShoulder | mixamorig:Neck	mixamorig:RightHandIndex2 | mixamorig:Spine | compass (broken) N	Same English item text exists in both versions but serialized locations differ. v1.1.2 locations=level4::raw_ascii@356120:; v1.1.3 locations=level4::raw_ascii@386632:. Use source text plus neighbouring object context, not path_id/list index.
v1.1.3	level4	raw_bytes			raw_ascii@331832	itemToGive	itemtogive	unknown	needs-context		Point Light | mixamorig:RightUpLeg | FriendText	mixamorig:RightHandIndex4 | mixamorig:RightShoulder | mixamorig:LeftHandIndex3	Same English item text exists in both versions but serialized locations differ. v1.1.2 locations=level4::raw_ascii@307016:; v1.1.3 locations=level4::raw_ascii@331832:. Use source text plus neighbouring object context, not path_id/list index.
v1.1.3	level4	raw_bytes			raw_ascii@428192	LootBoxChest N	lootboxchest n	unknown	needs-context		mixamorig:RightHand | mixamorig:LeftHandThumb1 | ChestFound	mixamorig:LeftArm | Trader3 | mixamorig:RightHandIndex2	Same English item text exists in both versions but serialized locations differ. v1.1.2 locations=level4::raw_ascii@393456:; v1.1.3 locations=level4::raw_ascii@428192:. Use source text plus neighbouring object context, not path_id/list index.
v1.1.3	level4	raw_bytes			raw_ascii@323424	MonsterFish	monsterfish	unknown	needs-context		Point Light | Point Light (1) | mixamorig:LeftUpLeg	mixamorig:RightShoulder | mixamorig:Head | TraderBody	Same English item text exists in both versions but serialized locations differ. v1.1.2 locations=level4::raw_ascii@299712:; sharedassets1.assets:512:m_Name:MonsterFish; sharedassets1.assets:512:raw_length_prefixed@9850736:MonsterFish; sharedassets1.assets::raw_ascii@9850736:; v1.1.3 locations=level4::raw_ascii@323424:; sharedassets1.assets:522:m_Name:MonsterFish; sharedassets1.assets:522:raw_length_prefixed@7330912:MonsterFish; sharedassets1.assets::raw_ascii@7330912:. Use source text plus neighbouring object context, not path_id/list index.
v1.1.3	level4	raw_bytes			raw_ascii@320616	MonsterFishModel	monsterfishmodel	unknown	needs-context		mixamorig:RightUpLeg | Point Light (1) | mixamorig:LeftLeg	mixamorig:LeftLeg | mixamorig:RightUpLeg | TraderCanvas	Same English item text exists in both versions but serialized locations differ. v1.1.2 locations=level4::raw_ascii@297032:; level4::raw_ascii@381032:; level4::raw_ascii@388632:; level4::raw_ascii@413320:; v1.1.3 locations=level4::raw_ascii@320616:; level4::raw_ascii@414472:; level4::raw_ascii@422600:. Use source text plus neighbouring object context, not path_id/list index.
v1.1.3	level4	raw_bytes			raw_ascii@377280	MysteryChest	mysterychest	unknown	needs-context		mixamorig:LeftHand | FriendText | Point Light (4)	mixamorig:LeftHandThumb2 | mixamorig:LeftHandThumb4 | mixamorig:RightHandIndex1	Same English item text exists in both versions but serialized locations differ. v1.1.2 locations=level4::raw_ascii@347776:; sharedassets1.assets:513:m_Name:MysteryChest; sharedassets1.assets:513:raw_length_prefixed@9852088:MysteryChest; sharedassets1.assets::raw_ascii@9852088:; v1.1.3 locations=level4::raw_ascii@377280:; sharedassets1.assets:523:m_Name:MysteryChest; sharedassets1.assets:523:raw_length_prefixed@7332272:MysteryChest; sharedassets1.assets::raw_ascii@7332272:. Use source text plus neighbouring object context, not path_id/list index.
v1.1.3	level4	raw_bytes			raw_ascii@394256	SleepingUnwell	sleepingunwell	ui	needs-context		mixamorig:LeftShoulder | mixamorig:RightForeArm | mixamorig:Spine2	mixamorig:LeftHandThumb1 | ChestModel | TraderHandRight	Same English item text exists in both versions but serialized locations differ. v1.1.2 locations=level4::raw_ascii@362800:; sharedassets1.assets:505:m_Name:SleepingUnwell; sharedassets1.assets:505:raw_length_prefixed@9846008:SleepingUnwell; sharedassets1.assets::raw_ascii@9846008:; v1.1.3 locations=level4::raw_ascii@394256:; sharedassets1.assets:515:m_Name:SleepingUnwell; sharedassets1.assets:515:raw_length_prefixed@7325728:SleepingUnwell; sharedassets1.assets::raw_ascii@7325728:. Use source text plus neighbouring object context, not path_id/list index.
v1.1.3	level4	raw_bytes			raw_ascii@276752	SmallMonsterFish	smallmonsterfish	unknown	needs-context		GoToSleepText (8) | mixamorig:LeftHandIndex1 | mixamorig:RightFoot	TraderHandRight | mixamorig:LeftUpLeg | mixamorig:LeftFoot	Same English item text exists in both versions but serialized locations differ. v1.1.2 locations=level4::raw_ascii@257696:; v1.1.3 locations=level4::raw_ascii@276752:. Use source text plus neighbouring object context, not path_id/list index.
v1.1.3	level4	raw_bytes			raw_ascii@400616	SmallMonsterFishes	smallmonsterfishes	unknown	needs-context		Point Light (2) | mixamorig:LeftHand | mixamorig:LeftHandThumb4	mixamorig:LeftShoulder | Fishies | Particle System	Same English item text exists in both versions but serialized locations differ. v1.1.2 locations=level4::raw_ascii@368600:; sharedassets1.assets:514:m_Name:SmallMonsterFishes; sharedassets1.assets:514:raw_length_prefixed@9852584:SmallMonsterFishes; sharedassets1.assets::raw_ascii@9852584:; v1.1.3 locations=level4::raw_ascii@400616:; sharedassets1.assets:524:m_Name:SmallMonsterFishes; sharedassets1.assets:524:raw_length_prefixed@7332784:SmallMonsterFishes; sharedassets1.assets::raw_ascii@7332784:. Use source text plus neighbouring object context, not path_id/list index.
v1.1.3	level4	MonoBehaviour	10348	choice_question_text	raw_length_prefixed@2144412	Choose an item...	choose an item...	unknown	needs-context	Выберите предмет...			Same English item text exists in both versions but serialized locations differ. v1.1.2 locations=level4:9603:raw_length_prefixed@2042540:choice_question_text; translations/source_queue.tsv:::; patches/xunity_autotranslator/BepInEx/Translation/ru/Text/_AutoGeneratedTranslations.txt:::; v1.1.3 locations=level4:10348:raw_length_prefixed@2144412:choice_question_text; translations/source_queue.tsv:::; patches/xunity_autotranslator/BepInEx/Translation/ru/Text/_AutoGeneratedTranslations.txt:::. Use source text plus neighbouring object context, not path_id/list index.
v1.1.3	level4	MonoBehaviour	10828	HandyMan	raw_length_prefixed@2228056	chest	chest	unknown	needs-context	Сундук			Same English item text exists in both versions but serialized locations differ. v1.1.2 locations=level4:10069:raw_length_prefixed@2121576:HandyMan; level4:10204:raw_length_prefixed@2139648:LootBoxChest; sharedassets1.assets:470:m_Name:chest; sharedassets1.assets:470:raw_length_prefixed@9836152:chest; sharedassets1.assets:470:raw_length_prefixed@9836164:chest; +6 more; v1.1.3 locations=level4:10828:raw_length_prefixed@2228056:HandyMan; level4:10963:raw_length_prefixed@2246128:LootBoxChest; sharedassets1.assets:480:m_Name:chest; sharedassets1.assets:480:raw_length_prefixed@7315664:chest; sharedassets1.assets:480:raw_length_prefixed@7315676:chest; +6 more. Use source text plus neighbouring object context, not path_id/list index.
v1.1.3	resources.assets	raw_bytes			raw_ascii@3468520	Base Map	base map	unknown	needs-context		LIGHTMODE | RenderType | RenderType	Base Color | Alpha Cutoff | Normal Map	Same English item text exists in both versions but serialized locations differ. v1.1.2 locations=resources.assets::raw_ascii@3468520:; sharedassets2.assets::raw_ascii@1576124:; v1.1.3 locations=resources.assets::raw_ascii@3468520:; sharedassets2.assets::raw_ascii@1575500:. Use source text plus neighbouring object context, not path_id/list index.
v1.1.3	resources.assets	raw_bytes			raw_ascii@3367216	Normal Map	normal map	unknown	needs-context		Smoothness texture channel | Enum(Metallic Alpha,0,Albedo Alpha,1) | Glossy Reflections	Height Scale | Height Map | Detail Mask	Same English item text exists in both versions but serialized locations differ. v1.1.2 locations=resources.assets::raw_ascii@3367216:; resources.assets::raw_ascii@3367960:; resources.assets::raw_ascii@3468720:; sharedassets1.assets::raw_ascii@9215440:; v1.1.3 locations=resources.assets::raw_ascii@3367216:; resources.assets::raw_ascii@3367960:; resources.assets::raw_ascii@3468720:; sharedassets1.assets::raw_ascii@6689608:. Use source text plus neighbouring object context, not path_id/list index.
v1.1.3	resources.assets	MonoBehaviour	2249	Previous	raw_length_prefixed@16126748	SelectPreviousItem	selectpreviousitem	unknown	needs-context				Same English item text exists in both versions but serialized locations differ. v1.1.2 locations=resources.assets:2249:raw_length_prefixed@16124812:Previous; v1.1.3 locations=resources.assets:2249:raw_length_prefixed@16126748:Previous. Use source text plus neighbouring object context, not path_id/list index.
v1.1.3	resources.assets	MonoBehaviour	2254	Next	raw_length_prefixed@16127724	SelectNextItem	selectnextitem	unknown	needs-context				Same English item text exists in both versions but serialized locations differ. v1.1.2 locations=resources.assets:2254:raw_length_prefixed@16125788:Next; v1.1.3 locations=resources.assets:2254:raw_length_prefixed@16127724:Next. Use source text plus neighbouring object context, not path_id/list index.
v1.1.3	sharedassets1.assets	raw_bytes			raw_ascii@5854536	KeywordEnum(Advanced, Normal)	keywordenum(advanced, normal)	unknown	needs-context		Water Quality | KeywordEnum(High Quality, Low Quality) | Refraction Quality	Color A | Color B | Color C	Same English item text exists in both versions but serialized locations differ. v1.1.2 locations=sharedassets1.assets::raw_ascii@8380376:; v1.1.3 locations=sharedassets1.assets::raw_ascii@5854536:. Use source text plus neighbouring object context, not path_id/list index.
v1.1.3	sharedassets1.assets	raw_bytes			raw_ascii@5854408	KeywordEnum(High Quality, Low Quality)	keywordenum(high quality, low quality)	unknown	needs-context		y y | u u | Water Quality	Refraction Quality | KeywordEnum(Advanced, Normal) | Color A	Same English item text exists in both versions but serialized locations differ. v1.1.2 locations=sharedassets1.assets::raw_ascii@8380248:; v1.1.3 locations=sharedassets1.assets::raw_ascii@5854408:. Use source text plus neighbouring object context, not path_id/list index.
v1.1.3	sharedassets3.assets	raw_bytes			raw_ascii@587728	ByeByeChest	byebyechest	unknown	needs-context		s8E | L u | JBUU)A	A9X | SL5y | SL5y	Same English item text exists in both versions but serialized locations differ. v1.1.2 locations=sharedassets3.assets::raw_ascii@1005176:; v1.1.3 locations=sharedassets3.assets::raw_ascii@587728:. Use source text plus neighbouring object context, not path_id/list index.
v1.1.3	sharedassets3.assets	raw_bytes			raw_ascii@634592	CatchFish	catchfish	unknown	needs-context		SL5y | PlayFishShowSound | ShowFish	ShowFish | CatchFish | StartFishWait	Same English item text exists in both versions but serialized locations differ. v1.1.2 locations=sharedassets3.assets::raw_ascii@1051984:; sharedassets3.assets::raw_ascii@1059356:; v1.1.3 locations=sharedassets3.assets::raw_ascii@634592:; sharedassets3.assets::raw_ascii@641972:. Use source text plus neighbouring object context, not path_id/list index.
v1.1.3	sharedassets3.assets	raw_bytes			raw_ascii@858680	FishInfo	fishinfo	unknown	needs-context		fishTO | fishTO | FishingAnimator	end | JournalTextLayer | FriendhudLayer	Same English item text exists in both versions but serialized locations differ. v1.1.2 locations=sharedassets3.assets::raw_ascii@1275592:; v1.1.3 locations=sharedassets3.assets::raw_ascii@858680:. Use source text plus neighbouring object context, not path_id/list index.
v1.1.3	sharedassets3.assets	raw_bytes			raw_ascii@853444	FishingAnimator	fishinganimator	unknown	needs-context		fishTO | fishTO | fishTO	FishInfo | end | JournalTextLayer	Same English item text exists in both versions but serialized locations differ. v1.1.2 locations=sharedassets3.assets::raw_ascii@1270356:; v1.1.3 locations=sharedassets3.assets::raw_ascii@853444:. Use source text plus neighbouring object context, not path_id/list index.
v1.1.3	sharedassets3.assets	raw_bytes			raw_ascii@847096	fishTO	fishto	unknown	needs-context		THE BOAT | GoToSleep | GoToSleepL	fishTO | fishTO | FishingAnimator	Same English item text exists in both versions but serialized locations differ. v1.1.2 locations=sharedassets3.assets::raw_ascii@1264072:; sharedassets3.assets::raw_ascii@1264832:; sharedassets3.assets::raw_ascii@1265592:; v1.1.3 locations=sharedassets3.assets::raw_ascii@847096:; sharedassets3.assets::raw_ascii@847864:; sharedassets3.assets::raw_ascii@848632:. Use source text plus neighbouring object context, not path_id/list index.
v1.1.3	sharedassets3.assets	raw_bytes			raw_ascii@467172	getfish 1	getfish 1	unknown	needs-context		ww7A | DD8A | UU9A	Gi4e | getfish 2 | Gi4e	Same English item text exists in both versions but serialized locations differ. v1.1.2 locations=sharedassets3.assets::raw_ascii@884684:; v1.1.3 locations=sharedassets3.assets::raw_ascii@467172:. Use source text plus neighbouring object context, not path_id/list index.
v1.1.3	sharedassets3.assets	raw_bytes			raw_ascii@473108	getfish 2	getfish 2	unknown	needs-context		UU9A | getfish 1 | Gi4e	Gi4e | EG1B | Gi4e	Same English item text exists in both versions but serialized locations differ. v1.1.2 locations=sharedassets3.assets::raw_ascii@890620:; v1.1.3 locations=sharedassets3.assets::raw_ascii@473108:. Use source text plus neighbouring object context, not path_id/list index.
v1.1.3	sharedassets3.assets	raw_bytes			raw_ascii@806780	GetItems	getitems	unknown	needs-context		clickToArrow | B7I | g5E	THE BOAT | GoToSleep | GoToSleepL	Same English item text exists in both versions but serialized locations differ. v1.1.2 locations=sharedassets3.assets::raw_ascii@1223924:; v1.1.3 locations=sharedassets3.assets::raw_ascii@806780:. Use source text plus neighbouring object context, not path_id/list index.
v1.1.3	sharedassets3.assets	raw_bytes			raw_ascii@937644	ItemImg	itemimg	unknown	needs-context		o H | N7A | D A	A A	Same English item text exists in both versions but serialized locations differ. v1.1.2 locations=sharedassets3.assets::raw_ascii@1354372:; v1.1.3 locations=sharedassets3.assets::raw_ascii@937644:. Use source text plus neighbouring object context, not path_id/list index.
v1.1.3	sharedassets3.assets	raw_bytes			raw_ascii@628192	PlayFishShowSound	playfishshowsound	unknown	needs-context		A9X | SL5y | SL5y	ShowFish | CatchFish | ShowFish	Same English item text exists in both versions but serialized locations differ. v1.1.2 locations=sharedassets3.assets::raw_ascii@1045584:; v1.1.3 locations=sharedassets3.assets::raw_ascii@628192:. Use source text plus neighbouring object context, not path_id/list index.
v1.1.3	sharedassets3.assets	raw_bytes			raw_ascii@634428	ShowFish	showfish	unknown	needs-context		SL5y | SL5y | PlayFishShowSound	CatchFish | ShowFish | CatchFish	Same English item text exists in both versions but serialized locations differ. v1.1.2 locations=sharedassets3.assets::raw_ascii@1051820:; sharedassets3.assets::raw_ascii@1059312:; v1.1.3 locations=sharedassets3.assets::raw_ascii@634428:; sharedassets3.assets::raw_ascii@641928:. Use source text plus neighbouring object context, not path_id/list index.
v1.1.3	sharedassets3.assets	raw_bytes			raw_ascii@648472	StartFishWait	startfishwait	unknown	needs-context		CatchFish | ShowFish | CatchFish	SL5y | SL5y | SL5y	Same English item text exists in both versions but serialized locations differ. v1.1.2 locations=sharedassets3.assets::raw_ascii@1065856:; v1.1.3 locations=sharedassets3.assets::raw_ascii@648472:. Use source text plus neighbouring object context, not path_id/list index.
v1.1.3	sharedassets4.assets	raw_bytes			raw_ascii@3083920	BoatItemsMoving	boatitemsmoving	unknown	needs-context		E0C | E0C | E0C	StartChoiceMode | E0C | EndNightEvent	Same English item text exists in both versions but serialized locations differ. v1.1.2 locations=sharedassets4.assets::raw_ascii@3083264:; sharedassets4.assets::raw_ascii@3460416:; v1.1.3 locations=sharedassets4.assets::raw_ascii@3083920:; sharedassets4.assets::raw_ascii@3461072:. Use source text plus neighbouring object context, not path_id/list index.
v1.1.3	sharedassets5.assets	raw_bytes			raw_ascii@14132	WaterEndingUnder	waterendingunder	unknown	needs-context		Library/unity default resources | WaterEnding | RenderType	RenderType | RenderType | RenderType	Same English item text exists in both versions but serialized locations differ. v1.1.2 locations=sharedassets5.assets::raw_ascii@14004:; v1.1.3 locations=sharedassets5.assets::raw_ascii@14132:. Use source text plus neighbouring object context, not path_id/list index.
