priority	cluster_id	category	source_text	current_translation	recommended_translation	status	source_location	object_context	neighbouring_strings	where_to_fix	risk	notes
1	known_visual_ui_bugs:no_path	notification	Item Broken	Предмет сломан	Предмет сломан	done	known_visual_ui_bugs:	type=manual		translations/source_queue.tsv, then rebuild XUnity dictionary	medium: visible layout/clipping risk	Known bug: singular Item Broken remains untranslated.
1	known_visual_ui_bugs:no_path	notification	Item Found / Items Found clipped left notification			todo	known_visual_ui_bugs:	type=manual		add/update source-text entry in translations/source_queue.tsv	medium: visible layout/clipping risk	Known visual bug around Item Found / Найдено пре... clipping; review shorter wording and UI bounds.
1	known_visual_ui_bugs:no_path	result/search	RESULT/SEARCH paper title / ПОИСКА overlap			todo	known_visual_ui_bugs:	type=manual		add/update source-text entry in translations/source_queue.tsv	medium: visible layout/clipping risk	Known visual bug: result/search paper title overlaps with ПОИСКА; review layout/text without global UI layout changes.
1	known_visual_ui_bugs:no_path	notification	Scuba set was damaged in the process.	Акваланг повреждён.	Акваланг повреждён.	done	known_visual_ui_bugs:	type=manual		translations/source_queue.tsv, then rebuild XUnity dictionary	medium: visible layout/clipping risk	Known wording fix: shorter and uses ё.
1	known_visual_ui_bugs:no_path	notification	You found	Найдено:	Найдено:	done	known_visual_ui_bugs:	type=manual		translations/source_queue.tsv, then rebuild XUnity dictionary	medium: visible layout/clipping risk	Known wording fix for result/notification prefix.
1	known_visual_ui_bugs:no_path	result/search	Your search did not yield results.	Ничего не найдено.	Ничего не найдено.	done	known_visual_ui_bugs:	type=manual		translations/source_queue.tsv, then rebuild XUnity dictionary	medium: visible layout/clipping risk	Known wording fix: replace current Поиск ничего... / Поиск ничего не дал.
2	level1:1517	ui	Sleeping With The Fishes	Сон с рыбами		needs-context	level1:path_id=1517:raw_length_prefixed@171228	type=MonoBehaviour; name=Title; script=Unity.TextMeshPro:TMPro.TextMeshProUGUI; gameobject=Title; dump=level1/MonoBehaviour/1517__Title.json		translations/source_queue.tsv, then rebuild XUnity dictionary	medium: visible layout/clipping risk	Same English item text exists in both versions but serialized locations differ. v1.1.2 locations=level1:1479:raw_length_prefixed@166988:Title; level1:1548:raw_length_prefixed@204652:Title; level1:1559:raw_length_prefixed@210508:Title; level1::raw_ascii@166988:; level1::raw_ascii@204652:; +5 more; v1.1.3 locations=level1:1517:raw_length_prefixed@171228:Title; level1:1586:raw_length_prefixed@208892:Title; level1:1597:raw_length_prefixed@214748:Title; level1::raw_ascii@171228:; level1::raw_ascii@208892:; +5 more. Use source text plus neighbouring object context, not path_id/list index.
2	level1:1518	unknown	Light Items	Легкие предметы		needs-context	level1:path_id=1518:raw_length_prefixed@171772	type=MonoBehaviour; name=subtitle; script=Unity.TextMeshPro:TMPro.TextMeshProUGUI; gameobject=subtitle; dump=level1/MonoBehaviour/1518__subtitle.json		translations/source_queue.tsv, then rebuild XUnity dictionary	low/medium: verify in clean v1.1.3	Same English item text exists in both versions but serialized locations differ. v1.1.2 locations=level1:1480:raw_length_prefixed@167532:subtitle; level1::raw_ascii@167532:; translations/source_queue.tsv:::; patches/xunity_autotranslator/BepInEx/Translation/ru/Text/_AutoGeneratedTranslations.txt:::; v1.1.3 locations=level1:1518:raw_length_prefixed@171772:subtitle; level1::raw_ascii@171772:; translations/source_queue.tsv:::; patches/xunity_autotranslator/BepInEx/Translation/ru/Text/_AutoGeneratedTranslations.txt:::. Use source text plus neighbouring object context, not path_id/list index.
2	level1:1528	unknown	Heavy Items	Тяжелые предметы		needs-context	level1:path_id=1528:raw_length_prefixed@177084	type=MonoBehaviour; name=subtitle; script=Unity.TextMeshPro:TMPro.TextMeshProUGUI; gameobject=subtitle; dump=level1/MonoBehaviour/1528__subtitle.json		translations/source_queue.tsv, then rebuild XUnity dictionary	low/medium: verify in clean v1.1.3	Same English item text exists in both versions but serialized locations differ. v1.1.2 locations=level1:1490:raw_length_prefixed@172844:subtitle; level1::raw_ascii@172844:; translations/source_queue.tsv:::; patches/xunity_autotranslator/BepInEx/Translation/ru/Text/_AutoGeneratedTranslations.txt:::; v1.1.3 locations=level1:1528:raw_length_prefixed@177084:subtitle; level1::raw_ascii@177084:; translations/source_queue.tsv:::; patches/xunity_autotranslator/BepInEx/Translation/ru/Text/_AutoGeneratedTranslations.txt:::. Use source text plus neighbouring object context, not path_id/list index.
2	level1:1529	notification	Time is running out! Gather whatever you can and toss it into your lifeboat, before the ship sinks. Every item counts! Escape by staying near the boat at the end! However, it can only carry one more person besides you.	Время на исходе! Соберите все, что сможете, и бросайте в спасательную шлюпку, пока корабль не затонул. Важен каждый предмет! Чтобы спастись, в конце оставайтесь рядом со шлюпкой. Но кроме вас она выдержит только еще одного человека.		needs-context	level1:path_id=1529:raw_length_prefixed@177612	type=MonoBehaviour; name=howtoplay_txt; script=Unity.TextMeshPro:TMPro.TextMeshProUGUI; gameobject=howtoplay_txt; dump=level1/MonoBehaviour/1529__howtoplay_txt.json		translations/source_queue.tsv, then rebuild XUnity dictionary	medium: visible layout/clipping risk	Same English item text exists in both versions but serialized locations differ. v1.1.2 locations=level1:1491:raw_length_prefixed@173372:howtoplay_txt; level1::raw_ascii@173372:; translations/source_queue.tsv:::; patches/xunity_autotranslator/BepInEx/Translation/ru/Text/_AutoGeneratedTranslations.txt:::; v1.1.3 locations=level1:1529:raw_length_prefixed@177612:howtoplay_txt; level1::raw_ascii@177612:; translations/source_queue.tsv:::; patches/xunity_autotranslator/BepInEx/Translation/ru/Text/_AutoGeneratedTranslations.txt:::. Use source text plus neighbouring object context, not path_id/list index.
2	level1:1548	notification	If your night does get interrupted, use an item you brought to handle the situation. If you have no answer, you can try going back to sleep. Sometimes, that’s your only option.	Если ночью вас что-то прервет, используйте взятый предмет, чтобы справиться с ситуацией. Если выхода нет, можно попробовать снова уснуть. Иногда это единственный вариант.		needs-context	level1:path_id=1548:raw_length_prefixed@187996	type=MonoBehaviour; name=howtoplay_txt; script=Unity.TextMeshPro:TMPro.TextMeshProUGUI; gameobject=howtoplay_txt; dump=level1/MonoBehaviour/1548__howtoplay_txt.json		translations/source_queue.tsv, then rebuild XUnity dictionary	medium: visible layout/clipping risk	Same English item text exists in both versions but serialized locations differ. v1.1.2 locations=level1:1510:raw_length_prefixed@183756:howtoplay_txt; translations/source_queue.tsv:::; patches/xunity_autotranslator/BepInEx/Translation/ru/Text/_AutoGeneratedTranslations.txt:::; v1.1.3 locations=level1:1548:raw_length_prefixed@187996:howtoplay_txt; translations/source_queue.tsv:::; patches/xunity_autotranslator/BepInEx/Translation/ru/Text/_AutoGeneratedTranslations.txt:::. Use source text plus neighbouring object context, not path_id/list index.
2	level1:1557	unknown	Super Energy	Суперэнергия		needs-context	level1:path_id=1557:raw_length_prefixed@192924	type=MonoBehaviour; name=subtitle; script=Unity.TextMeshPro:TMPro.TextMeshProUGUI; gameobject=subtitle; dump=level1/MonoBehaviour/1557__subtitle.json		translations/source_queue.tsv, then rebuild XUnity dictionary	low/medium: verify in clean v1.1.3	Same English item text exists in both versions but serialized locations differ. v1.1.2 locations=level1:1519:raw_length_prefixed@188684:subtitle; level1::raw_ascii@188684:; translations/source_queue.tsv:::; patches/xunity_autotranslator/BepInEx/Translation/ru/Text/_AutoGeneratedTranslations.txt:::; v1.1.3 locations=level1:1557:raw_length_prefixed@192924:subtitle; level1::raw_ascii@192924:; translations/source_queue.tsv:::; patches/xunity_autotranslator/BepInEx/Translation/ru/Text/_AutoGeneratedTranslations.txt:::. Use source text plus neighbouring object context, not path_id/list index.
2	level1:1558	ui	"Use the daytime to spend your energy on fishing, eating, doing small tasks, or chatting to your shipmate (if you brought one).
When you run out of energy, end the day and try to sleep hoping nothing disrupts your rest."	"Днем тратьте энергию на рыбалку, еду, мелкие дела или разговоры с попутчиком, если вы его взяли.
Когда энергия закончится, завершите день и попытайтесь поспать, надеясь, что ничто не нарушит отдых."		needs-context	level1:path_id=1558:raw_length_prefixed@193452	type=MonoBehaviour; name=howtoplay_txt; script=Unity.TextMeshPro:TMPro.TextMeshProUGUI; gameobject=howtoplay_txt; dump=level1/MonoBehaviour/1558__howtoplay_txt.json		translations/source_queue.tsv, then rebuild XUnity dictionary	medium: visible layout/clipping risk	Same English item text exists in both versions but serialized locations differ. v1.1.2 locations=level1:1520:raw_length_prefixed@189212:howtoplay_txt; translations/source_queue.tsv:::; patches/xunity_autotranslator/BepInEx/Translation/ru/Text/_AutoGeneratedTranslations.txt:::; v1.1.3 locations=level1:1558:raw_length_prefixed@193452:howtoplay_txt; translations/source_queue.tsv:::; patches/xunity_autotranslator/BepInEx/Translation/ru/Text/_AutoGeneratedTranslations.txt:::. Use source text plus neighbouring object context, not path_id/list index.
2	level1:1567	ui	Don't Sleep With the Fishes	Не спи с рыбами		needs-context	level1:path_id=1567:raw_length_prefixed@198476	type=MonoBehaviour; name=main_title; script=Unity.TextMeshPro:TMPro.TextMeshProUGUI; gameobject=main_title; dump=level1/MonoBehaviour/1567__main_title.json		translations/source_queue.tsv, then rebuild XUnity dictionary	medium: visible layout/clipping risk	Same English item text exists in both versions but serialized locations differ. v1.1.2 locations=level1:1529:raw_length_prefixed@194236:main_title; level1::raw_ascii@194236:; translations/source_queue.tsv:::; patches/xunity_autotranslator/BepInEx/Translation/ru/Text/_AutoGeneratedTranslations.txt:::; v1.1.3 locations=level1:1567:raw_length_prefixed@198476:main_title; level1::raw_ascii@198476:; translations/source_queue.tsv:::; patches/xunity_autotranslator/BepInEx/Translation/ru/Text/_AutoGeneratedTranslations.txt:::. Use source text plus neighbouring object context, not path_id/list index.
2	level1:1591	unknown	Eat for Energy	Ешьте ради энергии		needs-context	level1:path_id=1591:raw_length_prefixed@211564	type=MonoBehaviour; name=subtitle; script=Unity.TextMeshPro:TMPro.TextMeshProUGUI; gameobject=subtitle; dump=level1/MonoBehaviour/1591__subtitle.json		translations/source_queue.tsv, then rebuild XUnity dictionary	low/medium: verify in clean v1.1.3	Same English item text exists in both versions but serialized locations differ. v1.1.2 locations=level1:1553:raw_length_prefixed@207324:subtitle; level1::raw_ascii@207324:; translations/source_queue.tsv:::; patches/xunity_autotranslator/BepInEx/Translation/ru/Text/_AutoGeneratedTranslations.txt:::; v1.1.3 locations=level1:1591:raw_length_prefixed@211564:subtitle; level1::raw_ascii@211564:; translations/source_queue.tsv:::; patches/xunity_autotranslator/BepInEx/Translation/ru/Text/_AutoGeneratedTranslations.txt:::. Use source text plus neighbouring object context, not path_id/list index.
2	level1:1616	unknown	"kill
getfish
superhelp"			needs-context	level1:path_id=1616:raw_length_prefixed@225020	type=MonoBehaviour; name=help; script=Unity.TextMeshPro:TMPro.TextMeshProUGUI; gameobject=help; dump=level1/MonoBehaviour/1616__help.json		translations/source_queue.tsv, then rebuild XUnity dictionary	low/medium: verify in clean v1.1.3	Same English item text exists in both versions but serialized locations differ. v1.1.2 locations=level1:1576:raw_length_prefixed@219724:help; level2:7135:raw_length_prefixed@1113724:help; level3:4372:raw_length_prefixed@844172:help; level4:9614:raw_length_prefixed@2048428:help; level5:1730:raw_length_prefixed@279772:help; +1 more; v1.1.3 locations=level1:1616:raw_length_prefixed@225020:help; level2:7167:raw_length_prefixed@1117308:help; level3:4404:raw_length_prefixed@847884:help; level4:10360:raw_length_prefixed@2150844:help; level5:1762:raw_length_prefixed@283356:help; +1 more. Use source text plus neighbouring object context, not path_id/list index.
2	level1:1834	unknown	Be a bad fisherman...			needs-context	level1:path_id=1834:raw_length_prefixed@274684	type=MonoBehaviour; name=Medal_1 (6); script=Assembly-CSharp:MedalHolder; gameobject=Medal_1 (6); dump=level1/MonoBehaviour/1834__Medal_1_6.json		needs context before choosing dictionary/runtime/plugin fix	low/medium: verify in clean v1.1.3	Same English item text exists in both versions but serialized locations differ. v1.1.2 locations=level1:1793:raw_length_prefixed@268396:Medal_1 (6); level1::raw_ascii@268396:; v1.1.3 locations=level1:1834:raw_length_prefixed@274684:Medal_1 (6); level1::raw_ascii@274684:. Use source text plus neighbouring object context, not path_id/list index.
2	level1:1934	unknown	Bring exploration tools...			needs-context	level1:path_id=1934:raw_length_prefixed@292240	type=MonoBehaviour; name=Medal_1; script=Assembly-CSharp:MedalHolder; gameobject=Medal_1; dump=level1/MonoBehaviour/1934__Medal_1.json		needs context before choosing dictionary/runtime/plugin fix	low/medium: verify in clean v1.1.3	Same English item text exists in both versions but serialized locations differ. v1.1.2 locations=level1:1893:raw_length_prefixed@285952:Medal_1; level1::raw_ascii@285952:; v1.1.3 locations=level1:1934:raw_length_prefixed@292240:Medal_1; level1::raw_ascii@292240:. Use source text plus neighbouring object context, not path_id/list index.
2	level1:2074	notification	You lost an item to the sea.	Предмет унесло в море.		needs-context	level1:path_id=2074:raw_length_prefixed@334932	type=MonoBehaviour; name=GameController; script=Assembly-CSharp:game_controller; gameobject=GameController; dump=level1/MonoBehaviour/2074__GameController.json	Dead by the Sea. | Your friend is sleeping with the fishes. || Something broke during the night. | You did not sleep very well. | You feel weak.	translations/source_queue.tsv, then rebuild XUnity dictionary	medium: visible layout/clipping risk	Same English item text exists in both versions but serialized locations differ. v1.1.2 locations=level1:2021:raw_length_prefixed@325988:GameController; level2:7671:raw_length_prefixed@1203396:GameController; level3:4926:raw_length_prefixed@957656:GameController; level4:10354:raw_length_prefixed@2180508:GameController; level5:1909:raw_length_prefixed@339636:GameController; v1.1.3 locations=level1:2074:raw_length_prefixed@334932:GameController; level2:7712:raw_length_prefixed@1210100:GameController; level3:4967:raw_length_prefixed@964544:GameController; level4:11119:raw_length_prefixed@2288524:GameController; level5:1950:raw_length_prefixed@346340:GameController. Use source text plus neighbouring object context, not path_id/list index.
2	level1:2074	ui	Your friend is sleeping with the fishes.	Ваш спутник спит с рыбами.		needs-context	level1:path_id=2074:raw_length_prefixed@334888	type=MonoBehaviour; name=GameController; script=Assembly-CSharp:game_controller; gameobject=GameController; dump=level1/MonoBehaviour/2074__GameController.json	Dead by the Sea. || You lost an item to the sea. | Something broke during the night. | You did not sleep very well.	translations/source_queue.tsv, then rebuild XUnity dictionary	medium: visible layout/clipping risk	Same English item text exists in both versions but serialized locations differ. v1.1.2 locations=level1:2021:raw_length_prefixed@325944:GameController; level1::raw_ascii@325944:; level2:7671:raw_length_prefixed@1203352:GameController; level3:4926:raw_length_prefixed@957612:GameController; level3::raw_ascii@957612:; +3 more; v1.1.3 locations=level1:2074:raw_length_prefixed@334888:GameController; level1::raw_ascii@334888:; level2:7712:raw_length_prefixed@1210056:GameController; level3:4967:raw_length_prefixed@964500:GameController; level3::raw_ascii@964500:; +3 more. Use source text plus neighbouring object context, not path_id/list index.
2	level1:no_path	notification	If your night does get interrupted, use an item you brought to handle the situation. If you have no answer, you can try going back to sleep. Sometimes, that			needs-context	level1:raw_ascii@187996	type=raw_bytes	Use Custom Seed? | (Development build) | Keep empty for random seed... || s your only option. | Scenario Mode | Super Energy	add/update source-text entry in translations/source_queue.tsv	medium: visible layout/clipping risk	Same English item text exists in both versions but serialized locations differ. v1.1.2 locations=level1::raw_ascii@183756:; v1.1.3 locations=level1::raw_ascii@187996:. Use source text plus neighbouring object context, not path_id/list index.
2	level1:no_path	unknown	Use the daytime to spend your energy on fishing, eating, doing small tasks, or chatting to your shipmate (if you brought one).			needs-context	level1:raw_ascii@193452	type=raw_bytes	s your only option. | Scenario Mode | Super Energy || When you run out of energy, end the day and try to sleep hoping nothing disrupts your r... | Step 1: Grab and Run! | +Slower Hunger	needs context before choosing dictionary/runtime/plugin fix	low/medium: verify in clean v1.1.3	Same English item text exists in both versions but serialized locations differ. v1.1.2 locations=level1::raw_ascii@189212:; v1.1.3 locations=level1::raw_ascii@193452:. Use source text plus neighbouring object context, not path_id/list index.
2	level1:no_path	ui	When you run out of energy, end the day and try to sleep hoping nothing disrupts your rest.			needs-context	level1:raw_ascii@193579	type=raw_bytes	Scenario Mode | Super Energy | Use the daytime to spend your energy on fishing, eating, doing small tasks, or chatting... || Step 1: Grab and Run! | +Slower Hunger | +Health Regenerates	add/update source-text entry in translations/source_queue.tsv	medium: visible layout/clipping risk	Same English item text exists in both versions but serialized locations differ. v1.1.2 locations=level1::raw_ascii@189339:; v1.1.3 locations=level1::raw_ascii@193579:. Use source text plus neighbouring object context, not path_id/list index.
2	level1:no_path	notification	You lost an item to the sea.!			needs-context	level1:raw_ascii@334932	type=raw_bytes	I1V | Dead by the Sea. | Your friend is sleeping with the fishes. || Something broke during the night. | You did not sleep very well. | You feel weak.	add/update source-text entry in translations/source_queue.tsv	medium: visible layout/clipping risk	Same English item text exists in both versions but serialized locations differ. v1.1.2 locations=level1::raw_ascii@325988:; level3::raw_ascii@957656:; level5::raw_ascii@339636:; v1.1.3 locations=level1::raw_ascii@334932:; level3::raw_ascii@964544:; level5::raw_ascii@346340:. Use source text plus neighbouring object context, not path_id/list index.
2	level2:7156	item	Pick Up	Взять		suspicious-mapping	level2:path_id=7156:raw_length_prefixed@1111468	type=MonoBehaviour; name=ItemName; script=Unity.TextMeshPro:TMPro.TextMeshProUGUI; gameobject=ItemName; dump=level2/MonoBehaviour/7156__ItemName.json		translations/source_queue.tsv, then rebuild XUnity dictionary	high: serialized location moved between versions	Same English item text exists in both versions but serialized locations differ. v1.1.2 locations=level2:7124:raw_length_prefixed@1107884:ItemName; v1.1.3 locations=level2:7156:raw_length_prefixed@1111468:ItemName. Use source text plus neighbouring object context, not path_id/list index.
2	level2:7163	item	Throw Items!	Бросайте предметы!		suspicious-mapping	level2:path_id=7163:raw_length_prefixed@1115180	type=MonoBehaviour; name=ItemName; script=Unity.TextMeshPro:TMPro.TextMeshProUGUI; gameobject=ItemName; dump=level2/MonoBehaviour/7163__ItemName.json		translations/source_queue.tsv, then rebuild XUnity dictionary	high: serialized location moved between versions	Same English item text exists in both versions but serialized locations differ. v1.1.2 locations=level2:7131:raw_length_prefixed@1111596:ItemName; translations/source_queue.tsv:::; patches/xunity_autotranslator/BepInEx/Translation/ru/Text/_AutoGeneratedTranslations.txt:::; v1.1.3 locations=level2:7163:raw_length_prefixed@1115180:ItemName; translations/source_queue.tsv:::; patches/xunity_autotranslator/BepInEx/Translation/ru/Text/_AutoGeneratedTranslations.txt:::. Use source text plus neighbouring object context, not path_id/list index.
2	level2:7221	item	Food	Еда		suspicious-mapping	level2:path_id=7221:raw_length_prefixed@1140532	type=MonoBehaviour; name=food_fish (27); script=Assembly-CSharp:ItemPickupable; gameobject=food_fish (27); dump=level2/MonoBehaviour/7221__food_fish_27.json		translations/source_queue.tsv, then rebuild XUnity dictionary	high: serialized location moved between versions	Same English item text exists in both versions but serialized locations differ. v1.1.2 locations=level2:7186:raw_length_prefixed@1135300:food_fish (27); level2:7191:raw_length_prefixed@1135732:food_fish (20); level2:7195:raw_length_prefixed@1136068:food_fish (22); level2:7203:raw_length_prefixed@1136708:food_fish (24); level2:7207:raw_length_prefixed@1136980:food_fish (25); +49 more; v1.1.3 locations=level2:7221:raw_length_prefixed@1140532:food_fish (27); level2:7226:raw_length_prefixed@1140964:food_fish (20); level2:7230:raw_length_prefixed@1141300:food_fish (22); level2:7238:raw_length_prefixed@1141940:food_fish (24); level2:7242:raw_length_prefixed@1142212:food_fish (25); +49 more. Use source text plus neighbouring object context, not path_id/list index.
2	level2:7232	item	Scuba Set	Акваланг		suspicious-mapping	level2:path_id=7232:raw_length_prefixed@1141444	type=MonoBehaviour; name=scuba_set (1); script=Assembly-CSharp:ItemPickupable; gameobject=scuba_set (1); dump=level2/MonoBehaviour/7232__scuba_set_1.json		translations/source_queue.tsv, then rebuild XUnity dictionary	high: serialized location moved between versions	Same English item text exists in both versions but serialized locations differ. v1.1.2 locations=level2:7197:raw_length_prefixed@1136212:scuba_set (1); level2:7243:raw_length_prefixed@1140724:scuba_set (2); level2:7471:raw_length_prefixed@1159188:scuba_set; level4:10020:raw_length_prefixed@2114912:scuba_set; translations/source_queue.tsv:::; +1 more; v1.1.3 locations=level2:7232:raw_length_prefixed@1141444:scuba_set (1); level2:7278:raw_length_prefixed@1145956:scuba_set (2); level2:7506:raw_length_prefixed@1164420:scuba_set; level4:10779:raw_length_prefixed@2221392:scuba_set; translations/source_queue.tsv:::; +1 more. Use source text plus neighbouring object context, not path_id/list index.
2	level2:7249	item	Duct Tape	Скотч		suspicious-mapping	level2:path_id=7249:raw_length_prefixed@1143316	type=MonoBehaviour; name=ducttape (4); script=Assembly-CSharp:ItemPickupable; gameobject=ducttape (4); dump=level2/MonoBehaviour/7249__ducttape_4.json		translations/source_queue.tsv, then rebuild XUnity dictionary	high: serialized location moved between versions	Same English item text exists in both versions but serialized locations differ. v1.1.2 locations=level2:7214:raw_length_prefixed@1138084:ducttape (4); level2:7234:raw_length_prefixed@1139908:ducttape; level2:7296:raw_length_prefixed@1145124:ducttape (1); level2:7406:raw_length_prefixed@1153796:ducttape (5); level2:7424:raw_length_prefixed@1155572:ducttape (2); +6 more; v1.1.3 locations=level2:7249:raw_length_prefixed@1143316:ducttape (4); level2:7269:raw_length_prefixed@1145140:ducttape; level2:7331:raw_length_prefixed@1150356:ducttape (1); level2:7441:raw_length_prefixed@1159028:ducttape (5); level2:7459:raw_length_prefixed@1160804:ducttape (2); +6 more. Use source text plus neighbouring object context, not path_id/list index.
2	level2:7303	item	Flare Gun	Сигнальный пистолет		suspicious-mapping	level2:path_id=7303:raw_length_prefixed@1147780	type=MonoBehaviour; name=flaregun; script=Assembly-CSharp:ItemPickupable; gameobject=flaregun; dump=level2/MonoBehaviour/7303__flaregun.json		translations/source_queue.tsv, then rebuild XUnity dictionary	high: serialized location moved between versions	Same English item text exists in both versions but serialized locations differ. v1.1.2 locations=level2:7268:raw_length_prefixed@1142548:flaregun; level2:7326:raw_length_prefixed@1147268:flaregun (1); level2:7399:raw_length_prefixed@1153268:flaregun (2); level2:7556:raw_length_prefixed@1169156:flaregun (3); level3:4732:raw_length_prefixed@912704:flaregun; +4 more; v1.1.3 locations=level2:7303:raw_length_prefixed@1147780:flaregun; level2:7361:raw_length_prefixed@1152500:flaregun (1); level2:7434:raw_length_prefixed@1158500:flaregun (2); level2:7591:raw_length_prefixed@1174388:flaregun (3); level3:4767:raw_length_prefixed@918064:flaregun; +4 more. Use source text plus neighbouring object context, not path_id/list index.
2	level2:7414	item	Harpoon Gun	Гарпун		suspicious-mapping	level2:path_id=7414:raw_length_prefixed@1156916	type=MonoBehaviour; name=hookgun; script=Assembly-CSharp:ItemPickupable; gameobject=hookgun; dump=level2/MonoBehaviour/7414__hookgun.json		translations/source_queue.tsv, then rebuild XUnity dictionary	high: serialized location moved between versions	Same English item text exists in both versions but serialized locations differ. v1.1.2 locations=level2:7379:raw_length_prefixed@1151684:hookgun; level2:7411:raw_length_prefixed@1154132:hookgun (1); level2:7512:raw_length_prefixed@1162388:hookgun (2); level3:4794:raw_length_prefixed@922368:hookgun; level3::raw_ascii@922368:; +3 more; v1.1.3 locations=level2:7414:raw_length_prefixed@1156916:hookgun; level2:7446:raw_length_prefixed@1159364:hookgun (1); level2:7547:raw_length_prefixed@1167620:hookgun (2); level3:4829:raw_length_prefixed@927808:hookgun; level3::raw_ascii@927808:; +3 more. Use source text plus neighbouring object context, not path_id/list index.
2	level2:7425	item	Fishing Net	Рыболовная сеть		suspicious-mapping	level2:path_id=7425:raw_length_prefixed@1157828	type=MonoBehaviour; name=net (1); script=Assembly-CSharp:ItemPickupable; gameobject=net (1); dump=level2/MonoBehaviour/7425__net_1.json		translations/source_queue.tsv, then rebuild XUnity dictionary	high: serialized location moved between versions	Same English item text exists in both versions but serialized locations differ. v1.1.2 locations=level2:7390:raw_length_prefixed@1152596:net (1); level2:7442:raw_length_prefixed@1156868:net (2); level2:7485:raw_length_prefixed@1160308:net; level2:7532:raw_length_prefixed@1164644:net (3); v1.1.3 locations=level2:7425:raw_length_prefixed@1157828:net (1); level2:7477:raw_length_prefixed@1162100:net (2); level2:7520:raw_length_prefixed@1165540:net; level2:7567:raw_length_prefixed@1169876:net (3). Use source text plus neighbouring object context, not path_id/list index.
2	level2:no_path	ui	Baits			needs-context	level2:raw_ascii@218504	type=raw_bytes	umbrella (2) N | mixamorig:RightForeArm | mixamorig:RightShoulder || mixamorig:LeftHandThumb4 | bait (7) N | mixamorig:RightHandThumb2	add/update source-text entry in translations/source_queue.tsv	medium: visible layout/clipping risk	Same English item text exists in both versions but serialized locations differ. v1.1.2 locations=level2::raw_ascii@217448:; level2::raw_ascii@279208:; level3::raw_ascii@133624:; level4::raw_ascii@356888:; v1.1.3 locations=level2::raw_ascii@218504:; level2::raw_ascii@280264:; level3::raw_ascii@134808:; level4::raw_ascii@387608:. Use source text plus neighbouring object context, not path_id/list index.
2	level2:no_path	unknown	FlareGuns			needs-context	level2:raw_ascii@267496	type=raw_bytes	mixamorig:LeftToeBase | mixamorig:LeftArm | mixamorig:RightHandIndex1 || mixamorig:RightArm | mixamorig:LeftHandThumb3 | mixamorig:LeftHandIndex4	needs context before choosing dictionary/runtime/plugin fix	low/medium: verify in clean v1.1.3	Same English item text exists in both versions but serialized locations differ. v1.1.2 locations=level2::raw_ascii@266440:; v1.1.3 locations=level2::raw_ascii@267496:. Use source text plus neighbouring object context, not path_id/list index.
2	level2:no_path	ui	Foods			needs-context	level2:raw_ascii@249752	type=raw_bytes	mixamorig:LeftHandIndex3 | mixamorig:LeftUpLeg | mixamorig:RightLeg || mixamorig:Spine | mixamorig:LeftHandIndex3 | PickupCursor	add/update source-text entry in translations/source_queue.tsv	medium: visible layout/clipping risk	Same English item text exists in both versions but serialized locations differ. v1.1.2 locations=level2::raw_ascii@248696:; level2::raw_ascii@272680:; level3::raw_ascii@176264:; level4::raw_ascii@379096:; v1.1.3 locations=level2::raw_ascii@249752:; level2::raw_ascii@273736:; level3::raw_ascii@177448:; level4::raw_ascii@412312:. Use source text plus neighbouring object context, not path_id/list index.
2	level2:no_path	unknown	ItemName			needs-context	level2:raw_ascii@202032	type=raw_bytes	mixamorig:RightHandThumb2 | mixamorig:RightForeArm | PickUpE || mixamorig:LeftHandIndex4 | mixamorig:RightHandIndex1 | mixamorig:LeftLeg	needs context before choosing dictionary/runtime/plugin fix	low/medium: verify in clean v1.1.3	Same English item text exists in both versions but serialized locations differ. v1.1.2 locations=level2::raw_ascii@200976:; level2::raw_ascii@254224:; v1.1.3 locations=level2::raw_ascii@202032:; level2::raw_ascii@255280:. Use source text plus neighbouring object context, not path_id/list index.
2	level2:no_path	unknown	ScubaSets			needs-context	level2:raw_ascii@238568	type=raw_bytes	mixamorig:Spine | mixamorig:LeftLeg | mixamorig:LeftFoot || mixamorig:RightHandIndex1 | mixamorig:LeftHandIndex4 | mixamorig:LeftHandIndex4	needs context before choosing dictionary/runtime/plugin fix	low/medium: verify in clean v1.1.3	Same English item text exists in both versions but serialized locations differ. v1.1.2 locations=level2::raw_ascii@237512:; v1.1.3 locations=level2::raw_ascii@238568:. Use source text plus neighbouring object context, not path_id/list index.
2	level3:312	item	fish			suspicious-mapping	level3:path_id=312:m_Name	type=GameObject; name=fish; dump=level3/GameObject/312__fish.json		add/update source-text entry in translations/source_queue.tsv	high: serialized location moved between versions	Same English item text exists in both versions but serialized locations differ. v1.1.2 locations=level3:312:m_Name:fish; level3:4429:raw_length_prefixed@867936:LootBoxChest; level3::raw_ascii@867936:; sharedassets1.assets::raw_ascii@9498280:; sharedassets3.assets:80:m_Name:fish; +1 more; v1.1.3 locations=level3:312:m_Name:fish; level3:4464:raw_length_prefixed@873296:LootBoxChest; level3::raw_ascii@873296:; sharedassets1.assets::raw_ascii@6973072:; sharedassets3.assets:88:m_Name:fish; +1 more. Use source text plus neighbouring object context, not path_id/list index.
2	level3:413	notification	map (broken)			needs-context	level3:path_id=413:m_Name	type=GameObject; name=map (broken); dump=level3/GameObject/413__map_broken.json		add/update source-text entry in translations/source_queue.tsv	medium: visible layout/clipping risk	Same English item text exists in both versions but serialized locations differ. v1.1.2 locations=level3:413:m_Name:map (broken); level4:1136:m_Name:map (broken); v1.1.3 locations=level3:413:m_Name:map (broken); level4:1288:m_Name:map (broken). Use source text plus neighbouring object context, not path_id/list index.
2	level3:4331	result/search	Your search did not yield results.	Ничего не найдено.		needs-context	level3:path_id=4331:raw_length_prefixed@808620	type=MonoBehaviour; name=ItemText; script=Unity.TextMeshPro:TMPro.TextMeshProUGUI; gameobject=ItemText; dump=level3/MonoBehaviour/4331__ItemText.json		translations/source_queue.tsv, then rebuild XUnity dictionary	medium: visible layout/clipping risk	Same English item text exists in both versions but serialized locations differ. v1.1.2 locations=level3:4299:raw_length_prefixed@804908:ItemText; v1.1.3 locations=level3:4331:raw_length_prefixed@808620:ItemText. Use source text plus neighbouring object context, not path_id/list index.
2	level3:4335	notification	Items Broken	Сломано		needs-context	level3:path_id=4335:raw_length_prefixed@810780	type=MonoBehaviour; name=Title; script=Unity.TextMeshPro:TMPro.TextMeshProUGUI; gameobject=Title; dump=level3/MonoBehaviour/4335__Title.json		translations/source_queue.tsv, then rebuild XUnity dictionary	medium: visible layout/clipping risk	Same English item text exists in both versions but serialized locations differ. v1.1.2 locations=level3:4303:raw_length_prefixed@807068:Title; level3::raw_ascii@807068:; translations/source_queue.tsv:::; patches/xunity_autotranslator/BepInEx/Translation/ru/Text/_AutoGeneratedTranslations.txt:::; v1.1.3 locations=level3:4335:raw_length_prefixed@810780:Title; level3::raw_ascii@810780:; translations/source_queue.tsv:::; patches/xunity_autotranslator/BepInEx/Translation/ru/Text/_AutoGeneratedTranslations.txt:::. Use source text plus neighbouring object context, not path_id/list index.
2	level3:4336	unknown	Fix with tape!	Починить скотчем!		needs-context	level3:path_id=4336:raw_length_prefixed@811308	type=MonoBehaviour; name=click_to_fix; script=Unity.TextMeshPro:TMPro.TextMeshProUGUI; gameobject=click_to_fix; dump=level3/MonoBehaviour/4336__click_to_fix.json		translations/source_queue.tsv, then rebuild XUnity dictionary	low/medium: verify in clean v1.1.3	Same English item text exists in both versions but serialized locations differ. v1.1.2 locations=level3:4304:raw_length_prefixed@807596:click_to_fix; level3::raw_ascii@807596:; translations/source_queue.tsv:::; patches/xunity_autotranslator/BepInEx/Translation/ru/Text/_AutoGeneratedTranslations.txt:::; v1.1.3 locations=level3:4336:raw_length_prefixed@811308:click_to_fix; level3::raw_ascii@811308:; translations/source_queue.tsv:::; patches/xunity_autotranslator/BepInEx/Translation/ru/Text/_AutoGeneratedTranslations.txt:::. Use source text plus neighbouring object context, not path_id/list index.
2	level3:4337	result/search	You found a chest!	Вы нашли сундук!		needs-context	level3:path_id=4337:raw_length_prefixed@811836	type=MonoBehaviour; name=ItemText; script=Unity.TextMeshPro:TMPro.TextMeshProUGUI; gameobject=ItemText; dump=level3/MonoBehaviour/4337__ItemText.json		translations/source_queue.tsv, then rebuild XUnity dictionary	medium: visible layout/clipping risk	Same English item text exists in both versions but serialized locations differ. v1.1.2 locations=level3:4305:raw_length_prefixed@808124:ItemText; level3::raw_ascii@808124:; translations/source_queue.tsv:::; patches/xunity_autotranslator/BepInEx/Translation/ru/Text/_AutoGeneratedTranslations.txt:::; v1.1.3 locations=level3:4337:raw_length_prefixed@811836:ItemText; level3::raw_ascii@811836:; translations/source_queue.tsv:::; patches/xunity_autotranslator/BepInEx/Translation/ru/Text/_AutoGeneratedTranslations.txt:::. Use source text plus neighbouring object context, not path_id/list index.
2	level3:4343	item	Bait Consumed	Наживка израсходована		suspicious-mapping	level3:path_id=4343:raw_length_prefixed@815036	type=MonoBehaviour; name=bait_consumed; script=Unity.TextMeshPro:TMPro.TextMeshProUGUI; gameobject=bait_consumed; dump=level3/MonoBehaviour/4343__bait_consumed.json		translations/source_queue.tsv, then rebuild XUnity dictionary	high: serialized location moved between versions	Same English item text exists in both versions but serialized locations differ. v1.1.2 locations=level3:4311:raw_length_prefixed@811324:bait_consumed; level3::raw_ascii@811324:; translations/source_queue.tsv:::; patches/xunity_autotranslator/BepInEx/Translation/ru/Text/_AutoGeneratedTranslations.txt:::; v1.1.3 locations=level3:4343:raw_length_prefixed@815036:bait_consumed; level3::raw_ascii@815036:; translations/source_queue.tsv:::; patches/xunity_autotranslator/BepInEx/Translation/ru/Text/_AutoGeneratedTranslations.txt:::. Use source text plus neighbouring object context, not path_id/list index.
2	level3:4346	item	You spent a short time underwater.	Вы недолго пробыли под водой.		suspicious-mapping	level3:path_id=4346:raw_length_prefixed@816620	type=MonoBehaviour; name=ItemText; script=Unity.TextMeshPro:TMPro.TextMeshProUGUI; gameobject=ItemText; dump=level3/MonoBehaviour/4346__ItemText.json		translations/source_queue.tsv, then rebuild XUnity dictionary	high: serialized location moved between versions	Same English item text exists in both versions but serialized locations differ. v1.1.2 locations=level3:4314:raw_length_prefixed@812908:ItemText; v1.1.3 locations=level3:4346:raw_length_prefixed@816620:ItemText. Use source text plus neighbouring object context, not path_id/list index.
2	level3:4350	notification	Scuba set was damaged in the process.	Акваланг повреждён.		needs-context	level3:path_id=4350:raw_length_prefixed@818796	type=MonoBehaviour; name=ItemText; script=Unity.TextMeshPro:TMPro.TextMeshProUGUI; gameobject=ItemText; dump=level3/MonoBehaviour/4350__ItemText.json		translations/source_queue.tsv, then rebuild XUnity dictionary	medium: visible layout/clipping risk	Same English item text exists in both versions but serialized locations differ. v1.1.2 locations=level3:4318:raw_length_prefixed@815084:ItemText; level3::raw_ascii@815084:; translations/source_queue.tsv:::; patches/xunity_autotranslator/BepInEx/Translation/ru/Text/_AutoGeneratedTranslations.txt:::; v1.1.3 locations=level3:4350:raw_length_prefixed@818796:ItemText; level3::raw_ascii@818796:; translations/source_queue.tsv:::; patches/xunity_autotranslator/BepInEx/Translation/ru/Text/_AutoGeneratedTranslations.txt:::. Use source text plus neighbouring object context, not path_id/list index.
2	level3:4354	result/search	You found food.	Вы нашли еду.		needs-context	level3:path_id=4354:raw_length_prefixed@820940	type=MonoBehaviour; name=ItemText; script=Unity.TextMeshPro:TMPro.TextMeshProUGUI; gameobject=ItemText; dump=level3/MonoBehaviour/4354__ItemText.json		translations/source_queue.tsv, then rebuild XUnity dictionary	medium: visible layout/clipping risk	Same English item text exists in both versions but serialized locations differ. v1.1.2 locations=level3:4322:raw_length_prefixed@817228:ItemText; level3::raw_ascii@817228:; translations/source_queue.tsv:::; patches/xunity_autotranslator/BepInEx/Translation/ru/Text/_AutoGeneratedTranslations.txt:::; v1.1.3 locations=level3:4354:raw_length_prefixed@820940:ItemText; level3::raw_ascii@820940:; translations/source_queue.tsv:::; patches/xunity_autotranslator/BepInEx/Translation/ru/Text/_AutoGeneratedTranslations.txt:::. Use source text plus neighbouring object context, not path_id/list index.
2	level3:4361	unknown	Items Lost	Потеряно		needs-context	level3:path_id=4361:raw_length_prefixed@824700	type=MonoBehaviour; name=Title; script=Unity.TextMeshPro:TMPro.TextMeshProUGUI; gameobject=Title; dump=level3/MonoBehaviour/4361__Title.json		translations/source_queue.tsv, then rebuild XUnity dictionary	low/medium: verify in clean v1.1.3	Same English item text exists in both versions but serialized locations differ. v1.1.2 locations=level3:4329:raw_length_prefixed@820988:Title; level3::raw_ascii@820988:; translations/source_queue.tsv:::; patches/xunity_autotranslator/BepInEx/Translation/ru/Text/_AutoGeneratedTranslations.txt:::; v1.1.3 locations=level3:4361:raw_length_prefixed@824700:Title; level3::raw_ascii@824700:; translations/source_queue.tsv:::; patches/xunity_autotranslator/BepInEx/Translation/ru/Text/_AutoGeneratedTranslations.txt:::. Use source text plus neighbouring object context, not path_id/list index.
2	level3:4367	result/search	You hurt yourself while searching.	Вы поранились во время поиска.		needs-context	level3:path_id=4367:raw_length_prefixed@827884	type=MonoBehaviour; name=ItemText; script=Unity.TextMeshPro:TMPro.TextMeshProUGUI; gameobject=ItemText; dump=level3/MonoBehaviour/4367__ItemText.json		translations/source_queue.tsv, then rebuild XUnity dictionary	medium: visible layout/clipping risk	Same English item text exists in both versions but serialized locations differ. v1.1.2 locations=level3:4335:raw_length_prefixed@824172:ItemText; v1.1.3 locations=level3:4367:raw_length_prefixed@827884:ItemText. Use source text plus neighbouring object context, not path_id/list index.
2	level3:4375	ui	Prepare Bait	Подготовить наживку		needs-context	level3:path_id=4375:raw_length_prefixed@832172	type=MonoBehaviour; name=SpecialityText; script=Unity.TextMeshPro:TMPro.TextMeshProUGUI; gameobject=SpecialityText; dump=level3/MonoBehaviour/4375__SpecialityText.json		translations/source_queue.tsv, then rebuild XUnity dictionary	medium: visible layout/clipping risk	Same English item text exists in both versions but serialized locations differ. v1.1.2 locations=level3:4343:raw_length_prefixed@828460:SpecialityText; level3::raw_ascii@828460:; translations/source_queue.tsv:::; patches/xunity_autotranslator/BepInEx/Translation/ru/Text/_AutoGeneratedTranslations.txt:::; v1.1.3 locations=level3:4375:raw_length_prefixed@832172:SpecialityText; level3::raw_ascii@832172:; translations/source_queue.tsv:::; patches/xunity_autotranslator/BepInEx/Translation/ru/Text/_AutoGeneratedTranslations.txt:::. Use source text plus neighbouring object context, not path_id/list index.
2	level3:4382	notification	Not enough energy...	Недостаточно энергии...		needs-context	level3:path_id=4382:raw_length_prefixed@835884	type=MonoBehaviour; name=myselfcannot_txt; script=Unity.TextMeshPro:TMPro.TextMeshProUGUI; gameobject=myselfcannot_txt; dump=level3/MonoBehaviour/4382__myselfcannot_txt.json		translations/source_queue.tsv, then rebuild XUnity dictionary	medium: visible layout/clipping risk	Same English item text exists in both versions but serialized locations differ. v1.1.2 locations=level3:4350:raw_length_prefixed@832172:myselfcannot_txt; level3::raw_ascii@832172:; translations/source_queue.tsv:::; translations/ru.tsv:::; patches/xunity_autotranslator/BepInEx/Translation/ru/Text/_AutoGeneratedTranslations.txt:::; v1.1.3 locations=level3:4382:raw_length_prefixed@835884:myselfcannot_txt; level3::raw_ascii@835884:; translations/source_queue.tsv:::; translations/ru.tsv:::; patches/xunity_autotranslator/BepInEx/Translation/ru/Text/_AutoGeneratedTranslations.txt:::. Use source text plus neighbouring object context, not path_id/list index.
2	level3:4383	result/search	Items Found	Найдено:		needs-context	level3:path_id=4383:raw_length_prefixed@836428	type=MonoBehaviour; name=Title; script=Unity.TextMeshPro:TMPro.TextMeshProUGUI; gameobject=Title; dump=level3/MonoBehaviour/4383__Title.json		translations/source_queue.tsv, then rebuild XUnity dictionary	medium: visible layout/clipping risk	Same English item text exists in both versions but serialized locations differ. v1.1.2 locations=level3:4351:raw_length_prefixed@832716:Title; level3::raw_ascii@832716:; translations/source_queue.tsv:::; patches/xunity_autotranslator/BepInEx/Translation/ru/Text/_AutoGeneratedTranslations.txt:::; v1.1.3 locations=level3:4383:raw_length_prefixed@836428:Title; level3::raw_ascii@836428:; translations/source_queue.tsv:::; patches/xunity_autotranslator/BepInEx/Translation/ru/Text/_AutoGeneratedTranslations.txt:::. Use source text plus neighbouring object context, not path_id/list index.
2	level3:4384	result/search	You found bait.	Вы нашли наживку.		needs-context	level3:path_id=4384:raw_length_prefixed@836956	type=MonoBehaviour; name=ItemText; script=Unity.TextMeshPro:TMPro.TextMeshProUGUI; gameobject=ItemText; dump=level3/MonoBehaviour/4384__ItemText.json		translations/source_queue.tsv, then rebuild XUnity dictionary	medium: visible layout/clipping risk	Same English item text exists in both versions but serialized locations differ. v1.1.2 locations=level3:4352:raw_length_prefixed@833244:ItemText; level3::raw_ascii@833244:; translations/source_queue.tsv:::; patches/xunity_autotranslator/BepInEx/Translation/ru/Text/_AutoGeneratedTranslations.txt:::; v1.1.3 locations=level3:4384:raw_length_prefixed@836956:ItemText; level3::raw_ascii@836956:; translations/source_queue.tsv:::; patches/xunity_autotranslator/BepInEx/Translation/ru/Text/_AutoGeneratedTranslations.txt:::. Use source text plus neighbouring object context, not path_id/list index.
2	level3:4393	unknown	Eat Fish!	Съесть рыбу!		needs-context	level3:path_id=4393:raw_length_prefixed@842044	type=MonoBehaviour; name=CursorTipText_subText; script=Unity.TextMeshPro:TMPro.TextMeshProUGUI; gameobject=CursorTipText_subText; dump=level3/MonoBehaviour/4393__CursorTipText_subText.json		translations/source_queue.tsv, then rebuild XUnity dictionary	low/medium: verify in clean v1.1.3	Same English item text exists in both versions but serialized locations differ. v1.1.2 locations=level3:4361:raw_length_prefixed@838332:CursorTipText_subText; level3::raw_ascii@838332:; translations/source_queue.tsv:::; translations/ru.tsv:::; patches/xunity_autotranslator/BepInEx/Translation/ru/Text/_AutoGeneratedTranslations.txt:::; v1.1.3 locations=level3:4393:raw_length_prefixed@842044:CursorTipText_subText; level3::raw_ascii@842044:; translations/source_queue.tsv:::; translations/ru.tsv:::; patches/xunity_autotranslator/BepInEx/Translation/ru/Text/_AutoGeneratedTranslations.txt:::. Use source text plus neighbouring object context, not path_id/list index.
2	level3:4395	ui	Fish Food	Наживка		needs-context	level3:path_id=4395:raw_length_prefixed@843100	type=MonoBehaviour; name=CursorTipText; script=Unity.TextMeshPro:TMPro.TextMeshProUGUI; gameobject=CursorTipText; dump=level3/MonoBehaviour/4395__CursorTipText.json		translations/source_queue.tsv, then rebuild XUnity dictionary	medium: visible layout/clipping risk	Same English item text exists in both versions but serialized locations differ. v1.1.2 locations=level3:4363:raw_length_prefixed@839388:CursorTipText; level3::raw_ascii@839388:; translations/source_queue.tsv:::; translations/ru.tsv:::; patches/xunity_autotranslator/BepInEx/Translation/ru/Text/_AutoGeneratedTranslations.txt:::; v1.1.3 locations=level3:4395:raw_length_prefixed@843100:CursorTipText; level3::raw_ascii@843100:; translations/source_queue.tsv:::; translations/ru.tsv:::; patches/xunity_autotranslator/BepInEx/Translation/ru/Text/_AutoGeneratedTranslations.txt:::. Use source text plus neighbouring object context, not path_id/list index.
2	level3:4463	item	Open Chest	Открыть сундук		suspicious-mapping	level3:path_id=4463:raw_length_prefixed@872192	type=MonoBehaviour; name=LootBoxChest; script=Assembly-CSharp:CursorInfoMaker; gameobject=LootBoxChest; dump=level3/MonoBehaviour/4463__LootBoxChest.json		translations/source_queue.tsv, then rebuild XUnity dictionary	high: serialized location moved between versions	Same English item text exists in both versions but serialized locations differ. v1.1.2 locations=level3:4428:raw_length_prefixed@866832:LootBoxChest; level3::raw_ascii@866832:; translations/source_queue.tsv:::; patches/xunity_autotranslator/BepInEx/Translation/ru/Text/_AutoGeneratedTranslations.txt:::; v1.1.3 locations=level3:4463:raw_length_prefixed@872192:LootBoxChest; level3::raw_ascii@872192:; translations/source_queue.tsv:::; patches/xunity_autotranslator/BepInEx/Translation/ru/Text/_AutoGeneratedTranslations.txt:::. Use source text plus neighbouring object context, not path_id/list index.
2	level3:4472	item	Drifting Barrel	Дрейфующая бочка		suspicious-mapping	level3:path_id=4472:raw_length_prefixed@874352	type=MonoBehaviour; name=barrelToClick_2; script=Assembly-CSharp:CursorInfoMaker; gameobject=barrelToClick_2; dump=level3/MonoBehaviour/4472__barrelToClick_2.json		translations/source_queue.tsv, then rebuild XUnity dictionary	high: serialized location moved between versions	Same English item text exists in both versions but serialized locations differ. v1.1.2 locations=level3:4437:raw_length_prefixed@868992:barrelToClick_2; level3:4961:raw_length_prefixed@964640:barrelToClick; level3::raw_ascii@868992:; level3::raw_ascii@964640:; translations/source_queue.tsv:::; +1 more; v1.1.3 locations=level3:4472:raw_length_prefixed@874352:barrelToClick_2; level3:5006:raw_length_prefixed@972080:barrelToClick; level3::raw_ascii@874352:; level3::raw_ascii@972080:; translations/source_queue.tsv:::; +1 more. Use source text plus neighbouring object context, not path_id/list index.
2	level3:4527	item	Fishnet	Сеть		suspicious-mapping	level3:path_id=4527:raw_length_prefixed@882464	type=MonoBehaviour; name=net; script=Assembly-CSharp:CursorInfoMaker; gameobject=net; dump=level3/MonoBehaviour/4527__net.json		translations/source_queue.tsv, then rebuild XUnity dictionary	high: serialized location moved between versions	Same English item text exists in both versions but serialized locations differ. v1.1.2 locations=level3:4492:raw_length_prefixed@877104:net; level3::raw_ascii@877104:; level4:9852:raw_length_prefixed@2094496:net; translations/source_queue.tsv:::; translations/ru.tsv:::; +1 more; v1.1.3 locations=level3:4527:raw_length_prefixed@882464:net; level3::raw_ascii@882464:; level4:10607:raw_length_prefixed@2200064:net; translations/source_queue.tsv:::; translations/ru.tsv:::; +1 more. Use source text plus neighbouring object context, not path_id/list index.
2	level3:4565	item	Energy Bar	Энергетик		suspicious-mapping	level3:path_id=4565:raw_length_prefixed@887312	type=MonoBehaviour; name=energy_bar; script=Assembly-CSharp:CursorInfoMaker; gameobject=energy_bar; dump=level3/MonoBehaviour/4565__energy_bar.json		translations/source_queue.tsv, then rebuild XUnity dictionary	high: serialized location moved between versions	Same English item text exists in both versions but serialized locations differ. v1.1.2 locations=level3:4530:raw_length_prefixed@881952:energy_bar; level3:4729:raw_length_prefixed@909776:Task_Fishing; level3::raw_ascii@881952:; level3::raw_ascii@909776:; level4:10015:raw_length_prefixed@2114448:energy_bar; +2 more; v1.1.3 locations=level3:4565:raw_length_prefixed@887312:energy_bar; level3:4764:raw_length_prefixed@915136:Task_Fishing; level3::raw_ascii@887312:; level3::raw_ascii@915136:; level4:10774:raw_length_prefixed@2220928:energy_bar; +2 more. Use source text plus neighbouring object context, not path_id/list index.
2	level3:4599	item	Torn Map	Порванная карта		suspicious-mapping	level3:path_id=4599:raw_length_prefixed@891200	type=MonoBehaviour; name=map (broken); script=Assembly-CSharp:CursorInfoMaker; gameobject=map (broken); dump=level3/MonoBehaviour/4599__map_broken.json		translations/source_queue.tsv, then rebuild XUnity dictionary	high: serialized location moved between versions	Same English item text exists in both versions but serialized locations differ. v1.1.2 locations=level3:4564:raw_length_prefixed@885840:map (broken); level3::raw_ascii@885840:; level4:9940:raw_length_prefixed@2104640:map (broken); translations/source_queue.tsv:::; patches/xunity_autotranslator/BepInEx/Translation/ru/Text/_AutoGeneratedTranslations.txt:::; v1.1.3 locations=level3:4599:raw_length_prefixed@891200:map (broken); level3::raw_ascii@891200:; level4:10698:raw_length_prefixed@2210960:map (broken); translations/source_queue.tsv:::; patches/xunity_autotranslator/BepInEx/Translation/ru/Text/_AutoGeneratedTranslations.txt:::. Use source text plus neighbouring object context, not path_id/list index.
2	level3:4605	item	Needs Bait	Нужна наживка		suspicious-mapping	level3:path_id=4605:raw_length_prefixed@891956	type=MonoBehaviour; name=doTask_fishing; script=Assembly-CSharp:CursorInfoMaker; gameobject=doTask_fishing; dump=level3/MonoBehaviour/4605__doTask_fishing.json	Try Fishing	translations/source_queue.tsv, then rebuild XUnity dictionary	high: serialized location moved between versions	Same English item text exists in both versions but serialized locations differ. v1.1.2 locations=level3:4570:raw_length_prefixed@886596:doTask_fishing; level3::raw_ascii@886596:; translations/source_queue.tsv:::; patches/xunity_autotranslator/BepInEx/Translation/ru/Text/_AutoGeneratedTranslations.txt:::; v1.1.3 locations=level3:4605:raw_length_prefixed@891956:doTask_fishing; level3::raw_ascii@891956:; translations/source_queue.tsv:::; patches/xunity_autotranslator/BepInEx/Translation/ru/Text/_AutoGeneratedTranslations.txt:::. Use source text plus neighbouring object context, not path_id/list index.
2	level3:4605	item	Try Fishing	Попробовать рыбачить		suspicious-mapping	level3:path_id=4605:raw_length_prefixed@891920	type=MonoBehaviour; name=doTask_fishing; script=Assembly-CSharp:CursorInfoMaker; gameobject=doTask_fishing; dump=level3/MonoBehaviour/4605__doTask_fishing.json	Needs Bait	translations/source_queue.tsv, then rebuild XUnity dictionary	high: serialized location moved between versions	Same English item text exists in both versions but serialized locations differ. v1.1.2 locations=level3:4570:raw_length_prefixed@886560:doTask_fishing; level3::raw_ascii@886560:; translations/source_queue.tsv:::; translations/ru.tsv:::; patches/xunity_autotranslator/BepInEx/Translation/ru/Text/_AutoGeneratedTranslations.txt:::; v1.1.3 locations=level3:4605:raw_length_prefixed@891920:doTask_fishing; level3::raw_ascii@891920:; translations/source_queue.tsv:::; translations/ru.tsv:::; patches/xunity_autotranslator/BepInEx/Translation/ru/Text/_AutoGeneratedTranslations.txt:::. Use source text plus neighbouring object context, not path_id/list index.
2	level3:4688	result/search	Sea Search	Поиск в море		needs-context	level3:path_id=4688:raw_length_prefixed@902896	type=MonoBehaviour; name=scuba_set; script=Assembly-CSharp:CursorInfoMaker; gameobject=scuba_set; dump=level3/MonoBehaviour/4688__scuba_set.json		translations/source_queue.tsv, then rebuild XUnity dictionary	medium: visible layout/clipping risk	Same English item text exists in both versions but serialized locations differ. v1.1.2 locations=level3:4653:raw_length_prefixed@897536:scuba_set; v1.1.3 locations=level3:4688:raw_length_prefixed@902896:scuba_set. Use source text plus neighbouring object context, not path_id/list index.
2	level3:4709	notification	Broken Harpoon Gun	Сломанный гарпун		needs-context	level3:path_id=4709:raw_length_prefixed@905568	type=MonoBehaviour; name=hookgun (broken); script=Assembly-CSharp:CursorInfoMaker; gameobject=hookgun (broken); dump=level3/MonoBehaviour/4709__hookgun_broken.json		translations/source_queue.tsv, then rebuild XUnity dictionary	medium: visible layout/clipping risk	Same English item text exists in both versions but serialized locations differ. v1.1.2 locations=level3:4674:raw_length_prefixed@900208:hookgun (broken); level3::raw_ascii@900208:; level4:10183:raw_length_prefixed@2137216:hookgun (broken); translations/source_queue.tsv:::; patches/xunity_autotranslator/BepInEx/Translation/ru/Text/_AutoGeneratedTranslations.txt:::; v1.1.3 locations=level3:4709:raw_length_prefixed@905568:hookgun (broken); level3::raw_ascii@905568:; level4:10942:raw_length_prefixed@2243696:hookgun (broken); translations/source_queue.tsv:::; patches/xunity_autotranslator/BepInEx/Translation/ru/Text/_AutoGeneratedTranslations.txt:::. Use source text plus neighbouring object context, not path_id/list index.
2	level3:4764	item	Barely working.	Едва работает.		suspicious-mapping	level3:path_id=4764:raw_length_prefixed@916060	type=MonoBehaviour; name=Task_Fishing; script=Assembly-CSharp:FishingController; gameobject=Task_Fishing; dump=level3/MonoBehaviour/4764__Task_Fishing.json	Details are smudged. | It's somewhat faded. | Still has a card. || Red Snapper | Clownfish | Swordfish	translations/source_queue.tsv, then rebuild XUnity dictionary	high: serialized location moved between versions	Same English item text exists in both versions but serialized locations differ. v1.1.2 locations=level3:4729:raw_length_prefixed@910700:Task_Fishing; level3::raw_ascii@910700:; translations/source_queue.tsv:::; patches/xunity_autotranslator/BepInEx/Translation/ru/Text/_AutoGeneratedTranslations.txt:::; v1.1.3 locations=level3:4764:raw_length_prefixed@916060:Task_Fishing; level3::raw_ascii@916060:; translations/source_queue.tsv:::; patches/xunity_autotranslator/BepInEx/Translation/ru/Text/_AutoGeneratedTranslations.txt:::. Use source text plus neighbouring object context, not path_id/list index.
2	level3:4764	notification	Broken Compass	Сломанный компас		needs-context	level3:path_id=4764:raw_length_prefixed@914808	type=MonoBehaviour; name=Task_Fishing; script=Assembly-CSharp:FishingController; gameobject=Task_Fishing; dump=level3/MonoBehaviour/4764__Task_Fishing.json	Useful for fishing! | Wet Duct Tape | Seems useable! || Looks reparable! | Torn Fishing Net | Looks reparable!	translations/source_queue.tsv, then rebuild XUnity dictionary	medium: visible layout/clipping risk	Same English item text exists in both versions but serialized locations differ. v1.1.2 locations=level3:4729:raw_length_prefixed@909448:Task_Fishing; level3:4771:raw_length_prefixed@918976:compass (broken); level3::raw_ascii@909448:; level3::raw_ascii@918976:; level4:10051:raw_length_prefixed@2118832:compass (broken); +2 more; v1.1.3 locations=level3:4764:raw_length_prefixed@914808:Task_Fishing; level3:4806:raw_length_prefixed@924416:compass (broken); level3::raw_ascii@914808:; level3::raw_ascii@924416:; level4:10810:raw_length_prefixed@2225312:compass (broken); +2 more. Use source text plus neighbouring object context, not path_id/list index.
2	level3:4764	item	Can of Worms	Банка червей		suspicious-mapping	level3:path_id=4764:raw_length_prefixed@914532	type=MonoBehaviour; name=Task_Fishing; script=Assembly-CSharp:FishingController; gameobject=Task_Fishing; dump=level3/MonoBehaviour/4764__Task_Fishing.json	Worthless junk... | Fishlet | Way too small... || Useful for fishing! | Wet Duct Tape | Seems useable!	translations/source_queue.tsv, then rebuild XUnity dictionary	high: serialized location moved between versions	Same English item text exists in both versions but serialized locations differ. v1.1.2 locations=level3:4729:raw_length_prefixed@909172:Task_Fishing; v1.1.3 locations=level3:4764:raw_length_prefixed@914532:Task_Fishing. Use source text plus neighbouring object context, not path_id/list index.
2	level3:4764	item	Clownfish	Рыба-клоун		suspicious-mapping	level3:path_id=4764:raw_length_prefixed@916760	type=MonoBehaviour; name=Task_Fishing; script=Assembly-CSharp:FishingController; gameobject=Task_Fishing; dump=level3/MonoBehaviour/4764__Task_Fishing.json	Still has a card. | Barely working. | Red Snapper || Swordfish	diagnostic only: choose XUnity regex or runtime plugin strategy; do not add exact numeric rows or bare kg	high: dynamic runtime formatting and false replacement risk	Same English item text exists in both versions but serialized locations differ. v1.1.2 locations=level3:4729:raw_length_prefixed@911400:Task_Fishing; level3::raw_ascii@911400:; translations/source_queue.tsv:::; patches/xunity_autotranslator/BepInEx/Translation/ru/Text/_AutoGeneratedTranslations.txt:::; v1.1.3 locations=level3:4764:raw_length_prefixed@916760:Task_Fishing; level3::raw_ascii@916760:; translations/source_queue.tsv:::; patches/xunity_autotranslator/BepInEx/Translation/ru/Text/_AutoGeneratedTranslations.txt:::. Use source text plus neighbouring object context, not path_id/list index.
2	level3:4764	item	Details are smudged.	Детали размазаны.		suspicious-mapping	level3:path_id=4764:raw_length_prefixed@915576	type=MonoBehaviour; name=Task_Fishing; script=Assembly-CSharp:FishingController; gameobject=Task_Fishing; dump=level3/MonoBehaviour/4764__Task_Fishing.json	Energy Bar | Looks tasty! | Soaked but readable. || It's somewhat faded. | Still has a card. | Barely working.	translations/source_queue.tsv, then rebuild XUnity dictionary	high: serialized location moved between versions	Same English item text exists in both versions but serialized locations differ. v1.1.2 locations=level3:4729:raw_length_prefixed@910216:Task_Fishing; v1.1.3 locations=level3:4764:raw_length_prefixed@915576:Task_Fishing. Use source text plus neighbouring object context, not path_id/list index.
2	level3:4764	item	Fishlet	Рыбешка		suspicious-mapping	level3:path_id=4764:raw_length_prefixed@914400	type=MonoBehaviour; name=Task_Fishing; script=Assembly-CSharp:FishingController; gameobject=Task_Fishing; dump=level3/MonoBehaviour/4764__Task_Fishing.json	Worthless junk... | Plastic Bottle | Worthless junk... || Way too small... | Can of Worms | Useful for fishing!	translations/source_queue.tsv, then rebuild XUnity dictionary	high: serialized location moved between versions	Same English item text exists in both versions but serialized locations differ. v1.1.2 locations=level3:4729:raw_length_prefixed@909040:Task_Fishing; level3::raw_ascii@909040:; translations/source_queue.tsv:::; patches/xunity_autotranslator/BepInEx/Translation/ru/Text/_AutoGeneratedTranslations.txt:::; v1.1.3 locations=level3:4764:raw_length_prefixed@914400:Task_Fishing; level3::raw_ascii@914400:; translations/source_queue.tsv:::; patches/xunity_autotranslator/BepInEx/Translation/ru/Text/_AutoGeneratedTranslations.txt:::. Use source text plus neighbouring object context, not path_id/list index.
2	level3:4764	item	It's somewhat faded.	Немного выцвело.		suspicious-mapping	level3:path_id=4764:raw_length_prefixed@915736	type=MonoBehaviour; name=Task_Fishing; script=Assembly-CSharp:FishingController; gameobject=Task_Fishing; dump=level3/MonoBehaviour/4764__Task_Fishing.json	Looks tasty! | Soaked but readable. | Details are smudged. || Still has a card. | Barely working. | Red Snapper	translations/source_queue.tsv, then rebuild XUnity dictionary	high: serialized location moved between versions	Same English item text exists in both versions but serialized locations differ. v1.1.2 locations=level3:4729:raw_length_prefixed@910376:Task_Fishing; v1.1.3 locations=level3:4764:raw_length_prefixed@915736:Task_Fishing. Use source text plus neighbouring object context, not path_id/list index.
2	level3:4764	item	Looks reparable!	Похоже, можно починить!		suspicious-mapping	level3:path_id=4764:raw_length_prefixed@914836	type=MonoBehaviour; name=Task_Fishing; script=Assembly-CSharp:FishingController; gameobject=Task_Fishing; dump=level3/MonoBehaviour/4764__Task_Fishing.json	Wet Duct Tape | Seems useable! | Broken Compass || Torn Fishing Net | Looks reparable! | Energy Bar	translations/source_queue.tsv, then rebuild XUnity dictionary	high: serialized location moved between versions	Same English item text exists in both versions but serialized locations differ. v1.1.2 locations=level3:4729:raw_length_prefixed@909476:Task_Fishing; level3:4729:raw_length_prefixed@909640:Task_Fishing; v1.1.3 locations=level3:4764:raw_length_prefixed@914836:Task_Fishing; level3:4764:raw_length_prefixed@915000:Task_Fishing. Use source text plus neighbouring object context, not path_id/list index.
2	level3:4764	item	Looks tasty!	Выглядит вкусно!		suspicious-mapping	level3:path_id=4764:raw_length_prefixed@915160	type=MonoBehaviour; name=Task_Fishing; script=Assembly-CSharp:FishingController; gameobject=Task_Fishing; dump=level3/MonoBehaviour/4764__Task_Fishing.json	Torn Fishing Net | Looks reparable! | Energy Bar || Soaked but readable. | Details are smudged. | It's somewhat faded.	translations/source_queue.tsv, then rebuild XUnity dictionary	high: serialized location moved between versions	Same English item text exists in both versions but serialized locations differ. v1.1.2 locations=level3:4729:raw_length_prefixed@909800:Task_Fishing; v1.1.3 locations=level3:4764:raw_length_prefixed@915160:Task_Fishing. Use source text plus neighbouring object context, not path_id/list index.
2	level3:4764	item	Plastic Bottle	Бутылка		suspicious-mapping	level3:path_id=4764:raw_length_prefixed@914256	type=MonoBehaviour; name=Task_Fishing; script=Assembly-CSharp:FishingController; gameobject=Task_Fishing; dump=level3/MonoBehaviour/4764__Task_Fishing.json	Worthless junk... | Worthless junk... || Worthless junk... | Fishlet | Way too small...	translations/source_queue.tsv, then rebuild XUnity dictionary	high: serialized location moved between versions	Same English item text exists in both versions but serialized locations differ. v1.1.2 locations=level3:4729:raw_length_prefixed@908896:Task_Fishing; v1.1.3 locations=level3:4764:raw_length_prefixed@914256:Task_Fishing. Use source text plus neighbouring object context, not path_id/list index.
2	level3:4764	item	Red Snapper	Луциан		suspicious-mapping	level3:path_id=4764:raw_length_prefixed@916524	type=MonoBehaviour; name=Task_Fishing; script=Assembly-CSharp:FishingController; gameobject=Task_Fishing; dump=level3/MonoBehaviour/4764__Task_Fishing.json	It's somewhat faded. | Still has a card. | Barely working. || Clownfish | Swordfish	diagnostic only: choose XUnity regex or runtime plugin strategy; do not add exact numeric rows or bare kg	high: dynamic runtime formatting and false replacement risk	Same English item text exists in both versions but serialized locations differ. v1.1.2 locations=level3:4729:raw_length_prefixed@911164:Task_Fishing; v1.1.3 locations=level3:4764:raw_length_prefixed@916524:Task_Fishing. Use source text plus neighbouring object context, not path_id/list index.
2	level3:4764	item	Seems useable!	Похоже, можно использовать!		suspicious-mapping	level3:path_id=4764:raw_length_prefixed@914700	type=MonoBehaviour; name=Task_Fishing; script=Assembly-CSharp:FishingController; gameobject=Task_Fishing; dump=level3/MonoBehaviour/4764__Task_Fishing.json	Can of Worms | Useful for fishing! | Wet Duct Tape || Broken Compass | Looks reparable! | Torn Fishing Net	translations/source_queue.tsv, then rebuild XUnity dictionary	high: serialized location moved between versions	Same English item text exists in both versions but serialized locations differ. v1.1.2 locations=level3:4729:raw_length_prefixed@909340:Task_Fishing; v1.1.3 locations=level3:4764:raw_length_prefixed@914700:Task_Fishing. Use source text plus neighbouring object context, not path_id/list index.
2	level3:4764	item	Soaked but readable.	Промокло, но читается.		suspicious-mapping	level3:path_id=4764:raw_length_prefixed@915412	type=MonoBehaviour; name=Task_Fishing; script=Assembly-CSharp:FishingController; gameobject=Task_Fishing; dump=level3/MonoBehaviour/4764__Task_Fishing.json	Looks reparable! | Energy Bar | Looks tasty! || Details are smudged. | It's somewhat faded. | Still has a card.	translations/source_queue.tsv, then rebuild XUnity dictionary	high: serialized location moved between versions	Same English item text exists in both versions but serialized locations differ. v1.1.2 locations=level3:4729:raw_length_prefixed@910052:Task_Fishing; v1.1.3 locations=level3:4764:raw_length_prefixed@915412:Task_Fishing. Use source text plus neighbouring object context, not path_id/list index.
2	level3:4764	item	Still has a card.	Внутри еще есть карточка.		suspicious-mapping	level3:path_id=4764:raw_length_prefixed@915896	type=MonoBehaviour; name=Task_Fishing; script=Assembly-CSharp:FishingController; gameobject=Task_Fishing; dump=level3/MonoBehaviour/4764__Task_Fishing.json	Soaked but readable. | Details are smudged. | It's somewhat faded. || Barely working. | Red Snapper | Clownfish	translations/source_queue.tsv, then rebuild XUnity dictionary	high: serialized location moved between versions	Same English item text exists in both versions but serialized locations differ. v1.1.2 locations=level3:4729:raw_length_prefixed@910536:Task_Fishing; v1.1.3 locations=level3:4764:raw_length_prefixed@915896:Task_Fishing. Use source text plus neighbouring object context, not path_id/list index.
2	level3:4764	item	Swordfish	Рыба-меч		suspicious-mapping	level3:path_id=4764:raw_length_prefixed@916880	type=MonoBehaviour; name=Task_Fishing; script=Assembly-CSharp:FishingController; gameobject=Task_Fishing; dump=level3/MonoBehaviour/4764__Task_Fishing.json	Barely working. | Red Snapper | Clownfish	diagnostic only: choose XUnity regex or runtime plugin strategy; do not add exact numeric rows or bare kg	high: dynamic runtime formatting and false replacement risk	Same English item text exists in both versions but serialized locations differ. v1.1.2 locations=level3:4729:raw_length_prefixed@911520:Task_Fishing; level3::raw_ascii@911520:; translations/source_queue.tsv:::; patches/xunity_autotranslator/BepInEx/Translation/ru/Text/_AutoGeneratedTranslations.txt:::; v1.1.3 locations=level3:4764:raw_length_prefixed@916880:Task_Fishing; level3::raw_ascii@916880:; translations/source_queue.tsv:::; patches/xunity_autotranslator/BepInEx/Translation/ru/Text/_AutoGeneratedTranslations.txt:::. Use source text plus neighbouring object context, not path_id/list index.
2	level3:4764	item	Torn Fishing Net	Рваная рыболовная сеть		suspicious-mapping	level3:path_id=4764:raw_length_prefixed@914972	type=MonoBehaviour; name=Task_Fishing; script=Assembly-CSharp:FishingController; gameobject=Task_Fishing; dump=level3/MonoBehaviour/4764__Task_Fishing.json	Seems useable! | Broken Compass | Looks reparable! || Looks reparable! | Energy Bar | Looks tasty!	translations/source_queue.tsv, then rebuild XUnity dictionary	high: serialized location moved between versions	Same English item text exists in both versions but serialized locations differ. v1.1.2 locations=level3:4729:raw_length_prefixed@909612:Task_Fishing; level3::raw_ascii@909612:; translations/source_queue.tsv:::; translations/ru.tsv:::; patches/xunity_autotranslator/BepInEx/Translation/ru/Text/_AutoGeneratedTranslations.txt:::; v1.1.3 locations=level3:4764:raw_length_prefixed@914972:Task_Fishing; level3::raw_ascii@914972:; translations/source_queue.tsv:::; translations/ru.tsv:::; patches/xunity_autotranslator/BepInEx/Translation/ru/Text/_AutoGeneratedTranslations.txt:::. Use source text plus neighbouring object context, not path_id/list index.
2	level3:4764	item	Useful for fishing!	Для рыбалки.		suspicious-mapping	level3:path_id=4764:raw_length_prefixed@914556	type=MonoBehaviour; name=Task_Fishing; script=Assembly-CSharp:FishingController; gameobject=Task_Fishing; dump=level3/MonoBehaviour/4764__Task_Fishing.json	Fishlet | Way too small... | Can of Worms || Wet Duct Tape | Seems useable! | Broken Compass	translations/source_queue.tsv, then rebuild XUnity dictionary	high: serialized location moved between versions	Same English item text exists in both versions but serialized locations differ. v1.1.2 locations=level3:4729:raw_length_prefixed@909196:Task_Fishing; level3::raw_ascii@909196:; translations/source_queue.tsv:::; translations/ru.tsv:::; patches/xunity_autotranslator/BepInEx/Translation/ru/Text/_AutoGeneratedTranslations.txt:::; v1.1.3 locations=level3:4764:raw_length_prefixed@914556:Task_Fishing; level3::raw_ascii@914556:; translations/source_queue.tsv:::; translations/ru.tsv:::; patches/xunity_autotranslator/BepInEx/Translation/ru/Text/_AutoGeneratedTranslations.txt:::. Use source text plus neighbouring object context, not path_id/list index.
2	level3:4764	item	Way too small...	Слишком мелко...		suspicious-mapping	level3:path_id=4764:raw_length_prefixed@914420	type=MonoBehaviour; name=Task_Fishing; script=Assembly-CSharp:FishingController; gameobject=Task_Fishing; dump=level3/MonoBehaviour/4764__Task_Fishing.json	Plastic Bottle | Worthless junk... | Fishlet || Can of Worms | Useful for fishing! | Wet Duct Tape	translations/source_queue.tsv, then rebuild XUnity dictionary	high: serialized location moved between versions	Same English item text exists in both versions but serialized locations differ. v1.1.2 locations=level3:4729:raw_length_prefixed@909060:Task_Fishing; v1.1.3 locations=level3:4764:raw_length_prefixed@914420:Task_Fishing. Use source text plus neighbouring object context, not path_id/list index.
2	level3:4764	item	Wet Duct Tape	Мокрый скотч		suspicious-mapping	level3:path_id=4764:raw_length_prefixed@914672	type=MonoBehaviour; name=Task_Fishing; script=Assembly-CSharp:FishingController; gameobject=Task_Fishing; dump=level3/MonoBehaviour/4764__Task_Fishing.json	Way too small... | Can of Worms | Useful for fishing! || Seems useable! | Broken Compass | Looks reparable!	translations/source_queue.tsv, then rebuild XUnity dictionary	high: serialized location moved between versions	Same English item text exists in both versions but serialized locations differ. v1.1.2 locations=level3:4729:raw_length_prefixed@909312:Task_Fishing; level3::raw_ascii@909312:; translations/source_queue.tsv:::; patches/xunity_autotranslator/BepInEx/Translation/ru/Text/_AutoGeneratedTranslations.txt:::; v1.1.3 locations=level3:4764:raw_length_prefixed@914672:Task_Fishing; level3::raw_ascii@914672:; translations/source_queue.tsv:::; patches/xunity_autotranslator/BepInEx/Translation/ru/Text/_AutoGeneratedTranslations.txt:::. Use source text plus neighbouring object context, not path_id/list index.
2	level3:4764	item	Worthless junk...	Бесполезный мусор...		suspicious-mapping	level3:path_id=4764:raw_length_prefixed@914016	type=MonoBehaviour; name=Task_Fishing; script=Assembly-CSharp:FishingController; gameobject=Task_Fishing; dump=level3/MonoBehaviour/4764__Task_Fishing.json	Worthless junk... | Plastic Bottle | Worthless junk...	translations/source_queue.tsv, then rebuild XUnity dictionary	high: serialized location moved between versions	Same English item text exists in both versions but serialized locations differ. v1.1.2 locations=level3:4729:raw_length_prefixed@908656:Task_Fishing; level3:4729:raw_length_prefixed@908784:Task_Fishing; level3:4729:raw_length_prefixed@908924:Task_Fishing; v1.1.3 locations=level3:4764:raw_length_prefixed@914016:Task_Fishing; level3:4764:raw_length_prefixed@914144:Task_Fishing; level3:4764:raw_length_prefixed@914284:Task_Fishing. Use source text plus neighbouring object context, not path_id/list index.
2	level3:4827	item	Torn Fishnet	Рваная сеть		suspicious-mapping	level3:path_id=4827:raw_length_prefixed@927648	type=MonoBehaviour; name=net (broken); script=Assembly-CSharp:CursorInfoMaker; gameobject=net (broken); dump=level3/MonoBehaviour/4827__net_broken.json		translations/source_queue.tsv, then rebuild XUnity dictionary	high: serialized location moved between versions	Same English item text exists in both versions but serialized locations differ. v1.1.2 locations=level3:4792:raw_length_prefixed@922208:net (broken); level3::raw_ascii@922208:; level4:9848:raw_length_prefixed@2094176:net (broken); translations/source_queue.tsv:::; translations/ru.tsv:::; +1 more; v1.1.3 locations=level3:4827:raw_length_prefixed@927648:net (broken); level3::raw_ascii@927648:; level4:10603:raw_length_prefixed@2199744:net (broken); translations/source_queue.tsv:::; translations/ru.tsv:::; +1 more. Use source text plus neighbouring object context, not path_id/list index.
2	level3:4832	notification	Broken Scuba Set	Сломанный акваланг		needs-context	level3:path_id=4832:raw_length_prefixed@928512	type=MonoBehaviour; name=scuba_set (broken); script=Assembly-CSharp:CursorInfoMaker; gameobject=scuba_set (broken); dump=level3/MonoBehaviour/4832__scuba_set_broken.json		translations/source_queue.tsv, then rebuild XUnity dictionary	medium: visible layout/clipping risk	Same English item text exists in both versions but serialized locations differ. v1.1.2 locations=level3:4797:raw_length_prefixed@923072:scuba_set (broken); level3::raw_ascii@923072:; level4:9766:raw_length_prefixed@2083104:scuba_set (broken); translations/source_queue.tsv:::; patches/xunity_autotranslator/BepInEx/Translation/ru/Text/_AutoGeneratedTranslations.txt:::; v1.1.3 locations=level3:4832:raw_length_prefixed@928512:scuba_set (broken); level3::raw_ascii@928512:; level4:10518:raw_length_prefixed@2187920:scuba_set (broken); translations/source_queue.tsv:::; patches/xunity_autotranslator/BepInEx/Translation/ru/Text/_AutoGeneratedTranslations.txt:::. Use source text plus neighbouring object context, not path_id/list index.
2	level3:697	item	energyicon (2)			suspicious-mapping	level3:path_id=697:m_Name	type=GameObject; name=energyicon (2); dump=level3/GameObject/697__energyicon_2.json		add/update source-text entry in translations/source_queue.tsv	high: serialized location moved between versions	Same English item text exists in both versions but serialized locations differ. v1.1.2 locations=level3:697:m_Name:energyicon (2); level3:810:m_Name:energyicon (2); level3::raw_ascii@168496:; level3::raw_ascii@175632:; v1.1.3 locations=level3:697:m_Name:energyicon (2); level3:810:m_Name:energyicon (2); level3::raw_ascii@169680:; level3::raw_ascii@176816:. Use source text plus neighbouring object context, not path_id/list index.
2	level3:70	item	energyicon (1)			suspicious-mapping	level3:path_id=70:m_Name	type=GameObject; name=energyicon (1); dump=level3/GameObject/70__energyicon_1.json		add/update source-text entry in translations/source_queue.tsv	high: serialized location moved between versions	Same English item text exists in both versions but serialized locations differ. v1.1.2 locations=level3:70:m_Name:energyicon (1); level3:536:m_Name:energyicon (1); level3::raw_ascii@127920:; level3::raw_ascii@158064:; v1.1.3 locations=level3:70:m_Name:energyicon (1); level3:536:m_Name:energyicon (1); level3::raw_ascii@129104:; level3::raw_ascii@159248:. Use source text plus neighbouring object context, not path_id/list index.
2	level3:717	notification	hookgun (broken)			needs-context	level3:path_id=717:m_Name	type=GameObject; name=hookgun (broken); dump=level3/GameObject/717__hookgun_broken.json		add/update source-text entry in translations/source_queue.tsv	medium: visible layout/clipping risk	Same English item text exists in both versions but serialized locations differ. v1.1.2 locations=level3:717:m_Name:hookgun (broken); level4:2079:m_Name:hookgun (broken); v1.1.3 locations=level3:717:m_Name:hookgun (broken); level4:2350:m_Name:hookgun (broken). Use source text plus neighbouring object context, not path_id/list index.
2	level3:758	item	Energy			suspicious-mapping	level3:path_id=758:m_Name	type=GameObject; name=Energy; dump=level3/GameObject/758__Energy.json		add/update source-text entry in translations/source_queue.tsv	high: serialized location moved between versions	Same English item text exists in both versions but serialized locations differ. v1.1.2 locations=level3:758:m_Name:Energy; level3::raw_ascii@172244:; v1.1.3 locations=level3:758:m_Name:Energy; level3::raw_ascii@173428:. Use source text plus neighbouring object context, not path_id/list index.
2	level3:931	notification	compass (broken)			needs-context	level3:path_id=931:m_Name	type=GameObject; name=compass (broken); dump=level3/GameObject/931__compass_broken.json		add/update source-text entry in translations/source_queue.tsv	medium: visible layout/clipping risk	Same English item text exists in both versions but serialized locations differ. v1.1.2 locations=level3:931:m_Name:compass (broken); level4:1573:m_Name:compass (broken); v1.1.3 locations=level3:931:m_Name:compass (broken); level4:1783:m_Name:compass (broken). Use source text plus neighbouring object context, not path_id/list index.
2	level3:973	notification	net (broken)			needs-context	level3:path_id=973:m_Name	type=GameObject; name=net (broken); dump=level3/GameObject/973__net_broken.json		add/update source-text entry in translations/source_queue.tsv	medium: visible layout/clipping risk	Same English item text exists in both versions but serialized locations differ. v1.1.2 locations=level3:973:m_Name:net (broken); level4:794:m_Name:net (broken); v1.1.3 locations=level3:973:m_Name:net (broken); level4:901:m_Name:net (broken). Use source text plus neighbouring object context, not path_id/list index.
2	level3:984	notification	scuba_set (broken)			needs-context	level3:path_id=984:m_Name	type=GameObject; name=scuba_set (broken); dump=level3/GameObject/984__scuba_set_broken.json		add/update source-text entry in translations/source_queue.tsv	medium: visible layout/clipping risk	Same English item text exists in both versions but serialized locations differ. v1.1.2 locations=level3:984:m_Name:scuba_set (broken); level4:469:m_Name:scuba_set (broken); v1.1.3 locations=level3:984:m_Name:scuba_set (broken); level4:534:m_Name:scuba_set (broken). Use source text plus neighbouring object context, not path_id/list index.
2	level3:no_path	unknown	ChestModel			needs-context	level3:raw_ascii@182024	type=raw_bytes	flaregun N | FRIEND | Text (TMP) || ItemSlot1 | FishOnHookCanvas | Energy3	needs context before choosing dictionary/runtime/plugin fix	low/medium: verify in clean v1.1.3	Same English item text exists in both versions but serialized locations differ. v1.1.2 locations=level3::raw_ascii@180840:; level3::raw_ascii@196504:; level4::raw_ascii@294840:; level4::raw_ascii@362984:; level4::raw_ascii@372744:; +1 more; v1.1.3 locations=level3::raw_ascii@182024:; level3::raw_ascii@197800:; level4::raw_ascii@318328:; level4::raw_ascii@394440:; level4::raw_ascii@405256:; +1 more. Use source text plus neighbouring object context, not path_id/list index.
2	level3:no_path	notification	compass (broken) N			needs-context	level3:raw_ascii@184920	type=raw_bytes	Energy3 | ItemSlot2 | ItemsHolder || ItemsHolder | Energy3 | Energy1	add/update source-text entry in translations/source_queue.tsv	medium: visible layout/clipping risk	Same English item text exists in both versions but serialized locations differ. v1.1.2 locations=level3::raw_ascii@183736:; level4::raw_ascii@356456:; v1.1.3 locations=level3::raw_ascii@184920:; level4::raw_ascii@387080:. Use source text plus neighbouring object context, not path_id/list index.
2	level3:no_path	unknown	ConfirmScubaSet			needs-context	level3:raw_ascii@142860	type=raw_bytes	anchor (broken) | flashlight (broken) | Energy3 || bait (1) N | CloseButton | Text (TMP)	needs context before choosing dictionary/runtime/plugin fix	low/medium: verify in clean v1.1.3	Same English item text exists in both versions but serialized locations differ. v1.1.2 locations=level3::raw_ascii@141676:; v1.1.3 locations=level3::raw_ascii@142860:. Use source text plus neighbouring object context, not path_id/list index.
2	level3:no_path	unknown	Energy1			needs-context	level3:raw_ascii@177196	type=raw_bytes	Point Light (2) | energyicon (2) | bait N || Particle System | Foods | JournalButton	needs context before choosing dictionary/runtime/plugin fix	low/medium: verify in clean v1.1.3	Same English item text exists in both versions but serialized locations differ. v1.1.2 locations=level3::raw_ascii@176012:; level3::raw_ascii@186236:; level4::raw_ascii@369568:; level4::raw_ascii@374220:; v1.1.3 locations=level3::raw_ascii@177196:; level3::raw_ascii@187420:; level4::raw_ascii@401744:; level4::raw_ascii@406972:. Use source text plus neighbouring object context, not path_id/list index.
2	level3:no_path	unknown	Energy2			needs-context	level3:raw_ascii@125548	type=raw_bytes	U8S | Library/unity default resources | Cats N || bucket (broken) | LootBoxChest | energyicon (1)	needs context before choosing dictionary/runtime/plugin fix	low/medium: verify in clean v1.1.3	Same English item text exists in both versions but serialized locations differ. v1.1.2 locations=level3::raw_ascii@124364:; level3::raw_ascii@174316:; level4::raw_ascii@254672:; level4::raw_ascii@404780:; v1.1.3 locations=level3::raw_ascii@125548:; level3::raw_ascii@175500:; level4::raw_ascii@273376:; level4::raw_ascii@441036:. Use source text plus neighbouring object context, not path_id/list index.
2	level3:no_path	unknown	Energy3			needs-context	level3:raw_ascii@142220	type=raw_bytes	Text (TMP) | anchor (broken) | flashlight (broken) || ConfirmScubaSet | bait (1) N | CloseButton	needs context before choosing dictionary/runtime/plugin fix	low/medium: verify in clean v1.1.3	Same English item text exists in both versions but serialized locations differ. v1.1.2 locations=level3::raw_ascii@141036:; level3::raw_ascii@152924:; level3::raw_ascii@182604:; level3::raw_ascii@185532:; level4::raw_ascii@317120:; +1 more; v1.1.3 locations=level3::raw_ascii@142220:; level3::raw_ascii@154108:; level3::raw_ascii@183788:; level3::raw_ascii@186716:; level4::raw_ascii@343120:; +1 more. Use source text plus neighbouring object context, not path_id/list index.
2	level3:no_path	unknown	EnergyCostShower			needs-context	level3:raw_ascii@149252	type=raw_bytes	ClickToContinue | ItemText | paperEnd || AlreadyHealthytext | Particle System | Point Light	needs context before choosing dictionary/runtime/plugin fix	low/medium: verify in clean v1.1.3	Same English item text exists in both versions but serialized locations differ. v1.1.2 locations=level3::raw_ascii@148068:; level4::raw_ascii@401956:; v1.1.3 locations=level3::raw_ascii@149252:; level4::raw_ascii@437780:. Use source text plus neighbouring object context, not path_id/list index.
2	level3:no_path	unknown	fish N			needs-context	level3:raw_ascii@144588	type=raw_bytes	CloseButton | Text (TMP) | telescope (broken) || ItemText | ItemsHolder | ClickToContinue	needs context before choosing dictionary/runtime/plugin fix	low/medium: verify in clean v1.1.3	Same English item text exists in both versions but serialized locations differ. v1.1.2 locations=level3::raw_ascii@143404:; v1.1.3 locations=level3::raw_ascii@144588:. Use source text plus neighbouring object context, not path_id/list index.
2	level3:no_path	unknown	FishedVisuals			needs-context	level3:raw_ascii@188728	type=raw_bytes	Energy1 | net (broken) N | Text (TMP) || friendIcon (2) | Cats (2) N | Cats (1) N	needs context before choosing dictionary/runtime/plugin fix	low/medium: verify in clean v1.1.3	Same English item text exists in both versions but serialized locations differ. v1.1.2 locations=level3::raw_ascii@187544:; v1.1.3 locations=level3::raw_ascii@188728:. Use source text plus neighbouring object context, not path_id/list index.
2	level3:no_path	unknown	FishOnHookCanvas			needs-context	level3:raw_ascii@183484	type=raw_bytes	Text (TMP) | ChestModel | ItemSlot1 || Energy3 | ItemSlot2 | ItemsHolder	needs context before choosing dictionary/runtime/plugin fix	low/medium: verify in clean v1.1.3	Same English item text exists in both versions but serialized locations differ. v1.1.2 locations=level3::raw_ascii@182300:; v1.1.3 locations=level3::raw_ascii@183484:. Use source text plus neighbouring object context, not path_id/list index.
2	level3:no_path	notification	hookgun (broken) N			needs-context	level3:raw_ascii@170904	type=raw_bytes	Text (TMP) | energyicon (2) | Text (TMP) || Text (TMP) | Text (TMP) | Energy	add/update source-text entry in translations/source_queue.tsv	medium: visible layout/clipping risk	Same English item text exists in both versions but serialized locations differ. v1.1.2 locations=level3::raw_ascii@169720:; level4::raw_ascii@389944:; v1.1.3 locations=level3::raw_ascii@170904:; level4::raw_ascii@424024:. Use source text plus neighbouring object context, not path_id/list index.
2	level3:no_path	unknown	ItemAndText			needs-context	level3:raw_ascii@191076	type=raw_bytes	friendIcon (2) | Cats (2) N | Cats (1) N || TalkDialog | friendIcon | Point Light (1)	needs context before choosing dictionary/runtime/plugin fix	low/medium: verify in clean v1.1.3	Same English item text exists in both versions but serialized locations differ. v1.1.2 locations=level3::raw_ascii@189892:; v1.1.3 locations=level3::raw_ascii@191076:. Use source text plus neighbouring object context, not path_id/list index.
2	level3:no_path	unknown	ItemsHolder			needs-context	level3:raw_ascii@145260	type=raw_bytes	telescope (broken) | fish N | ItemText || ClickToContinue | ItemText | paperEnd	needs context before choosing dictionary/runtime/plugin fix	low/medium: verify in clean v1.1.3	Same English item text exists in both versions but serialized locations differ. v1.1.2 locations=level3::raw_ascii@144076:; level3::raw_ascii@183644:; level3::raw_ascii@184252:; v1.1.3 locations=level3::raw_ascii@145260:; level3::raw_ascii@184828:; level3::raw_ascii@185436:. Use source text plus neighbouring object context, not path_id/list index.
2	level3:no_path	unknown	ItemSlot1			needs-context	level3:raw_ascii@182224	type=raw_bytes	FRIEND | Text (TMP) | ChestModel || FishOnHookCanvas | Energy3 | ItemSlot2	needs context before choosing dictionary/runtime/plugin fix	low/medium: verify in clean v1.1.3	Same English item text exists in both versions but serialized locations differ. v1.1.2 locations=level3::raw_ascii@181040:; v1.1.3 locations=level3::raw_ascii@182224:. Use source text plus neighbouring object context, not path_id/list index.
2	level3:no_path	unknown	ItemSlot2			needs-context	level3:raw_ascii@183936	type=raw_bytes	ItemSlot1 | FishOnHookCanvas | Energy3 || ItemsHolder | compass (broken) N | ItemsHolder	needs context before choosing dictionary/runtime/plugin fix	low/medium: verify in clean v1.1.3	Same English item text exists in both versions but serialized locations differ. v1.1.2 locations=level3::raw_ascii@182752:; v1.1.3 locations=level3::raw_ascii@183936:. Use source text plus neighbouring object context, not path_id/list index.
2	level3:no_path	unknown	ItemsUpdateCanvas			needs-context	level3:raw_ascii@175292	type=raw_bytes	Text (TMP) | Cats (3) N | JournalMainBook || Energy2 | Text (TMP) | Point Light (2)	needs context before choosing dictionary/runtime/plugin fix	low/medium: verify in clean v1.1.3	Same English item text exists in both versions but serialized locations differ. v1.1.2 locations=level3::raw_ascii@174108:; v1.1.3 locations=level3::raw_ascii@175292:. Use source text plus neighbouring object context, not path_id/list index.
2	level3:no_path	unknown	ItemText			needs-context	level3:raw_ascii@129264	type=raw_bytes	bucket (broken) | LootBoxChest | energyicon (1) || Text (TMP) | ScubaImage | THE BOAT	needs context before choosing dictionary/runtime/plugin fix	low/medium: verify in clean v1.1.3	Same English item text exists in both versions but serialized locations differ. v1.1.2 locations=level3::raw_ascii@128080:; level3::raw_ascii@134240:; level3::raw_ascii@143632:; level3::raw_ascii@147824:; level3::raw_ascii@150384:; +2 more; v1.1.3 locations=level3::raw_ascii@129264:; level3::raw_ascii@135424:; level3::raw_ascii@144816:; level3::raw_ascii@149008:; level3::raw_ascii@151568:; +2 more. Use source text plus neighbouring object context, not path_id/list index.
2	level3:no_path	unknown	LootBoxChest			needs-context	level3:raw_ascii@128068	type=raw_bytes	Cats N | Energy2 | bucket (broken) || energyicon (1) | ItemText | Text (TMP)	needs context before choosing dictionary/runtime/plugin fix	low/medium: verify in clean v1.1.3	Same English item text exists in both versions but serialized locations differ. v1.1.2 locations=level3::raw_ascii@126884:; level4::raw_ascii@289208:; v1.1.3 locations=level3::raw_ascii@128068:; level4::raw_ascii@311896:. Use source text plus neighbouring object context, not path_id/list index.
2	level3:no_path	notification	map (broken) N			needs-context	level3:raw_ascii@151192	type=raw_bytes	AlreadyHealthytext | Particle System | Point Light || Text (TMP) | ItemText | friendIcon (1)	add/update source-text entry in translations/source_queue.tsv	medium: visible layout/clipping risk	Same English item text exists in both versions but serialized locations differ. v1.1.2 locations=level3::raw_ascii@150008:; level4::raw_ascii@327800:; v1.1.3 locations=level3::raw_ascii@151192:; level4::raw_ascii@355000:. Use source text plus neighbouring object context, not path_id/list index.
2	level3:no_path	notification	net (broken) N			needs-context	level3:raw_ascii@187656	type=raw_bytes	ItemsHolder | Energy3 | Energy1 || Text (TMP) | FishedVisuals | friendIcon (2)	add/update source-text entry in translations/source_queue.tsv	medium: visible layout/clipping risk	Same English item text exists in both versions but serialized locations differ. v1.1.2 locations=level3::raw_ascii@186472:; level4::raw_ascii@305208:; v1.1.3 locations=level3::raw_ascii@187656:; level4::raw_ascii@329768:. Use source text plus neighbouring object context, not path_id/list index.
2	level3:no_path	unknown	ShowItemIcons			needs-context	level3:raw_ascii@138812	type=raw_bytes	JournalButtonOff | Directional Light | JournalHolder || bait N | Particle System | ducttape N	needs context before choosing dictionary/runtime/plugin fix	low/medium: verify in clean v1.1.3	Same English item text exists in both versions but serialized locations differ. v1.1.2 locations=level3::raw_ascii@137628:; v1.1.3 locations=level3::raw_ascii@138812:. Use source text plus neighbouring object context, not path_id/list index.
2	level3:no_path	unknown	UseDuctTape			needs-context	level3:raw_ascii@195416	type=raw_bytes	Text (TMP) | Text (TMP) | scubaTaskCamera || SettingsFade | mixamorig:LeftForeArm | mixamorig:Spine	needs context before choosing dictionary/runtime/plugin fix	low/medium: verify in clean v1.1.3	Same English item text exists in both versions but serialized locations differ. v1.1.2 locations=level3::raw_ascii@194232:; level4::raw_ascii@336472:; v1.1.3 locations=level3::raw_ascii@195416:; level4::raw_ascii@364616:. Use source text plus neighbouring object context, not path_id/list index.
2	level4:10348	unknown	Choose an item...	Выберите предмет...		needs-context	level4:path_id=10348:raw_length_prefixed@2144412	type=MonoBehaviour; name=choice_question_text; script=Unity.TextMeshPro:TMPro.TextMeshProUGUI; gameobject=choice_question_text; dump=level4/MonoBehaviour/10348__choice_question_text.json		translations/source_queue.tsv, then rebuild XUnity dictionary	low/medium: verify in clean v1.1.3	Same English item text exists in both versions but serialized locations differ. v1.1.2 locations=level4:9603:raw_length_prefixed@2042540:choice_question_text; translations/source_queue.tsv:::; patches/xunity_autotranslator/BepInEx/Translation/ru/Text/_AutoGeneratedTranslations.txt:::; v1.1.3 locations=level4:10348:raw_length_prefixed@2144412:choice_question_text; translations/source_queue.tsv:::; patches/xunity_autotranslator/BepInEx/Translation/ru/Text/_AutoGeneratedTranslations.txt:::. Use source text plus neighbouring object context, not path_id/list index.
2	level4:10442	item	Fish Can	Банка рыбы		suspicious-mapping	level4:path_id=10442:raw_length_prefixed@2178720	type=MonoBehaviour; name=food_fish (1); script=Assembly-CSharp:CursorInfoMaker; gameobject=food_fish (1); dump=level4/MonoBehaviour/10442__food_fish_1.json		translations/source_queue.tsv, then rebuild XUnity dictionary	high: serialized location moved between versions	Same English item text exists in both versions but serialized locations differ. v1.1.2 locations=level4:9693:raw_length_prefixed@2074656:food_fish (1); level4:9780:raw_length_prefixed@2084912:food_fish (2); level4:9832:raw_length_prefixed@2091984:food_fish (4); level4:9908:raw_length_prefixed@2100832:food_fish (3); level4:9911:raw_length_prefixed@2101152:food_fish; +6 more; v1.1.3 locations=level4:10442:raw_length_prefixed@2178720:food_fish (1); level4:10533:raw_length_prefixed@2189872:food_fish (2); level4:10587:raw_length_prefixed@2197552:food_fish (4); level4:10664:raw_length_prefixed@2206544:food_fish (3); level4:10667:raw_length_prefixed@2206864:food_fish; +6 more. Use source text plus neighbouring object context, not path_id/list index.
2	level4:10828	unknown	chest	Сундук		needs-context	level4:path_id=10828:raw_length_prefixed@2228056	type=MonoBehaviour; name=HandyMan; script=Assembly-CSharp:handyman_event; gameobject=HandyMan; dump=level4/MonoBehaviour/10828__HandyMan.json		needs context before choosing dictionary/runtime/plugin fix	low/medium: verify in clean v1.1.3	Same English item text exists in both versions but serialized locations differ. v1.1.2 locations=level4:10069:raw_length_prefixed@2121576:HandyMan; level4:10204:raw_length_prefixed@2139648:LootBoxChest; sharedassets1.assets:470:m_Name:chest; sharedassets1.assets:470:raw_length_prefixed@9836152:chest; sharedassets1.assets:470:raw_length_prefixed@9836164:chest; +6 more; v1.1.3 locations=level4:10828:raw_length_prefixed@2228056:HandyMan; level4:10963:raw_length_prefixed@2246128:LootBoxChest; sharedassets1.assets:480:m_Name:chest; sharedassets1.assets:480:raw_length_prefixed@7315664:chest; sharedassets1.assets:480:raw_length_prefixed@7315676:chest; +6 more. Use source text plus neighbouring object context, not path_id/list index.
2	level4:1581	item	fishpivot (2)			suspicious-mapping	level4:path_id=1581:m_Name	type=GameObject; name=fishpivot (2); dump=level4/GameObject/1581__fishpivot_2.json		add/update source-text entry in translations/source_queue.tsv	high: serialized location moved between versions	Same English item text exists in both versions but serialized locations differ. v1.1.2 locations=level4:1396:m_Name:fishpivot (2); level4:2434:m_Name:fishpivot (2); level4::raw_ascii@344984:; level4::raw_ascii@413368:; v1.1.3 locations=level4:1581:m_Name:fishpivot (2); level4:2754:m_Name:fishpivot (2); level4::raw_ascii@374136:. Use source text plus neighbouring object context, not path_id/list index.
2	level4:1709	item	MonsterFishModel (7)			suspicious-mapping	level4:path_id=1709:m_Name	type=GameObject; name=MonsterFishModel (7); dump=level4/GameObject/1709__MonsterFishModel_7.json		add/update source-text entry in translations/source_queue.tsv	high: serialized location moved between versions	Same English item text exists in both versions but serialized locations differ. v1.1.2 locations=level4:1508:m_Name:MonsterFishModel (7); level4::raw_ascii@352376:; v1.1.3 locations=level4:1709:m_Name:MonsterFishModel (7); level4::raw_ascii@382488:. Use source text plus neighbouring object context, not path_id/list index.
2	level4:1797	item	fishie (5)			suspicious-mapping	level4:path_id=1797:m_Name	type=GameObject; name=fishie (5); dump=level4/GameObject/1797__fishie_5.json		add/update source-text entry in translations/source_queue.tsv	high: serialized location moved between versions	Same English item text exists in both versions but serialized locations differ. v1.1.2 locations=level4:1584:m_Name:fishie (5); level4::raw_ascii@357164:; v1.1.3 locations=level4:1797:m_Name:fishie (5); level4::raw_ascii@387948:. Use source text plus neighbouring object context, not path_id/list index.
2	level4:1813	item	fishie (7)			suspicious-mapping	level4:path_id=1813:m_Name	type=GameObject; name=fishie (7); dump=level4/GameObject/1813__fishie_7.json		add/update source-text entry in translations/source_queue.tsv	high: serialized location moved between versions	Same English item text exists in both versions but serialized locations differ. v1.1.2 locations=level4:1599:m_Name:fishie (7); level4::raw_ascii@358140:; v1.1.3 locations=level4:1813:m_Name:fishie (7); level4::raw_ascii@388972:. Use source text plus neighbouring object context, not path_id/list index.
2	level4:1987	item	fishie (1)			suspicious-mapping	level4:path_id=1987:m_Name	type=GameObject; name=fishie (1); dump=level4/GameObject/1987__fishie_1.json		add/update source-text entry in translations/source_queue.tsv	high: serialized location moved between versions	Same English item text exists in both versions but serialized locations differ. v1.1.2 locations=level4:1753:m_Name:fishie (1); level4::raw_ascii@368428:; v1.1.3 locations=level4:1987:m_Name:fishie (1); level4::raw_ascii@400380:. Use source text plus neighbouring object context, not path_id/list index.
2	level4:2050	item	fishpivot (1)			suspicious-mapping	level4:path_id=2050:m_Name	type=GameObject; name=fishpivot (1); dump=level4/GameObject/2050__fishpivot_1.json		add/update source-text entry in translations/source_queue.tsv	high: serialized location moved between versions	Same English item text exists in both versions but serialized locations differ. v1.1.2 locations=level4:1809:m_Name:fishpivot (1); level4:2297:m_Name:fishpivot (1); level4::raw_ascii@372104:; level4::raw_ascii@404280:; v1.1.3 locations=level4:2050:m_Name:fishpivot (1); level4:2601:m_Name:fishpivot (1); level4::raw_ascii@404456:; level4::raw_ascii@440424:. Use source text plus neighbouring object context, not path_id/list index.
2	level4:2071	item	fishie (3)			suspicious-mapping	level4:path_id=2071:m_Name	type=GameObject; name=fishie (3); dump=level4/GameObject/2071__fishie_3.json		add/update source-text entry in translations/source_queue.tsv	high: serialized location moved between versions	Same English item text exists in both versions but serialized locations differ. v1.1.2 locations=level4:1824:m_Name:fishie (3); level4::raw_ascii@373084:; v1.1.3 locations=level4:2071:m_Name:fishie (3); level4::raw_ascii@405772:. Use source text plus neighbouring object context, not path_id/list index.
2	level4:2130	item	MonsterFishModel (3)			suspicious-mapping	level4:path_id=2130:m_Name	type=GameObject; name=MonsterFishModel (3); dump=level4/GameObject/2130__MonsterFishModel_3.json		add/update source-text entry in translations/source_queue.tsv	high: serialized location moved between versions	Same English item text exists in both versions but serialized locations differ. v1.1.2 locations=level4:1876:m_Name:MonsterFishModel (3); level4::raw_ascii@376440:; v1.1.3 locations=level4:2130:m_Name:MonsterFishModel (3); level4::raw_ascii@409560:. Use source text plus neighbouring object context, not path_id/list index.
2	level4:2664	item	fishie (4)			suspicious-mapping	level4:path_id=2664:m_Name	type=GameObject; name=fishie (4); dump=level4/GameObject/2664__fishie_4.json		add/update source-text entry in translations/source_queue.tsv	high: serialized location moved between versions	Same English item text exists in both versions but serialized locations differ. v1.1.2 locations=level4:2353:m_Name:fishie (4); level4::raw_ascii@408044:; v1.1.3 locations=level4:2664:m_Name:fishie (4). Use source text plus neighbouring object context, not path_id/list index.
2	level4:443	item	fishie (2)			suspicious-mapping	level4:path_id=443:m_Name	type=GameObject; name=fishie (2); dump=level4/GameObject/443__fishie_2.json		add/update source-text entry in translations/source_queue.tsv	high: serialized location moved between versions	Same English item text exists in both versions but serialized locations differ. v1.1.2 locations=level4:391:m_Name:fishie (2); level4::raw_ascii@278860:; v1.1.3 locations=level4:443:m_Name:fishie (2); level4::raw_ascii@300284:. Use source text plus neighbouring object context, not path_id/list index.
2	level4:481	item	MonsterFishModel (5)			suspicious-mapping	level4:path_id=481:m_Name	type=GameObject; name=MonsterFishModel (5); dump=level4/GameObject/481__MonsterFishModel_5.json		add/update source-text entry in translations/source_queue.tsv	high: serialized location moved between versions	Same English item text exists in both versions but serialized locations differ. v1.1.2 locations=level4:424:m_Name:MonsterFishModel (5); level4::raw_ascii@281064:; v1.1.3 locations=level4:481:m_Name:MonsterFishModel (5); level4::raw_ascii@302792:. Use source text plus neighbouring object context, not path_id/list index.
2	level4:539	item	MonsterFishModel (2)			suspicious-mapping	level4:path_id=539:m_Name	type=GameObject; name=MonsterFishModel (2); dump=level4/GameObject/539__MonsterFishModel_2.json		add/update source-text entry in translations/source_queue.tsv	high: serialized location moved between versions	Same English item text exists in both versions but serialized locations differ. v1.1.2 locations=level4:474:m_Name:MonsterFishModel (2); level4::raw_ascii@284360:; v1.1.3 locations=level4:539:m_Name:MonsterFishModel (2); level4::raw_ascii@306552:. Use source text plus neighbouring object context, not path_id/list index.
2	level4:619	item	fishie (6)			suspicious-mapping	level4:path_id=619:m_Name	type=GameObject; name=fishie (6); dump=level4/GameObject/619__fishie_6.json		add/update source-text entry in translations/source_queue.tsv	high: serialized location moved between versions	Same English item text exists in both versions but serialized locations differ. v1.1.2 locations=level4:545:m_Name:fishie (6); level4::raw_ascii@288924:; v1.1.3 locations=level4:619:m_Name:fishie (6); level4::raw_ascii@311612:. Use source text plus neighbouring object context, not path_id/list index.
2	level4:66	item	MonsterFishModel (4)			suspicious-mapping	level4:path_id=66:m_Name	type=GameObject; name=MonsterFishModel (4); dump=level4/GameObject/66__MonsterFishModel_4.json		add/update source-text entry in translations/source_queue.tsv	high: serialized location moved between versions	Same English item text exists in both versions but serialized locations differ. v1.1.2 locations=level4:56:m_Name:MonsterFishModel (4); level4::raw_ascii@256776:; v1.1.3 locations=level4:66:m_Name:MonsterFishModel (4); level4::raw_ascii@275832:. Use source text plus neighbouring object context, not path_id/list index.
2	level4:702	item	MonsterFishModel (8)			suspicious-mapping	level4:path_id=702:m_Name	type=GameObject; name=MonsterFishModel (8); dump=level4/GameObject/702__MonsterFishModel_8.json		add/update source-text entry in translations/source_queue.tsv	high: serialized location moved between versions	Same English item text exists in both versions but serialized locations differ. v1.1.2 locations=level4:618:m_Name:MonsterFishModel (8); level4::raw_ascii@293688:; v1.1.3 locations=level4:702:m_Name:MonsterFishModel (8); level4::raw_ascii@316904:. Use source text plus neighbouring object context, not path_id/list index.
2	level4:746	item	fishpivot (3)			suspicious-mapping	level4:path_id=746:m_Name	type=GameObject; name=fishpivot (3); dump=level4/GameObject/746__fishpivot_3.json		add/update source-text entry in translations/source_queue.tsv	high: serialized location moved between versions	Same English item text exists in both versions but serialized locations differ. v1.1.2 locations=level4:656:m_Name:fishpivot (3); level4::raw_ascii@296168:; v1.1.3 locations=level4:746:m_Name:fishpivot (3); level4::raw_ascii@319704:. Use source text plus neighbouring object context, not path_id/list index.
2	level4:830	item	MonsterFishModel (6)			suspicious-mapping	level4:path_id=830:m_Name	type=GameObject; name=MonsterFishModel (6); dump=level4/GameObject/830__MonsterFishModel_6.json		add/update source-text entry in translations/source_queue.tsv	high: serialized location moved between versions	Same English item text exists in both versions but serialized locations differ. v1.1.2 locations=level4:733:m_Name:MonsterFishModel (6); level4::raw_ascii@301032:; v1.1.3 locations=level4:830:m_Name:MonsterFishModel (6); level4::raw_ascii@325000:. Use source text plus neighbouring object context, not path_id/list index.
2	level4:894	item	MonsterFishModel (1)			suspicious-mapping	level4:path_id=894:m_Name	type=GameObject; name=MonsterFishModel (1); dump=level4/GameObject/894__MonsterFishModel_1.json		add/update source-text entry in translations/source_queue.tsv	high: serialized location moved between versions	Same English item text exists in both versions but serialized locations differ. v1.1.2 locations=level4:787:m_Name:MonsterFishModel (1); level4::raw_ascii@304728:; v1.1.3 locations=level4:894:m_Name:MonsterFishModel (1); level4::raw_ascii@329288:. Use source text plus neighbouring object context, not path_id/list index.
2	level4:991	item	MonsterFishModel (9)			suspicious-mapping	level4:path_id=991:m_Name	type=GameObject; name=MonsterFishModel (9); dump=level4/GameObject/991__MonsterFishModel_9.json		add/update source-text entry in translations/source_queue.tsv	high: serialized location moved between versions	Same English item text exists in both versions but serialized locations differ. v1.1.2 locations=level4:874:m_Name:MonsterFishModel (9); level4::raw_ascii@310488:; v1.1.3 locations=level4:991:m_Name:MonsterFishModel (9); level4::raw_ascii@335624:. Use source text plus neighbouring object context, not path_id/list index.
2	level4:no_path	unknown	ChestAttack			needs-context	level4:raw_ascii@313984	type=raw_bytes	mixamorig:Hips | FishIntoBoat | mixamorig:LeftHandThumb3 || mixamorig:LeftHandThumb1 | mixamorig:RightHandThumb3 | mixamorig:Spine2	needs context before choosing dictionary/runtime/plugin fix	low/medium: verify in clean v1.1.3	Same English item text exists in both versions but serialized locations differ. v1.1.2 locations=level4::raw_ascii@291120:; sharedassets1.assets:520:m_Name:ChestAttack; sharedassets1.assets:520:raw_length_prefixed@9857136:ChestAttack; sharedassets1.assets::raw_ascii@9857136:; v1.1.3 locations=level4::raw_ascii@313984:; sharedassets1.assets:530:m_Name:ChestAttack; sharedassets1.assets:530:raw_length_prefixed@7337392:ChestAttack; sharedassets1.assets::raw_ascii@7337392:. Use source text plus neighbouring object context, not path_id/list index.
2	level4:no_path	result/search	ChestFound			needs-context	level4:raw_ascii@428120	type=raw_bytes	Point Light (1) | mixamorig:RightHand | mixamorig:LeftHandThumb1 || LootBoxChest N | mixamorig:LeftArm | Trader3	add/update source-text entry in translations/source_queue.tsv	medium: visible layout/clipping risk	Same English item text exists in both versions but serialized locations differ. v1.1.2 locations=level4::raw_ascii@393384:; v1.1.3 locations=level4::raw_ascii@428120:. Use source text plus neighbouring object context, not path_id/list index.
2	level4:no_path	unknown	ChooseItemHud			needs-context	level4:raw_ascii@387164	type=raw_bytes	mixamorig:RightHandIndex2 | mixamorig:Spine | compass (broken) N || mixamorig:Spine2 | Point Light (2) | mixamorig:LeftUpLeg	needs context before choosing dictionary/runtime/plugin fix	low/medium: verify in clean v1.1.3	Same English item text exists in both versions but serialized locations differ. v1.1.2 locations=level4::raw_ascii@356540:; v1.1.3 locations=level4::raw_ascii@387164:. Use source text plus neighbouring object context, not path_id/list index.
2	level4:no_path	unknown	Fishies			needs-context	level4:raw_ascii@401000	type=raw_bytes	mixamorig:LeftHandThumb4 | SmallMonsterFishes | mixamorig:LeftShoulder || Particle System | mixamorig:LeftForeArm | TraderPaddleRight	needs context before choosing dictionary/runtime/plugin fix	low/medium: verify in clean v1.1.3	Same English item text exists in both versions but serialized locations differ. v1.1.2 locations=level4::raw_ascii@368872:; v1.1.3 locations=level4::raw_ascii@401000:. Use source text plus neighbouring object context, not path_id/list index.
2	level4:no_path	unknown	FishIntoBoat			needs-context	level4:raw_ascii@313776	type=raw_bytes	Text (TMP) | mixamorig:LeftHandIndex1 | mixamorig:Hips || mixamorig:LeftHandThumb3 | ChestAttack | mixamorig:LeftHandThumb1	needs context before choosing dictionary/runtime/plugin fix	low/medium: verify in clean v1.1.3	Same English item text exists in both versions but serialized locations differ. v1.1.2 locations=level4::raw_ascii@290912:; sharedassets1.assets:498:m_Name:FishIntoBoat; sharedassets1.assets:498:raw_length_prefixed@9840640:FishIntoBoat; sharedassets1.assets::raw_ascii@9840640:; v1.1.3 locations=level4::raw_ascii@313776:; sharedassets1.assets:508:m_Name:FishIntoBoat; sharedassets1.assets:508:raw_length_prefixed@7320288:FishIntoBoat; sharedassets1.assets::raw_ascii@7320288:. Use source text plus neighbouring object context, not path_id/list index.
2	level4:no_path	unknown	FishSquad			needs-context	level4:raw_ascii@379120	type=raw_bytes	mixamorig:Spine1 | Trader5 | mixamorig:RightToeBase || Point Light (1) | mixamorig:Head | Text (TMP)	needs context before choosing dictionary/runtime/plugin fix	low/medium: verify in clean v1.1.3	Same English item text exists in both versions but serialized locations differ. v1.1.2 locations=level4::raw_ascii@349488:; sharedassets1.assets:509:m_Name:FishSquad; sharedassets1.assets:509:raw_length_prefixed@9848712:FishSquad; sharedassets1.assets::raw_ascii@9848712:; v1.1.3 locations=level4::raw_ascii@379120:; sharedassets1.assets:519:m_Name:FishSquad; sharedassets1.assets:519:raw_length_prefixed@7328464:FishSquad; sharedassets1.assets::raw_ascii@7328464:. Use source text plus neighbouring object context, not path_id/list index.
2	level4:no_path	unknown	LootBoxChest N			needs-context	level4:raw_ascii@428192	type=raw_bytes	mixamorig:RightHand | mixamorig:LeftHandThumb1 | ChestFound || mixamorig:LeftArm | Trader3 | mixamorig:RightHandIndex2	needs context before choosing dictionary/runtime/plugin fix	low/medium: verify in clean v1.1.3	Same English item text exists in both versions but serialized locations differ. v1.1.2 locations=level4::raw_ascii@393456:; v1.1.3 locations=level4::raw_ascii@428192:. Use source text plus neighbouring object context, not path_id/list index.
2	level4:no_path	unknown	MonsterFish			needs-context	level4:raw_ascii@323424	type=raw_bytes	Point Light | Point Light (1) | mixamorig:LeftUpLeg || mixamorig:RightShoulder | mixamorig:Head | TraderBody	needs context before choosing dictionary/runtime/plugin fix	low/medium: verify in clean v1.1.3	Same English item text exists in both versions but serialized locations differ. v1.1.2 locations=level4::raw_ascii@299712:; sharedassets1.assets:512:m_Name:MonsterFish; sharedassets1.assets:512:raw_length_prefixed@9850736:MonsterFish; sharedassets1.assets::raw_ascii@9850736:; v1.1.3 locations=level4::raw_ascii@323424:; sharedassets1.assets:522:m_Name:MonsterFish; sharedassets1.assets:522:raw_length_prefixed@7330912:MonsterFish; sharedassets1.assets::raw_ascii@7330912:. Use source text plus neighbouring object context, not path_id/list index.
2	level4:no_path	unknown	MonsterFishModel			needs-context	level4:raw_ascii@320616	type=raw_bytes	mixamorig:RightUpLeg | Point Light (1) | mixamorig:LeftLeg || mixamorig:LeftLeg | mixamorig:RightUpLeg | TraderCanvas	needs context before choosing dictionary/runtime/plugin fix	low/medium: verify in clean v1.1.3	Same English item text exists in both versions but serialized locations differ. v1.1.2 locations=level4::raw_ascii@297032:; level4::raw_ascii@381032:; level4::raw_ascii@388632:; level4::raw_ascii@413320:; v1.1.3 locations=level4::raw_ascii@320616:; level4::raw_ascii@414472:; level4::raw_ascii@422600:. Use source text plus neighbouring object context, not path_id/list index.
2	level4:no_path	unknown	MysteryChest			needs-context	level4:raw_ascii@377280	type=raw_bytes	mixamorig:LeftHand | FriendText | Point Light (4) || mixamorig:LeftHandThumb2 | mixamorig:LeftHandThumb4 | mixamorig:RightHandIndex1	needs context before choosing dictionary/runtime/plugin fix	low/medium: verify in clean v1.1.3	Same English item text exists in both versions but serialized locations differ. v1.1.2 locations=level4::raw_ascii@347776:; sharedassets1.assets:513:m_Name:MysteryChest; sharedassets1.assets:513:raw_length_prefixed@9852088:MysteryChest; sharedassets1.assets::raw_ascii@9852088:; v1.1.3 locations=level4::raw_ascii@377280:; sharedassets1.assets:523:m_Name:MysteryChest; sharedassets1.assets:523:raw_length_prefixed@7332272:MysteryChest; sharedassets1.assets::raw_ascii@7332272:. Use source text plus neighbouring object context, not path_id/list index.
2	level4:no_path	ui	SleepingUnwell			needs-context	level4:raw_ascii@394256	type=raw_bytes	mixamorig:LeftShoulder | mixamorig:RightForeArm | mixamorig:Spine2 || mixamorig:LeftHandThumb1 | ChestModel | TraderHandRight	add/update source-text entry in translations/source_queue.tsv	medium: visible layout/clipping risk	Same English item text exists in both versions but serialized locations differ. v1.1.2 locations=level4::raw_ascii@362800:; sharedassets1.assets:505:m_Name:SleepingUnwell; sharedassets1.assets:505:raw_length_prefixed@9846008:SleepingUnwell; sharedassets1.assets::raw_ascii@9846008:; v1.1.3 locations=level4::raw_ascii@394256:; sharedassets1.assets:515:m_Name:SleepingUnwell; sharedassets1.assets:515:raw_length_prefixed@7325728:SleepingUnwell; sharedassets1.assets::raw_ascii@7325728:. Use source text plus neighbouring object context, not path_id/list index.
2	level4:no_path	unknown	SmallMonsterFish			needs-context	level4:raw_ascii@276752	type=raw_bytes	GoToSleepText (8) | mixamorig:LeftHandIndex1 | mixamorig:RightFoot || TraderHandRight | mixamorig:LeftUpLeg | mixamorig:LeftFoot	needs context before choosing dictionary/runtime/plugin fix	low/medium: verify in clean v1.1.3	Same English item text exists in both versions but serialized locations differ. v1.1.2 locations=level4::raw_ascii@257696:; v1.1.3 locations=level4::raw_ascii@276752:. Use source text plus neighbouring object context, not path_id/list index.
2	level4:no_path	unknown	SmallMonsterFishes			needs-context	level4:raw_ascii@400616	type=raw_bytes	Point Light (2) | mixamorig:LeftHand | mixamorig:LeftHandThumb4 || mixamorig:LeftShoulder | Fishies | Particle System	needs context before choosing dictionary/runtime/plugin fix	low/medium: verify in clean v1.1.3	Same English item text exists in both versions but serialized locations differ. v1.1.2 locations=level4::raw_ascii@368600:; sharedassets1.assets:514:m_Name:SmallMonsterFishes; sharedassets1.assets:514:raw_length_prefixed@9852584:SmallMonsterFishes; sharedassets1.assets::raw_ascii@9852584:; v1.1.3 locations=level4::raw_ascii@400616:; sharedassets1.assets:524:m_Name:SmallMonsterFishes; sharedassets1.assets:524:raw_length_prefixed@7332784:SmallMonsterFishes; sharedassets1.assets::raw_ascii@7332784:. Use source text plus neighbouring object context, not path_id/list index.
2	level5:45	item	fishpivot (5)			suspicious-mapping	level5:path_id=45:m_Name	type=GameObject; name=fishpivot (5); dump=level5/GameObject/45__fishpivot_5.json		add/update source-text entry in translations/source_queue.tsv	high: serialized location moved between versions	Same English item text exists in both versions but serialized locations differ. v1.1.2 locations=level5:45:m_Name:fishpivot (5); level5::raw_ascii@52616:; v1.1.3 locations=level5:45:m_Name:fishpivot (5); level5::raw_ascii@53672:. Use source text plus neighbouring object context, not path_id/list index.
2	resources.assets:2056	item	Option A			suspicious-mapping	resources.assets:path_id=2056:raw_length_prefixed@16055396	type=MonoBehaviour; name=Item Label; script=UnityEngine.UI:UnityEngine.UI.Text; gameobject=Item Label; dump=resources.assets/MonoBehaviour/2056__Item_Label.json		add/update source-text entry in translations/source_queue.tsv	high: serialized location moved between versions	Same English item text exists in both versions but serialized locations differ. v1.1.2 locations=resources.assets:2056:raw_length_prefixed@16053460:Item Label; v1.1.3 locations=resources.assets:2056:raw_length_prefixed@16055396:Item Label. Use source text plus neighbouring object context, not path_id/list index.
2	resources.assets:2249	unknown	SelectPreviousItem			needs-context	resources.assets:path_id=2249:raw_length_prefixed@16126748	type=MonoBehaviour; name=Previous; script=UnityEngine.UI:UnityEngine.UI.Button; gameobject=Previous; dump=resources.assets/MonoBehaviour/2249__Previous.json		needs context before choosing dictionary/runtime/plugin fix	low/medium: verify in clean v1.1.3	Same English item text exists in both versions but serialized locations differ. v1.1.2 locations=resources.assets:2249:raw_length_prefixed@16124812:Previous; v1.1.3 locations=resources.assets:2249:raw_length_prefixed@16126748:Previous. Use source text plus neighbouring object context, not path_id/list index.
2	resources.assets:2254	unknown	SelectNextItem			needs-context	resources.assets:path_id=2254:raw_length_prefixed@16127724	type=MonoBehaviour; name=Next; script=UnityEngine.UI:UnityEngine.UI.Button; gameobject=Next; dump=resources.assets/MonoBehaviour/2254__Next.json		needs context before choosing dictionary/runtime/plugin fix	low/medium: verify in clean v1.1.3	Same English item text exists in both versions but serialized locations differ. v1.1.2 locations=resources.assets:2254:raw_length_prefixed@16125788:Next; v1.1.3 locations=resources.assets:2254:raw_length_prefixed@16127724:Next. Use source text plus neighbouring object context, not path_id/list index.
2	resources.assets:2373	item	OnScrollbarClicked			suspicious-mapping	resources.assets:path_id=2373:raw_length_prefixed@16151280	type=MonoBehaviour; name=Scrollbar Horizontal; script=UnityEngine.UI:UnityEngine.EventSystems.EventTrigger; gameobject=Scrollbar Horizontal; dump=resources.assets/MonoBehaviour/2373__Scrollbar_Horizontal.json		add/update source-text entry in translations/source_queue.tsv	high: serialized location moved between versions	Same English item text exists in both versions but serialized locations differ. v1.1.2 locations=resources.assets:2373:raw_length_prefixed@16149344:Scrollbar Horizontal; resources.assets:2544:raw_length_prefixed@16193424:Scrollbar Vertical; v1.1.3 locations=resources.assets:2373:raw_length_prefixed@16151280:Scrollbar Horizontal; resources.assets:2544:raw_length_prefixed@16195360:Scrollbar Vertical. Use source text plus neighbouring object context, not path_id/list index.
2	resources.assets:no_path	unknown	Base Map			needs-context	resources.assets:raw_ascii@3468520	type=raw_bytes	LIGHTMODE | RenderType | RenderType || Base Color | Alpha Cutoff | Normal Map	needs context before choosing dictionary/runtime/plugin fix	low/medium: verify in clean v1.1.3	Same English item text exists in both versions but serialized locations differ. v1.1.2 locations=resources.assets::raw_ascii@3468520:; sharedassets2.assets::raw_ascii@1576124:; v1.1.3 locations=resources.assets::raw_ascii@3468520:; sharedassets2.assets::raw_ascii@1575500:. Use source text plus neighbouring object context, not path_id/list index.
2	resources.assets:no_path	unknown	Normal Map			needs-context	resources.assets:raw_ascii@3367216	type=raw_bytes	Smoothness texture channel | Enum(Metallic Alpha,0,Albedo Alpha,1) | Glossy Reflections || Height Scale | Height Map | Detail Mask	needs context before choosing dictionary/runtime/plugin fix	low/medium: verify in clean v1.1.3	Same English item text exists in both versions but serialized locations differ. v1.1.2 locations=resources.assets::raw_ascii@3367216:; resources.assets::raw_ascii@3367960:; resources.assets::raw_ascii@3468720:; sharedassets1.assets::raw_ascii@9215440:; v1.1.3 locations=resources.assets::raw_ascii@3367216:; resources.assets::raw_ascii@3367960:; resources.assets::raw_ascii@3468720:; sharedassets1.assets::raw_ascii@6689608:. Use source text plus neighbouring object context, not path_id/list index.
2	sharedassets1.assets:378	item	Make bait?	Сделать наживку?		suspicious-mapping	sharedassets1.assets:path_id=378:raw_length_prefixed@7278276	type=MonoBehaviour; name=bait_from_food_01; script=Assembly-CSharp:dialogue_object; dump=sharedassets1.assets/MonoBehaviour/378__bait_from_food_01.json	bait_from_food_01	translations/source_queue.tsv, then rebuild XUnity dictionary	high: serialized location moved between versions	Same English item text exists in both versions but serialized locations differ. v1.1.2 locations=sharedassets1.assets:371:raw_length_prefixed@9799500:bait_from_food_01; sharedassets1.assets::raw_ascii@9799500:; translations/source_queue.tsv:::; patches/xunity_autotranslator/BepInEx/Translation/ru/Text/_AutoGeneratedTranslations.txt:::; v1.1.3 locations=sharedassets1.assets:378:raw_length_prefixed@7278276:bait_from_food_01; sharedassets1.assets::raw_ascii@7278276:; translations/source_queue.tsv:::; patches/xunity_autotranslator/BepInEx/Translation/ru/Text/_AutoGeneratedTranslations.txt:::. Use source text plus neighbouring object context, not path_id/list index.
2	sharedassets1.assets:390	item	Hand over diving gear?	Отдать снаряжение?		suspicious-mapping	sharedassets1.assets:path_id=390:raw_length_prefixed@7284436	type=MonoBehaviour; name=help_explore_scuba_01; script=Assembly-CSharp:dialogue_object; dump=sharedassets1.assets/MonoBehaviour/390__help_explore_scuba_01.json	help_explore_scuba_01	translations/source_queue.tsv, then rebuild XUnity dictionary	high: serialized location moved between versions	Same English item text exists in both versions but serialized locations differ. v1.1.2 locations=sharedassets1.assets:383:raw_length_prefixed@9805588:help_explore_scuba_01; v1.1.3 locations=sharedassets1.assets:390:raw_length_prefixed@7284436:help_explore_scuba_01. Use source text plus neighbouring object context, not path_id/list index.
2	sharedassets1.assets:396	item	Hand over the map?	Отдать карту?		suspicious-mapping	sharedassets1.assets:path_id=396:raw_length_prefixed@7287892	type=MonoBehaviour; name=help_exploremap_01; script=Assembly-CSharp:dialogue_object; dump=sharedassets1.assets/MonoBehaviour/396__help_exploremap_01.json	help_exploremap_01	translations/source_queue.tsv, then rebuild XUnity dictionary	high: serialized location moved between versions	Same English item text exists in both versions but serialized locations differ. v1.1.2 locations=sharedassets1.assets:389:raw_length_prefixed@9809028:help_exploremap_01; sharedassets1.assets::raw_ascii@9809028:; translations/source_queue.tsv:::; patches/xunity_autotranslator/BepInEx/Translation/ru/Text/_AutoGeneratedTranslations.txt:::; v1.1.3 locations=sharedassets1.assets:396:raw_length_prefixed@7287892:help_exploremap_01; sharedassets1.assets::raw_ascii@7287892:; translations/source_queue.tsv:::; patches/xunity_autotranslator/BepInEx/Translation/ru/Text/_AutoGeneratedTranslations.txt:::. Use source text plus neighbouring object context, not path_id/list index.
2	sharedassets1.assets:400	item	Give bait to fish?	Дать рыбе наживку?		suspicious-mapping	sharedassets1.assets:path_id=400:raw_length_prefixed@7289492	type=MonoBehaviour; name=help_fishing_01; script=Assembly-CSharp:dialogue_object; dump=sharedassets1.assets/MonoBehaviour/400__help_fishing_01.json	help_fishing_01	translations/source_queue.tsv, then rebuild XUnity dictionary	high: serialized location moved between versions	Same English item text exists in both versions but serialized locations differ. v1.1.2 locations=sharedassets1.assets:393:raw_length_prefixed@9810604:help_fishing_01; sharedassets1.assets::raw_ascii@9810604:; translations/source_queue.tsv:::; patches/xunity_autotranslator/BepInEx/Translation/ru/Text/_AutoGeneratedTranslations.txt:::; v1.1.3 locations=sharedassets1.assets:400:raw_length_prefixed@7289492:help_fishing_01; sharedassets1.assets::raw_ascii@7289492:; translations/source_queue.tsv:::; patches/xunity_autotranslator/BepInEx/Translation/ru/Text/_AutoGeneratedTranslations.txt:::. Use source text plus neighbouring object context, not path_id/list index.
2	sharedassets1.assets:409	item	Try to fix?	Попытаться починить?		suspicious-mapping	sharedassets1.assets:path_id=409:raw_length_prefixed@7293148	type=MonoBehaviour; name=help_fixing_01_hookgun; script=Assembly-CSharp:dialogue_object; dump=sharedassets1.assets/MonoBehaviour/409__help_fixing_01_hookgun.json	help_fixing_01_hookgun	translations/source_queue.tsv, then rebuild XUnity dictionary	high: serialized location moved between versions	Same English item text exists in both versions but serialized locations differ. v1.1.2 locations=sharedassets1.assets:402:raw_length_prefixed@9814228:help_fixing_01_hookgun; sharedassets1.assets:405:raw_length_prefixed@9815488:help_fixing_01_net; sharedassets1.assets:407:raw_length_prefixed@9816340:help_fixing_01_scubaset; v1.1.3 locations=sharedassets1.assets:409:raw_length_prefixed@7293148:help_fixing_01_hookgun; sharedassets1.assets:412:raw_length_prefixed@7294424:help_fixing_01_net; sharedassets1.assets:414:raw_length_prefixed@7295276:help_fixing_01_scubaset. Use source text plus neighbouring object context, not path_id/list index.
2	sharedassets1.assets:418	item	Give fishnet?	Отдать сеть?		suspicious-mapping	sharedassets1.assets:path_id=418:raw_length_prefixed@7297020	type=MonoBehaviour; name=help_found_net_01; script=Assembly-CSharp:dialogue_object; dump=sharedassets1.assets/MonoBehaviour/418__help_found_net_01.json	help_found_net_01	translations/source_queue.tsv, then rebuild XUnity dictionary	high: serialized location moved between versions	Same English item text exists in both versions but serialized locations differ. v1.1.2 locations=sharedassets1.assets:411:raw_length_prefixed@9818068:help_found_net_01; sharedassets1.assets::raw_ascii@9818068:; v1.1.3 locations=sharedassets1.assets:418:raw_length_prefixed@7297020:help_found_net_01; sharedassets1.assets::raw_ascii@7297020:. Use source text plus neighbouring object context, not path_id/list index.
2	sharedassets1.assets:508	item	Check the back?	Проверить оборот?		suspicious-mapping	sharedassets1.assets:path_id=508:raw_length_prefixed@7320688	type=MonoBehaviour; name=FishIntoBoat; script=Assembly-CSharp:NightEventScript; dump=sharedassets1.assets/MonoBehaviour/508__FishIntoBoat.json	FishIntoBoat | FishIntoBoat | sleep	translations/source_queue.tsv, then rebuild XUnity dictionary	high: serialized location moved between versions	Same English item text exists in both versions but serialized locations differ. v1.1.2 locations=sharedassets1.assets:498:raw_length_prefixed@9841040:FishIntoBoat; v1.1.3 locations=sharedassets1.assets:508:raw_length_prefixed@7320688:FishIntoBoat. Use source text plus neighbouring object context, not path_id/list index.
2	sharedassets1.assets:508	item	sleep	СПАТЬ		suspicious-mapping	sharedassets1.assets:path_id=508:raw_length_prefixed@7320596	type=MonoBehaviour; name=FishIntoBoat; script=Assembly-CSharp:NightEventScript; dump=sharedassets1.assets/MonoBehaviour/508__FishIntoBoat.json	FishIntoBoat | FishIntoBoat || Check the back?	add/update source-text entry in translations/source_queue.tsv	high: serialized location moved between versions	Same English item text exists in both versions but serialized locations differ. v1.1.2 locations=sharedassets1.assets:498:raw_length_prefixed@9840948:FishIntoBoat; sharedassets1.assets:505:raw_length_prefixed@9846520:SleepingUnwell; sharedassets1.assets:509:raw_length_prefixed@9849164:FishSquad; sharedassets1.assets:512:raw_length_prefixed@9851320:MonsterFish; sharedassets1.assets:513:raw_length_prefixed@9852364:MysteryChest; +2 more; v1.1.3 locations=sharedassets1.assets:508:raw_length_prefixed@7320596:FishIntoBoat; sharedassets1.assets:515:raw_length_prefixed@7326240:SleepingUnwell; sharedassets1.assets:519:raw_length_prefixed@7328916:FishSquad; sharedassets1.assets:522:raw_length_prefixed@7331496:MonsterFish; sharedassets1.assets:523:raw_length_prefixed@7332548:MysteryChest; +2 more. Use source text plus neighbouring object context, not path_id/list index.
2	sharedassets1.assets:522	item	Eaten alive.	Съеден заживо.		suspicious-mapping	sharedassets1.assets:path_id=522:raw_length_prefixed@7332224	type=MonoBehaviour; name=MonsterFish; script=Assembly-CSharp:NightEventScript; dump=sharedassets1.assets/MonoBehaviour/522__MonsterFish.json	MonsterFish | MonsterFish | sleep	translations/source_queue.tsv, then rebuild XUnity dictionary	high: serialized location moved between versions	Same English item text exists in both versions but serialized locations differ. v1.1.2 locations=sharedassets1.assets:512:raw_length_prefixed@9852044:MonsterFish; v1.1.3 locations=sharedassets1.assets:522:raw_length_prefixed@7332224:MonsterFish. Use source text plus neighbouring object context, not path_id/list index.
2	sharedassets1.assets:523	item	Became chest loot.	Стал добычей сундука.		suspicious-mapping	sharedassets1.assets:path_id=523:raw_length_prefixed@7332720	type=MonoBehaviour; name=MysteryChest; script=Assembly-CSharp:NightEventScript; dump=sharedassets1.assets/MonoBehaviour/523__MysteryChest.json	MysteryChest | sleep | Pick up chest?	translations/source_queue.tsv, then rebuild XUnity dictionary	high: serialized location moved between versions	Same English item text exists in both versions but serialized locations differ. v1.1.2 locations=sharedassets1.assets:513:raw_length_prefixed@9852532:MysteryChest; sharedassets1.assets:520:raw_length_prefixed@9857832:ChestAttack; sharedassets1.assets::raw_ascii@9852532:; sharedassets1.assets::raw_ascii@9857832:; v1.1.3 locations=sharedassets1.assets:523:raw_length_prefixed@7332720:MysteryChest; sharedassets1.assets:530:raw_length_prefixed@7338092:ChestAttack; sharedassets1.assets::raw_ascii@7332720:; sharedassets1.assets::raw_ascii@7338092:. Use source text plus neighbouring object context, not path_id/list index.
2	sharedassets1.assets:523	item	Pick up chest?	Подобрать сундук?		suspicious-mapping	sharedassets1.assets:path_id=523:raw_length_prefixed@7332612	type=MonoBehaviour; name=MysteryChest; script=Assembly-CSharp:NightEventScript; dump=sharedassets1.assets/MonoBehaviour/523__MysteryChest.json	MysteryChest | MysteryChest | sleep || Became chest loot.	translations/source_queue.tsv, then rebuild XUnity dictionary	high: serialized location moved between versions	Same English item text exists in both versions but serialized locations differ. v1.1.2 locations=sharedassets1.assets:513:raw_length_prefixed@9852428:MysteryChest; sharedassets1.assets::raw_ascii@9852428:; translations/source_queue.tsv:::; patches/xunity_autotranslator/BepInEx/Translation/ru/Text/_AutoGeneratedTranslations.txt:::; v1.1.3 locations=sharedassets1.assets:523:raw_length_prefixed@7332612:MysteryChest; sharedassets1.assets::raw_ascii@7332612:; translations/source_queue.tsv:::; patches/xunity_autotranslator/BepInEx/Translation/ru/Text/_AutoGeneratedTranslations.txt:::. Use source text plus neighbouring object context, not path_id/list index.
2	sharedassets1.assets:524	item	Mauled to death.	Растерзан.		suspicious-mapping	sharedassets1.assets:path_id=524:raw_length_prefixed@7333608	type=MonoBehaviour; name=SmallMonsterFishes; script=Assembly-CSharp:NightEventScript; dump=sharedassets1.assets/MonoBehaviour/524__SmallMonsterFishes.json	SmallMonsterFishes | bait | sleep	translations/source_queue.tsv, then rebuild XUnity dictionary	high: serialized location moved between versions	Same English item text exists in both versions but serialized locations differ. v1.1.2 locations=sharedassets1.assets:514:raw_length_prefixed@9853404:SmallMonsterFishes; v1.1.3 locations=sharedassets1.assets:524:raw_length_prefixed@7333608:SmallMonsterFishes. Use source text plus neighbouring object context, not path_id/list index.
2	sharedassets1.assets:no_path	unknown	KeywordEnum(Advanced, Normal)			needs-context	sharedassets1.assets:raw_ascii@5854536	type=raw_bytes	Water Quality | KeywordEnum(High Quality, Low Quality) | Refraction Quality || Color A | Color B | Color C	needs context before choosing dictionary/runtime/plugin fix	low/medium: verify in clean v1.1.3	Same English item text exists in both versions but serialized locations differ. v1.1.2 locations=sharedassets1.assets::raw_ascii@8380376:; v1.1.3 locations=sharedassets1.assets::raw_ascii@5854536:. Use source text plus neighbouring object context, not path_id/list index.
2	sharedassets1.assets:no_path	unknown	KeywordEnum(High Quality, Low Quality)			needs-context	sharedassets1.assets:raw_ascii@5854408	type=raw_bytes	y y | u u | Water Quality || Refraction Quality | KeywordEnum(Advanced, Normal) | Color A	needs context before choosing dictionary/runtime/plugin fix	low/medium: verify in clean v1.1.3	Same English item text exists in both versions but serialized locations differ. v1.1.2 locations=sharedassets1.assets::raw_ascii@8380248:; v1.1.3 locations=sharedassets1.assets::raw_ascii@5854408:. Use source text plus neighbouring object context, not path_id/list index.
2	sharedassets3.assets:no_path	unknown	ByeByeChest			needs-context	sharedassets3.assets:raw_ascii@587728	type=raw_bytes	s8E | L u | JBUU)A || A9X | SL5y | SL5y	needs context before choosing dictionary/runtime/plugin fix	low/medium: verify in clean v1.1.3	Same English item text exists in both versions but serialized locations differ. v1.1.2 locations=sharedassets3.assets::raw_ascii@1005176:; v1.1.3 locations=sharedassets3.assets::raw_ascii@587728:. Use source text plus neighbouring object context, not path_id/list index.
2	sharedassets3.assets:no_path	unknown	CatchFish			needs-context	sharedassets3.assets:raw_ascii@634592	type=raw_bytes	SL5y | PlayFishShowSound | ShowFish || ShowFish | CatchFish | StartFishWait	needs context before choosing dictionary/runtime/plugin fix	low/medium: verify in clean v1.1.3	Same English item text exists in both versions but serialized locations differ. v1.1.2 locations=sharedassets3.assets::raw_ascii@1051984:; sharedassets3.assets::raw_ascii@1059356:; v1.1.3 locations=sharedassets3.assets::raw_ascii@634592:; sharedassets3.assets::raw_ascii@641972:. Use source text plus neighbouring object context, not path_id/list index.
2	sharedassets3.assets:no_path	unknown	FishInfo			needs-context	sharedassets3.assets:raw_ascii@858680	type=raw_bytes	fishTO | fishTO | FishingAnimator || end | JournalTextLayer | FriendhudLayer	needs context before choosing dictionary/runtime/plugin fix	low/medium: verify in clean v1.1.3	Same English item text exists in both versions but serialized locations differ. v1.1.2 locations=sharedassets3.assets::raw_ascii@1275592:; v1.1.3 locations=sharedassets3.assets::raw_ascii@858680:. Use source text plus neighbouring object context, not path_id/list index.
2	sharedassets3.assets:no_path	unknown	FishingAnimator			needs-context	sharedassets3.assets:raw_ascii@853444	type=raw_bytes	fishTO | fishTO | fishTO || FishInfo | end | JournalTextLayer	needs context before choosing dictionary/runtime/plugin fix	low/medium: verify in clean v1.1.3	Same English item text exists in both versions but serialized locations differ. v1.1.2 locations=sharedassets3.assets::raw_ascii@1270356:; v1.1.3 locations=sharedassets3.assets::raw_ascii@853444:. Use source text plus neighbouring object context, not path_id/list index.
2	sharedassets3.assets:no_path	unknown	getfish 1			needs-context	sharedassets3.assets:raw_ascii@467172	type=raw_bytes	ww7A | DD8A | UU9A || Gi4e | getfish 2 | Gi4e	needs context before choosing dictionary/runtime/plugin fix	low/medium: verify in clean v1.1.3	Same English item text exists in both versions but serialized locations differ. v1.1.2 locations=sharedassets3.assets::raw_ascii@884684:; v1.1.3 locations=sharedassets3.assets::raw_ascii@467172:. Use source text plus neighbouring object context, not path_id/list index.
2	sharedassets3.assets:no_path	unknown	getfish 2			needs-context	sharedassets3.assets:raw_ascii@473108	type=raw_bytes	UU9A | getfish 1 | Gi4e || Gi4e | EG1B | Gi4e	needs context before choosing dictionary/runtime/plugin fix	low/medium: verify in clean v1.1.3	Same English item text exists in both versions but serialized locations differ. v1.1.2 locations=sharedassets3.assets::raw_ascii@890620:; v1.1.3 locations=sharedassets3.assets::raw_ascii@473108:. Use source text plus neighbouring object context, not path_id/list index.
2	sharedassets3.assets:no_path	unknown	GetItems			needs-context	sharedassets3.assets:raw_ascii@806780	type=raw_bytes	clickToArrow | B7I | g5E || THE BOAT | GoToSleep | GoToSleepL	needs context before choosing dictionary/runtime/plugin fix	low/medium: verify in clean v1.1.3	Same English item text exists in both versions but serialized locations differ. v1.1.2 locations=sharedassets3.assets::raw_ascii@1223924:; v1.1.3 locations=sharedassets3.assets::raw_ascii@806780:. Use source text plus neighbouring object context, not path_id/list index.
2	sharedassets3.assets:no_path	unknown	ItemImg			needs-context	sharedassets3.assets:raw_ascii@937644	type=raw_bytes	o H | N7A | D A || A A	needs context before choosing dictionary/runtime/plugin fix	low/medium: verify in clean v1.1.3	Same English item text exists in both versions but serialized locations differ. v1.1.2 locations=sharedassets3.assets::raw_ascii@1354372:; v1.1.3 locations=sharedassets3.assets::raw_ascii@937644:. Use source text plus neighbouring object context, not path_id/list index.
2	sharedassets3.assets:no_path	unknown	PlayFishShowSound			needs-context	sharedassets3.assets:raw_ascii@628192	type=raw_bytes	A9X | SL5y | SL5y || ShowFish | CatchFish | ShowFish	needs context before choosing dictionary/runtime/plugin fix	low/medium: verify in clean v1.1.3	Same English item text exists in both versions but serialized locations differ. v1.1.2 locations=sharedassets3.assets::raw_ascii@1045584:; v1.1.3 locations=sharedassets3.assets::raw_ascii@628192:. Use source text plus neighbouring object context, not path_id/list index.
2	sharedassets3.assets:no_path	unknown	ShowFish			needs-context	sharedassets3.assets:raw_ascii@634428	type=raw_bytes	SL5y | SL5y | PlayFishShowSound || CatchFish | ShowFish | CatchFish	needs context before choosing dictionary/runtime/plugin fix	low/medium: verify in clean v1.1.3	Same English item text exists in both versions but serialized locations differ. v1.1.2 locations=sharedassets3.assets::raw_ascii@1051820:; sharedassets3.assets::raw_ascii@1059312:; v1.1.3 locations=sharedassets3.assets::raw_ascii@634428:; sharedassets3.assets::raw_ascii@641928:. Use source text plus neighbouring object context, not path_id/list index.
2	sharedassets3.assets:no_path	unknown	StartFishWait			needs-context	sharedassets3.assets:raw_ascii@648472	type=raw_bytes	CatchFish | ShowFish | CatchFish || SL5y | SL5y | SL5y	needs context before choosing dictionary/runtime/plugin fix	low/medium: verify in clean v1.1.3	Same English item text exists in both versions but serialized locations differ. v1.1.2 locations=sharedassets3.assets::raw_ascii@1065856:; v1.1.3 locations=sharedassets3.assets::raw_ascii@648472:. Use source text plus neighbouring object context, not path_id/list index.
2	sharedassets4.assets:no_path	unknown	BoatItemsMoving			needs-context	sharedassets4.assets:raw_ascii@3083920	type=raw_bytes	E0C | E0C | E0C || StartChoiceMode | E0C | EndNightEvent	needs context before choosing dictionary/runtime/plugin fix	low/medium: verify in clean v1.1.3	Same English item text exists in both versions but serialized locations differ. v1.1.2 locations=sharedassets4.assets::raw_ascii@3083264:; sharedassets4.assets::raw_ascii@3460416:; v1.1.3 locations=sharedassets4.assets::raw_ascii@3083920:; sharedassets4.assets::raw_ascii@3461072:. Use source text plus neighbouring object context, not path_id/list index.
2	sharedassets5.assets:no_path	unknown	WaterEndingUnder			needs-context	sharedassets5.assets:raw_ascii@14132	type=raw_bytes	Library/unity default resources | WaterEnding | RenderType || RenderType | RenderType | RenderType	needs context before choosing dictionary/runtime/plugin fix	low/medium: verify in clean v1.1.3	Same English item text exists in both versions but serialized locations differ. v1.1.2 locations=sharedassets5.assets::raw_ascii@14004:; v1.1.3 locations=sharedassets5.assets::raw_ascii@14132:. Use source text plus neighbouring object context, not path_id/list index.
3	level3:4512	event	CloseJournal			needs-review	level3:path_id=4512:raw_length_prefixed@880944	type=MonoBehaviour; name=JournalButtonOff; script=UnityEngine.UI:UnityEngine.UI.Button; gameobject=JournalButtonOff; dump=level3/MonoBehaviour/4512__JournalButtonOff.json		add/update source-text entry in translations/source_queue.tsv	low/medium: verify in clean v1.1.3	MonoBehaviour length-prefixed string; script=unknown:890; length=12
3	level3:4759	event	OpenJournal			needs-review	level3:path_id=4759:raw_length_prefixed@912288	type=MonoBehaviour; name=JournalButton; script=UnityEngine.UI:UnityEngine.UI.Button; gameobject=JournalButton; dump=level3/MonoBehaviour/4759__JournalButton.json		add/update source-text entry in translations/source_queue.tsv	low/medium: verify in clean v1.1.3	MonoBehaviour length-prefixed string; script=unknown:890; length=11
3	level3:no_path	event	m the only one left, stuck on this old junk of a lifeboat.<br>I have no idea what struck our ship, and judging by the sound, I honestly don			needs-review	level3:raw_ascii@837519	type=raw_bytes	Items Found | You found bait. | Well, there goes Dorothy || t want to find out.<br>Now all I can do is survive as long as I need. I | m sure help will come soon. | I feel healthy!	add/update source-text entry in translations/source_queue.tsv	low/medium: verify in clean v1.1.3	raw byte fallback candidate; inspect neighbouring Unity object if promoted
3	resources.assets:158	event	A curious seagull made a visit to the boat last night. During the night, it kept making laughing sounds, like someone had told it the best jokes ever.			needs-review	resources.assets:path_id=158:m_Script[seagull_sleep].text[1]	type=TextAsset; name=journals; dump=resources.assets/TextAsset/158__journals.txt	248 | seagull_sleep | A curious seagull made a visit to the boat last night. During the night, it kept making... || Hard sleep, but I couldn’t care less. In the morning, only a feather was left in the bo... | Not a Night Owl.. or Seagull | 275	add/update source-text entry in translations/source_queue.tsv	medium: needs narrative context and speaker/event validation	TextAsset payload/string-table cell
3	resources.assets:158	event	A curious seagull made a visit to the boat last night. Too bad it found the person who’s much desperate for any food they can get their hands on.			needs-review	resources.assets:path_id=158:m_Script[seagull_net].text[1]	type=TextAsset; name=journals; dump=resources.assets/TextAsset/158__journals.txt	241 | seagull_net | A curious seagull made a visit to the boat last night. Too bad it found the person who’... || Lucky for the quick one it was, my plan didn’t work out as intended, and it flew away f... | Close Call Culinary | 242	add/update source-text entry in translations/source_queue.tsv	medium: needs narrative context and speaker/event validation	TextAsset payload/string-table cell
3	resources.assets:158	event	A curious seagull made a visit to the boat last night. What a cute and harmless creature!			needs-review	resources.assets:path_id=158:m_Script[seagull_flashlight].text[1]	type=TextAsset; name=journals; dump=resources.assets/TextAsset/158__journals.txt	272 | seagull_flashlight | A curious seagull made a visit to the boat last night. What a cute and harmless creatur... || But when it started pecking a bit too close to my supplies, I decided to shoo it away w... | I Get the Last Laugh! | 241	add/update source-text entry in translations/source_queue.tsv	medium: needs narrative context and speaker/event validation	TextAsset payload/string-table cell
3	resources.assets:158	event	A curious seagull made a visit to the boat last night. What a cute and harmless creature!			needs-review	resources.assets:path_id=158:m_Script[seagull_eat].text[1]	type=TextAsset; name=journals; dump=resources.assets/TextAsset/158__journals.txt	242 | seagull_eat | A curious seagull made a visit to the boat last night. What a cute and harmless creatur... || It looked tired and hungry, it must have been flying for quite a while. I couldn’t resi... | A Feathered Friend? | 248	add/update source-text entry in translations/source_queue.tsv	medium: needs narrative context and speaker/event validation	TextAsset payload/string-table cell
3	resources.assets:158	event	A hand emerged from the sea, its open palm facing me. It looked as though it was asking for an offering… something from my boat.			needs-review	resources.assets:path_id=158:m_Script[handyman_offer].text[1]	type=TextAsset; name=journals; dump=resources.assets/TextAsset/158__journals.txt	263 | handyman_offer | A hand emerged from the sea, its open palm facing me. It looked as though it was asking... || For some reason, I trusted it and felt that my offering would not go unanswered. Luckil... | Handyman | 273	add/update source-text entry in translations/source_queue.tsv	medium: needs narrative context and speaker/event validation	TextAsset payload/string-table cell
3	resources.assets:158	event	A hand emerged from the sea, its open palm facing me. It looked as though it was asking for an offering… something from my boat.			needs-review	resources.assets:path_id=158:m_Script[handyman_sleep].text[1]	type=TextAsset; name=journals; dump=resources.assets/TextAsset/158__journals.txt	273 | handyman_sleep | A hand emerged from the sea, its open palm facing me. It looked as though it was asking... || I left it empty-handed. I value my supplies more than whatever the ocean would likely o... | Handyman | 234	add/update source-text entry in translations/source_queue.tsv	medium: needs narrative context and speaker/event validation	TextAsset payload/string-table cell
3	resources.assets:158	event	A hand emerged from the sea. It looked like a human hand and came very close to my boat. For some unknown reason, I felt an instinctive urge to touch it.			needs-review	resources.assets:path_id=158:m_Script[handyman_touch].text[1]	type=TextAsset; name=journals; dump=resources.assets/TextAsset/158__journals.txt	234 | handyman_touch | A hand emerged from the sea. It looked like a human hand and came very close to my boat... || Now there is one more hand in the ocean. Fortunately, a single hand is surprisingly eno... | Curiosity | 267	add/update source-text entry in translations/source_queue.tsv	medium: needs narrative context and speaker/event validation	TextAsset payload/string-table cell
3	resources.assets:158	event	A little rain isn’t so bad. After baking under the sun and sweating for hours, waking up to that felt surprisingly refreshing.			needs-review	resources.assets:path_id=158:m_Script[rain_umbrella].text[1]	type=TextAsset; name=journals; dump=resources.assets/TextAsset/158__journals.txt	257 | rain_umbrella | A little rain isn’t so bad. After baking under the sun and sweating for hours, waking u... || I don’t want to catch a cold, though, so I rolled out my umbrella for the night. | Shower Night | 210	add/update source-text entry in translations/source_queue.tsv	medium: needs narrative context and speaker/event validation	TextAsset payload/string-table cell
3	resources.assets:158	event	A little rain isn’t so bad. After baking under the sun and sweating for hours, waking up to that felt surprisingly refreshing.			needs-review	resources.assets:path_id=158:m_Script[rain_bucket].text[1]	type=TextAsset; name=journals; dump=resources.assets/TextAsset/158__journals.txt	210 | rain_bucket | A little rain isn’t so bad. After baking under the sun and sweating for hours, waking u... || But I also needed proper rest, so I covered my head with a bucket to get some unbothere... | Shower Night | 225	add/update source-text entry in translations/source_queue.tsv	medium: needs narrative context and speaker/event validation	TextAsset payload/string-table cell
3	resources.assets:158	event	A loud noise shattered my sleep, followed by a heavy pull on the boat that I felt in my very bones.			needs-review	resources.assets:path_id=158:m_Script[vortex_sleep_good].text[1]	type=TextAsset; name=journals; dump=resources.assets/TextAsset/158__journals.txt	229 | vortex_sleep_good | A loud noise shattered my sleep, followed by a heavy pull on the boat that I felt in my... || A whirlpool emerged not far away, making its presence known. | With no way around, I decided to trust the waves. Luckily, by morning, there were no ho... | Whirlpool	add/update source-text entry in translations/source_queue.tsv	medium: needs narrative context and speaker/event validation	TextAsset payload/string-table cell
3	resources.assets:158	event	A loud noise shattered my sleep, followed by a heavy pull on the boat that I felt in my very bones.			needs-review	resources.assets:path_id=158:m_Script[vortex_sleep_bad].text[1]	type=TextAsset; name=journals; dump=resources.assets/TextAsset/158__journals.txt	269 | vortex_sleep_bad | A loud noise shattered my sleep, followed by a heavy pull on the boat that I felt in my... || A whirlpool emerged not far away, making its presence known. | The waters were shallow enough not to swallow the boat whole, but it was still a very s... | Whirlpool	add/update source-text entry in translations/source_queue.tsv	medium: needs narrative context and speaker/event validation	TextAsset payload/string-table cell
3	resources.assets:158	event	A shiver ran down my spine. Was it a lucid nightmare? Did I actually see… ghosts?			needs-review	resources.assets:path_id=158:m_Script[ghostlyfigures_flaregun].text[1]	type=TextAsset; name=journals; dump=resources.assets/TextAsset/158__journals.txt	220 | ghostlyfigures_flaregun | A shiver ran down my spine. Was it a lucid nightmare? Did I actually see… ghosts?<br>I ... || I wasted my flare out of hesitation, but it seemed to clear the air around me. | I swear this place gets weirder by the day… | Haunted?	add/update source-text entry in translations/source_queue.tsv	medium: needs narrative context and speaker/event validation	TextAsset payload/string-table cell
3	resources.assets:158	event	A shiver ran down my spine. Was it a lucid nightmare? Did I actually see… ghosts?			needs-review	resources.assets:path_id=158:m_Script[ghostlyfigures_flash_good].text[1]	type=TextAsset; name=journals; dump=resources.assets/TextAsset/158__journals.txt	210 | ghostlyfigures_flash_good | A shiver ran down my spine. Was it a lucid nightmare? Did I actually see… ghosts?<br>I ... || I grabbed my flashlight and flickered it at them to see if they’d react… | Then they were gone. This place is starting to wear down my mind… | Haunted?	add/update source-text entry in translations/source_queue.tsv	medium: needs narrative context and speaker/event validation	TextAsset payload/string-table cell
3	resources.assets:158	event	A shiver ran down my spine. Was it a lucid nightmare? Did I actually see… ghosts?			needs-review	resources.assets:path_id=158:m_Script[ghostlyfigures_flash_bad].text[1]	type=TextAsset; name=journals; dump=resources.assets/TextAsset/158__journals.txt	226 | ghostlyfigures_flash_bad | A shiver ran down my spine. Was it a lucid nightmare? Did I actually see… ghosts?<br>I ... || I grabbed my flashlight and flickered it at them to see if they’d react… | By morning, I woke up drenched in sweat. This place is starting to wear down my mind… | Haunted	add/update source-text entry in translations/source_queue.tsv	medium: needs narrative context and speaker/event validation	TextAsset payload/string-table cell
3	resources.assets:158	event	A shiver ran down my spine. Was it a lucid nightmare? Did I actually see… ghosts?			needs-review	resources.assets:path_id=158:m_Script[ghostlyfigures_sleep_good].text[1]	type=TextAsset; name=journals; dump=resources.assets/TextAsset/158__journals.txt	246 | ghostlyfigures_sleep_good | A shiver ran down my spine. Was it a lucid nightmare? Did I actually see… ghosts?<br>I ... || I shut my eyes tight to keep my mind from spiraling, in case it was sleep paralysis. | Then I fell asleep… | Haunted?	add/update source-text entry in translations/source_queue.tsv	medium: needs narrative context and speaker/event validation	TextAsset payload/string-table cell
3	resources.assets:158	event	A shiver ran down my spine. Was it a lucid nightmare? Did I actually see… ghosts?			needs-review	resources.assets:path_id=158:m_Script[ghostlyfigures_sleep_bad].text[1]	type=TextAsset; name=journals; dump=resources.assets/TextAsset/158__journals.txt	192 | ghostlyfigures_sleep_bad | A shiver ran down my spine. Was it a lucid nightmare? Did I actually see… ghosts?<br>I ... || I shut my eyes tight to keep my mind from spiraling, in case it was sleep paralysis. | It did not help… | Haunted	add/update source-text entry in translations/source_queue.tsv	medium: needs narrative context and speaker/event validation	TextAsset payload/string-table cell
3	resources.assets:158	event	A small boat, smaller than ours, passed by. Someone was in it, but I couldn’t make out their face, or any features at all.			needs-review	resources.assets:path_id=158:m_Script[trade_accept].text[1]	type=TextAsset; name=journals; dump=resources.assets/TextAsset/158__journals.txt	287 | trade_accept | A small boat, smaller than ours, passed by. Someone was in it, but I couldn’t make out ... || They didn’t answer my questions, only offered a single trade for my supplies. The deal ... | They disappeared within minutes. | Night Trader	add/update source-text entry in translations/source_queue.tsv	medium: needs narrative context and speaker/event validation	TextAsset payload/string-table cell
3	resources.assets:158	event	A small boat, smaller than ours, passed by. Someone was in it, but I couldn’t make out their face, or any features at all.			needs-review	resources.assets:path_id=158:m_Script[trade_decline].text[1]	type=TextAsset; name=journals; dump=resources.assets/TextAsset/158__journals.txt	276 | trade_decline | A small boat, smaller than ours, passed by. Someone was in it, but I couldn’t make out ... || They didn’t answer my questions, only offered a single trade for my supplies. I didn’t ... | They disappeared in seconds. | Night Trader	add/update source-text entry in translations/source_queue.tsv	medium: needs narrative context and speaker/event validation	TextAsset payload/string-table cell
3	resources.assets:158	event	A small rascal found its way onto my boat and started rummaging through my supplies.			needs-review	resources.assets:path_id=158:m_Script[snatcher_net].text[1]	type=TextAsset; name=journals; dump=resources.assets/TextAsset/158__journals.txt	245 | snatcher_net | A small rascal found its way onto my boat and started rummaging through my supplies.<br... || I slowly reached for my net to catch it, but I should have been quicker. That pesky lit... | Snatcher | 242	add/update source-text entry in translations/source_queue.tsv	medium: needs narrative context and speaker/event validation	TextAsset payload/string-table cell
3	resources.assets:158	event	A small rascal found its way onto my boat and was looking through my supplies.			needs-review	resources.assets:path_id=158:m_Script[snatcher_telescope].text[1]	type=TextAsset; name=journals; dump=resources.assets/TextAsset/158__journals.txt	242 | snatcher_telescope | A small rascal found its way onto my boat and was looking through my supplies.<br>I gra... || I grabbed the nearest object and started swinging it around like a maniac. I've been th... | Snatcher | 247	add/update source-text entry in translations/source_queue.tsv	medium: needs narrative context and speaker/event validation	TextAsset payload/string-table cell
3	resources.assets:158	event	A small rascal found its way onto my boat and was looking through my supplies.			needs-review	resources.assets:path_id=158:m_Script[snatcher_hookgun].text[1]	type=TextAsset; name=journals; dump=resources.assets/TextAsset/158__journals.txt	247 | snatcher_hookgun | A small rascal found its way onto my boat and was looking through my supplies.<br>Knowi... || Knowing it would try to escape with my belongings, I carefully took aim and struck it p... | Snatcher | 281	add/update source-text entry in translations/source_queue.tsv	medium: needs narrative context and speaker/event validation	TextAsset payload/string-table cell
3	resources.assets:158	event	A small rascal found its way onto my boat and was looking through my supplies.			needs-review	resources.assets:path_id=158:m_Script[snatcher_swimbelt].text[1]	type=TextAsset; name=journals; dump=resources.assets/TextAsset/158__journals.txt	281 | snatcher_swimbelt | A small rascal found its way onto my boat and was looking through my supplies.<br>With ... || With a confident throw, I managed to catch it with my swim ring, forcing it to drop my ... | Snatcher | 263	add/update source-text entry in translations/source_queue.tsv	medium: needs narrative context and speaker/event validation	TextAsset payload/string-table cell
3	resources.assets:158	event	A whirlpool emerged nearby, so I dropped anchor to keep myself in place.			needs-review	resources.assets:path_id=158:m_Script[vortex_anchor].text[2]	type=TextAsset; name=journals; dump=resources.assets/TextAsset/158__journals.txt	vortex_anchor | If I hadn’t woken up, the boat would’ve been in pieces by dawn, with me under it.<br>A ... | If I hadn’t woken up, the boat would’ve been in pieces by dawn, with me under it. || Just how deep could it have gone? | Whirlpool | 194	add/update source-text entry in translations/source_queue.tsv	medium: needs narrative context and speaker/event validation	TextAsset payload/string-table cell
3	resources.assets:158	event	A whirlpool emerged not far away, making its presence known.			needs-review	resources.assets:path_id=158:m_Script[vortex_sleep_good].text[2]	type=TextAsset; name=journals; dump=resources.assets/TextAsset/158__journals.txt	vortex_sleep_good | A loud noise shattered my sleep, followed by a heavy pull on the boat that I felt in my... | A loud noise shattered my sleep, followed by a heavy pull on the boat that I felt in my... || With no way around, I decided to trust the waves. Luckily, by morning, there were no ho... | Whirlpool | 269	add/update source-text entry in translations/source_queue.tsv	medium: needs narrative context and speaker/event validation	TextAsset payload/string-table cell
3	resources.assets:158	event	A whirlpool emerged not far away, making its presence known.			needs-review	resources.assets:path_id=158:m_Script[vortex_sleep_bad].text[2]	type=TextAsset; name=journals; dump=resources.assets/TextAsset/158__journals.txt	vortex_sleep_bad | A loud noise shattered my sleep, followed by a heavy pull on the boat that I felt in my... | A loud noise shattered my sleep, followed by a heavy pull on the boat that I felt in my... || The waters were shallow enough not to swallow the boat whole, but it was still a very s... | Whirlpool | 264	add/update source-text entry in translations/source_queue.tsv	medium: needs narrative context and speaker/event validation	TextAsset payload/string-table cell
3	resources.assets:158	event	Accepting the circumstances, it was calming to drift back to sleep to the rocking of the boat.			needs-review	resources.assets:path_id=158:m_Script[bigwaves_lostitem].text[2]	type=TextAsset; name=journals; dump=resources.assets/TextAsset/158__journals.txt	bigwaves_lostitem | I woke up to the force of waves crashing against the side of the boat, water splashing ... | I woke up to the force of waves crashing against the side of the boat, water splashing ... || But I might have lost something to the waves… | Restless Waves | 247	add/update source-text entry in translations/source_queue.tsv	medium: needs narrative context and speaker/event validation	TextAsset payload/string-table cell
3	resources.assets:158	event	After collecting my thoughts and regaining my balance, I tried to get a few more hours of sleep, but to no avail.			needs-review	resources.assets:path_id=158:m_Script[bigwaves_badsleep].text[2]	type=TextAsset; name=journals; dump=resources.assets/TextAsset/158__journals.txt	bigwaves_badsleep | I woke up to the force of waves crashing against the side of the boat, water splashing ... | I woke up to the force of waves crashing against the side of the boat, water splashing ... || Restless Waves | 217 | bigwaves_lostitem	add/update source-text entry in translations/source_queue.tsv	medium: needs narrative context and speaker/event validation	TextAsset payload/string-table cell
3	resources.assets:158	event	After several hours, I started to worry. Maybe I should have gone with her?			needs-review	resources.assets:path_id=158:m_Script[island_kill_woman].text[2]	type=TextAsset; name=journals; dump=resources.assets/TextAsset/158__journals.txt	island_kill_woman | I found a lonely, minuscule island, so I decided to wake up Laurel and send her to expl... | I found a lonely, minuscule island, so I decided to wake up Laurel and send her to expl... || She never came back. I had to leave… Staying here would only ensure that at least one o... | Midnight Tour | 289	add/update source-text entry in translations/source_queue.tsv	medium: needs narrative context and speaker/event validation	TextAsset payload/string-table cell
3	resources.assets:158	event	After several hours, I started to worry. Maybe I should have gone with him?			needs-review	resources.assets:path_id=158:m_Script[island_kill_man].text[2]	type=TextAsset; name=journals; dump=resources.assets/TextAsset/158__journals.txt	island_kill_man | I found a lonely, minuscule island, so I decided to wake up Frederik and send him to ex... | I found a lonely, minuscule island, so I decided to wake up Frederik and send him to ex... || He never came back. I had to leave… Staying here would only ensure that at least one of... | Midnight Tour | 290	add/update source-text entry in translations/source_queue.tsv	medium: needs narrative context and speaker/event validation	TextAsset payload/string-table cell
3	resources.assets:158	event	After several hours, I started to worry. Maybe I should have gone with him?			needs-review	resources.assets:path_id=158:m_Script[island_kill_row].text[2]	type=TextAsset; name=journals; dump=resources.assets/TextAsset/158__journals.txt	island_kill_row | I found a lonely, minuscule island, so I decided to wake up Row and send him to explore... | I found a lonely, minuscule island, so I decided to wake up Row and send him to explore... || He never came back. I had to leave… Staying here would only ensure that at least one of... | Midnight Tour | 285	add/update source-text entry in translations/source_queue.tsv	medium: needs narrative context and speaker/event validation	TextAsset payload/string-table cell
3	resources.assets:158	event	All I could do was watch them pass far away. I had no real way to get their attention, my screams wouldn’t even carry halfway there.			needs-review	resources.assets:path_id=158:m_Script[boat_distance_sleep].text[2]	type=TextAsset; name=journals; dump=resources.assets/TextAsset/158__journals.txt	boat_distance_sleep | I think I just saw other people! And it was a huge ship, too!<br>All I could do was wat... | I think I just saw other people! And it was a huge ship, too! || Other People?! | 197 | fishsquad_fished	add/update source-text entry in translations/source_queue.tsv	medium: needs narrative context and speaker/event validation	TextAsset payload/string-table cell
3	resources.assets:158	event	Am I dead?			needs-review	resources.assets:path_id=158:m_Script[ghostboat].text[3]	type=TextAsset; name=journals; dump=resources.assets/TextAsset/158__journals.txt	Either my mind has started to invent ways out of this, or I really saw sailors who also... | Either my mind has started to invent ways out of this, or I really saw sailors who also... | How do I even know if I’m alive? Maybe seeing them means I’m already with them on the o... || Hallucinations | 218 | kraken_anchor_success	add/update source-text entry in translations/source_queue.tsv	medium: needs narrative context and speaker/event validation	TextAsset payload/string-table cell
3	resources.assets:158	event	Among the shrubs, I found an old can, with worms feeding on scraps inside. Will do for the fishies!			needs-review	resources.assets:path_id=158:m_Script[islandsmall_foundbait].text[2]	type=TextAsset; name=journals; dump=resources.assets/TextAsset/158__journals.txt	islandsmall_foundbait | I found a lonely, minuscule island, so I decided to take a small tour.<br>Among the shr... | I found a lonely, minuscule island, so I decided to take a small tour. || Midnight Tour | 173 | islandsmall_foundchest	add/update source-text entry in translations/source_queue.tsv	medium: needs narrative context and speaker/event validation	TextAsset payload/string-table cell
3	resources.assets:158	event	An actual helicopter was searching near the boat for only a short time. I tried everything to get its attention, but in the end, I was just out of sight.			needs-review	resources.assets:path_id=158:m_Script[helicopter_tried_to_warn].text[2]	type=TextAsset; name=journals; dump=resources.assets/TextAsset/158__journals.txt	helicopter_tried_to_warn | I fear I just lost my only chance at escape.<br>An actual helicopter was searching near... | I fear I just lost my only chance at escape. || They’ll probably pronounce me dead. | S.O.S | 240	add/update source-text entry in translations/source_queue.tsv	medium: needs narrative context and speaker/event validation	TextAsset payload/string-table cell
3	resources.assets:158	event	And I think it’s all because of… Me. I must carry the guilt across the sea.			needs-review	resources.assets:path_id=158:m_Script[seawatcher_sleep_frienddied].text[3]	type=TextAsset; name=journals; dump=resources.assets/TextAsset/158__journals.txt	The sea had eyes. I was locked in a staring contest with it. I fought to stay awake, bu... | The sea had eyes. I was locked in a staring contest with it. I fought to stay awake, bu... | I woke up in shock, my only friend was gone, leaving me alone in the boat. || Loss | 256 | sharkmen_hookgun	add/update source-text entry in translations/source_queue.tsv	medium: needs narrative context and speaker/event validation	TextAsset payload/string-table cell
3	resources.assets:158	event	And lo and behold! Somebody decided they wanted to be my breakfast today. There is still kindness in the rough seas.			needs-review	resources.assets:path_id=158:m_Script[fishinboat_fish].text[2]	type=TextAsset; name=journals; dump=resources.assets/TextAsset/158__journals.txt	fishinboat_fish | Sounds of slapping and flopping filled the air last night. I decided to investigate and... | Sounds of slapping and flopping filled the air last night. I decided to investigate and... || A Tasty Guest | 224 | fishinboat_empty	add/update source-text entry in translations/source_queue.tsv	medium: needs narrative context and speaker/event validation	TextAsset payload/string-table cell
3	resources.assets:158	event	And this is the last one. Bye!!			needs-review	resources.assets:path_id=158:m_Script[test_entry].text[3]	type=TextAsset; name=journals; dump=resources.assets/TextAsset/158__journals.txt	This is a test entry.<br>This is the test entry’s next paragraph.<br>And this is the la... | This is a test entry. | This is the test entry’s next paragraph. || Test Entry | 100 | bigwaves_anchor	add/update source-text entry in translations/source_queue.tsv	medium: needs narrative context and speaker/event validation	TextAsset payload/string-table cell
3	resources.assets:158	event	As it turns out, the chest I dragged aboard had a hole in it… and a seagull living rent-free inside.			needs-review	resources.assets:path_id=158:m_Script[chestattack_seagull].text[1]	type=TextAsset; name=journals; dump=resources.assets/TextAsset/158__journals.txt	246 | chestattack_seagull | As it turns out, the chest I dragged aboard had a hole in it… and a seagull living rent... || I just carried a heavy box all this way for feathers and droppings. | Surprise! | 171	add/update source-text entry in translations/source_queue.tsv	medium: needs narrative context and speaker/event validation	TextAsset payload/string-table cell
3	resources.assets:158	event	As long as only one of us is sick or injured, the other can manage resources and keep us rowing.			needs-review	resources.assets:path_id=158:m_Script[friendsick_sleep].text[2]	type=TextAsset; name=journals; dump=resources.assets/TextAsset/158__journals.txt	friendsick_sleep | It’s hard for one to survive in the vastness of the seas, let alone two people.<br>As l... | It’s hard for one to survive in the vastness of the seas, let alone two people. || But we need to be ready for the day one of us is ultimately left alone… | Boatridden | 254	add/update source-text entry in translations/source_queue.tsv	medium: needs narrative context and speaker/event validation	TextAsset payload/string-table cell
3	resources.assets:158	event	At least when one of us feels unwell, the other can help out. We were prepared last night, but who knows when either of us will be left on our own without help…			needs-review	resources.assets:path_id=158:m_Script[friendsick_firstaidkit].text[2]	type=TextAsset; name=journals; dump=resources.assets/TextAsset/158__journals.txt	friendsick_firstaidkit | It’s hard for one to survive in the vastness of the seas, let alone two people.<br>At l... | It’s hard for one to survive in the vastness of the seas, let alone two people. || We Are Managing | 243 | friendsick_foodbar	add/update source-text entry in translations/source_queue.tsv	medium: needs narrative context and speaker/event validation	TextAsset payload/string-table cell
3	resources.assets:158	event	At night, I can’t trust anything anymore. Not even my friend, who I’ve sailed with for years.			needs-review	resources.assets:path_id=158:m_Script[friendevil_tried_help].text[1]	type=TextAsset; name=journals; dump=resources.assets/TextAsset/158__journals.txt	68 | friendevil_tried_help | At night, I can’t trust anything anymore. Not even my friend, who I’ve sailed with for ... || I know this was some sort of illusion, but it felt so real… | Now I’m paranoid. I’m too afraid to even help others anymore… | Doing so would risk my own life.	add/update source-text entry in translations/source_queue.tsv	medium: needs narrative context and speaker/event validation	TextAsset payload/string-table cell
3	resources.assets:158	event	At night, I can’t trust anything anymore. Not even my friend, who I’ve sailed with for years.			needs-review	resources.assets:path_id=158:m_Script[friendevil_flashlight].text[1]	type=TextAsset; name=journals; dump=resources.assets/TextAsset/158__journals.txt	257 | friendevil_flashlight | At night, I can’t trust anything anymore. Not even my friend, who I’ve sailed with for ... || I saw through the illusion, but it sounded near perfect. | Now I’m getting paranoid. I’m too afraid to even help others anymore… | Doing so would risk my own life.	add/update source-text entry in translations/source_queue.tsv	medium: needs narrative context and speaker/event validation	TextAsset payload/string-table cell
3	resources.assets:158	event	At night, I can’t trust anything anymore. Not even my friend, who I’ve sailed with for years.			needs-review	resources.assets:path_id=158:m_Script[friendevil_slept_attack].text[1]	type=TextAsset; name=journals; dump=resources.assets/TextAsset/158__journals.txt	251 | friendevil_slept_attack | At night, I can’t trust anything anymore. Not even my friend, who I’ve sailed with for ... || I know this was some sort of illusion, but it felt so real… | Now I’m paranoid. If I were the only one here… would that thing take my form instead? | Swindler	add/update source-text entry in translations/source_queue.tsv	medium: needs narrative context and speaker/event validation	TextAsset payload/string-table cell
3	resources.assets:158	event	Below, I heard a deep rumble, followed by the very thing I was searching for.			needs-review	resources.assets:path_id=158:m_Script[bloodwater_scuba_attack].text[3]	type=TextAsset; name=journals; dump=resources.assets/TextAsset/158__journals.txt	The air smelled putrid, and when I looked around… the sea was red. Deep red. Like, actu... | The air smelled putrid, and when I looked around… the sea was red. Deep red. Like, actu... | I equipped my diving gear to investigate. || It was searching for me, too. | Deep Red | 259	add/update source-text entry in translations/source_queue.tsv	medium: needs narrative context and speaker/event validation	TextAsset payload/string-table cell
3	resources.assets:158	event	But everything went blank after the throw. I woke up with only half my toes intact and huge teeth marks on both of my legs.			needs-review	resources.assets:path_id=158:m_Script[monsterfish_net_bad].text[3]	type=TextAsset; name=journals; dump=resources.assets/TextAsset/158__journals.txt	My surroundings went dead silent as it stared into my eyes with its hollow gaze.<br>I t... | My surroundings went dead silent as it stared into my eyes with its hollow gaze. | I thought a fishnet would either distract it or win me a record in fishing. || Death Stare | 286 | monsterfish_sleep	add/update source-text entry in translations/source_queue.tsv	medium: needs narrative context and speaker/event validation	TextAsset payload/string-table cell
3	resources.assets:158	event	But I also needed proper rest, so I covered my head with a bucket to get some unbothered sleep.			needs-review	resources.assets:path_id=158:m_Script[rain_bucket].text[2]	type=TextAsset; name=journals; dump=resources.assets/TextAsset/158__journals.txt	rain_bucket | A little rain isn’t so bad. After baking under the sun and sweating for hours, waking u... | A little rain isn’t so bad. After baking under the sun and sweating for hours, waking u... || Shower Night | 225 | rain_map	add/update source-text entry in translations/source_queue.tsv	medium: needs narrative context and speaker/event validation	TextAsset payload/string-table cell
3	resources.assets:158	event	But I might have lost something to the waves…			needs-review	resources.assets:path_id=158:m_Script[bigwaves_lostitem].text[3]	type=TextAsset; name=journals; dump=resources.assets/TextAsset/158__journals.txt	I woke up to the force of waves crashing against the side of the boat, water splashing ... | I woke up to the force of waves crashing against the side of the boat, water splashing ... | Accepting the circumstances, it was calming to drift back to sleep to the rocking of th... || Restless Waves | 247 | boatleak_solved	add/update source-text entry in translations/source_queue.tsv	medium: needs narrative context and speaker/event validation	TextAsset payload/string-table cell
3	resources.assets:158	event	But the hat was still intact, and stitched inside it was a name: “Damien.”			needs-review	resources.assets:path_id=158:m_Script[skeleton_found].text[3]	type=TextAsset; name=journals; dump=resources.assets/TextAsset/158__journals.txt	Something struck the side of the boat, waking me up.<br>I pulled it onboard. Human rema... | Something struck the side of the boat, waking me up. | I pulled it onboard. Human remains… Old, just bones now. || Mirror | 190 | foundland_skipped	add/update source-text entry in translations/source_queue.tsv	medium: needs narrative context and speaker/event validation	TextAsset payload/string-table cell
3	resources.assets:158	event	But they didn’t seem able to hurt me, even though they kept watching me in my sleep all the way until dawn.			needs-review	resources.assets:path_id=158:m_Script[smallmonsterfish_sleep].text[2]	type=TextAsset; name=journals; dump=resources.assets/TextAsset/158__journals.txt	smallmonsterfish_sleep | Loads of white, glowing dots filled the sea… watching. The fish were far bigger and muc... | Loads of white, glowing dots filled the sea… watching. The fish were far bigger and muc... || Being Watched | 250 | smallmonsterfish_sleep_lose	add/update source-text entry in translations/source_queue.tsv	medium: needs narrative context and speaker/event validation	TextAsset payload/string-table cell
3	resources.assets:158	event	But we need to be ready for the day one of us is ultimately left alone…			needs-review	resources.assets:path_id=158:m_Script[friendsick_sleep].text[3]	type=TextAsset; name=journals; dump=resources.assets/TextAsset/158__journals.txt	It’s hard for one to survive in the vastness of the seas, let alone two people.<br>As l... | It’s hard for one to survive in the vastness of the seas, let alone two people. | As long as only one of us is sick or injured, the other can manage resources and keep u... || Boatridden | 254 | bottle_got	add/update source-text entry in translations/source_queue.tsv	medium: needs narrative context and speaker/event validation	TextAsset payload/string-table cell
3	resources.assets:158	event	But when it started pecking a bit too close to my supplies, I decided to shoo it away with my flashlight. This boat is too small for one more guest.			needs-review	resources.assets:path_id=158:m_Script[seagull_flashlight].text[2]	type=TextAsset; name=journals; dump=resources.assets/TextAsset/158__journals.txt	seagull_flashlight | A curious seagull made a visit to the boat last night. What a cute and harmless creatur... | A curious seagull made a visit to the boat last night. What a cute and harmless creature! || I Get the Last Laugh! | 241 | seagull_net	add/update source-text entry in translations/source_queue.tsv	medium: needs narrative context and speaker/event validation	TextAsset payload/string-table cell
3	resources.assets:158	event	But why did this shark… have arms?			needs-review	resources.assets:path_id=158:m_Script[sharkmen_scuba_attack].text[3]	type=TextAsset; name=journals; dump=resources.assets/TextAsset/158__journals.txt	Fins emerged from the water, so I tried to take matters into my own hands. I trust myse... | Fins emerged from the water, so I tried to take matters into my own hands. I trust myse... | These were no ordinary sharks. One charged me underwater and tore a piece from my calf.... || Arms and Fingers | 309 | sharkmen_scuba_food	add/update source-text entry in translations/source_queue.tsv	medium: needs narrative context and speaker/event validation	TextAsset payload/string-table cell
3	resources.assets:158	event	By dawn, I woke up exhausted but relieved, as it left without harm.			needs-review	resources.assets:path_id=158:m_Script[seawatcher_kept_awake].text[3]	type=TextAsset; name=journals; dump=resources.assets/TextAsset/158__journals.txt	I had to pull an all-nighter. The sea had eyes. I was locked in a staring contest with ... | I had to pull an all-nighter. The sea had eyes. I was locked in a staring contest with it. | One eye lingered on my friend, hunger in its gaze. I was not its target… || Must Stay Awake | 237 | seawatcher_sleep_good	add/update source-text entry in translations/source_queue.tsv	medium: needs narrative context and speaker/event validation	TextAsset payload/string-table cell
3	resources.assets:158	event	By morning, I woke up drenched in sweat. This place is starting to wear down my mind…			needs-review	resources.assets:path_id=158:m_Script[ghostlyfigures_flash_bad].text[3]	type=TextAsset; name=journals; dump=resources.assets/TextAsset/158__journals.txt	A shiver ran down my spine. Was it a lucid nightmare? Did I actually see… ghosts?<br>I ... | A shiver ran down my spine. Was it a lucid nightmare? Did I actually see… ghosts? | I grabbed my flashlight and flickered it at them to see if they’d react… || Haunted | 246 | ghostlyfigures_sleep_good	add/update source-text entry in translations/source_queue.tsv	medium: needs narrative context and speaker/event validation	TextAsset payload/string-table cell
3	resources.assets:158	event	Catching fish seems much more dangerous at night, in… wherever the hell I am right now.			needs-review	resources.assets:path_id=158:m_Script[smallmonsterfish_net].text[1]	type=TextAsset; name=journals; dump=resources.assets/TextAsset/158__journals.txt	225 | smallmonsterfish_net | Catching fish seems much more dangerous at night, in… wherever the hell I am right now.... || Why are they so much bigger and so… eerie? Their white, glowing eyes made me feel unwel... | Extreme Fishing | 210	add/update source-text entry in translations/source_queue.tsv	medium: needs narrative context and speaker/event validation	TextAsset payload/string-table cell
3	resources.assets:158	event	Catching fish seems much more dangerous at night, in… wherever the hell I am right now.			needs-review	resources.assets:path_id=158:m_Script[smallmonsterfish_hookgun].text[1]	type=TextAsset; name=journals; dump=resources.assets/TextAsset/158__journals.txt	292 | smallmonsterfish_hookgun | Catching fish seems much more dangerous at night, in… wherever the hell I am right now.... || Why are they so much bigger and so… eerie? A fishing rod won’t do here, I had to use we... | Extreme Fishing | 267	add/update source-text entry in translations/source_queue.tsv	medium: needs narrative context and speaker/event validation	TextAsset payload/string-table cell
3	resources.assets:158	event	Does everyone else actively avoid this place? How come no one has sent help already?			needs-review	resources.assets:path_id=158:m_Script[boat_cansave_ignored].text[2]	type=TextAsset; name=journals; dump=resources.assets/TextAsset/158__journals.txt	boat_cansave_ignored | Is no one… actually looking for me?<br>Does everyone else actively avoid this place? Ho... | Is no one… actually looking for me? || No matter how much I try to be seen, I’m starting to believe I’m not even looking at re... | Hopeless | 253	add/update source-text entry in translations/source_queue.tsv	medium: needs narrative context and speaker/event validation	TextAsset payload/string-table cell
3	resources.assets:158	event	Doing so would risk my own life.			needs-review	resources.assets:path_id=158:m_Script[friendevil_tried_help].text[4]	type=TextAsset; name=journals; dump=resources.assets/TextAsset/158__journals.txt	At night, I can’t trust anything anymore. Not even my friend, who I’ve sailed with for ... | I know this was some sort of illusion, but it felt so real… | Now I’m paranoid. I’m too afraid to even help others anymore… || Swindler | 257 | friendevil_flashlight	add/update source-text entry in translations/source_queue.tsv	medium: needs narrative context and speaker/event validation	TextAsset payload/string-table cell
3	resources.assets:158	event	Doing so would risk my own life.			needs-review	resources.assets:path_id=158:m_Script[friendevil_flashlight].text[4]	type=TextAsset; name=journals; dump=resources.assets/TextAsset/158__journals.txt	At night, I can’t trust anything anymore. Not even my friend, who I’ve sailed with for ... | I saw through the illusion, but it sounded near perfect. | Now I’m getting paranoid. I’m too afraid to even help others anymore… || Swindler | 262 | friendevil_slept_good	add/update source-text entry in translations/source_queue.tsv	medium: needs narrative context and speaker/event validation	TextAsset payload/string-table cell
3	resources.assets:158	event	Either my mind has started to invent ways out of this, or I really saw sailors who also perished here.			needs-review	resources.assets:path_id=158:m_Script[ghostboat].text[1]	type=TextAsset; name=journals; dump=resources.assets/TextAsset/158__journals.txt	245 | ghostboat | Either my mind has started to invent ways out of this, or I really saw sailors who also... || How do I even know if I’m alive? Maybe seeing them means I’m already with them on the o... | Am I dead? | Hallucinations	add/update source-text entry in translations/source_queue.tsv	medium: needs narrative context and speaker/event validation	TextAsset payload/string-table cell
3	resources.assets:158	event	Escaping is hopeless. It demands atonement.			needs-review	resources.assets:path_id=158:m_Script[kraken_sleep_died].text[3]	type=TextAsset; name=journals; dump=resources.assets/TextAsset/158__journals.txt	My chest still pounds with the little blood I have left following the night I encounter... | My chest still pounds with the little blood I have left following the night I encounter... | It looked me in the eyes, judging… as if it already knew my deepest, darkest secrets. || It wants… my heart. | Break | 270	add/update source-text entry in translations/source_queue.tsv	medium: needs narrative context and speaker/event validation	TextAsset payload/string-table cell
3	resources.assets:158	event	Everything went blank after that. I woke up with teeth marks all over my lower body… and I don’t think I can feel one of my feet.			needs-review	resources.assets:path_id=158:m_Script[monsterfish_food_bad].text[3]	type=TextAsset; name=journals; dump=resources.assets/TextAsset/158__journals.txt	My surroundings went dead silent as it stared into my eyes with its hollow gaze.<br>I k... | My surroundings went dead silent as it stared into my eyes with its hollow gaze. | I knew it wanted to feast. I tried feeding it my leftovers, desperate to distract it. || Death Feeding | 302 | monsterfish_hookgun	add/update source-text entry in translations/source_queue.tsv	medium: needs narrative context and speaker/event validation	TextAsset payload/string-table cell
3	resources.assets:158	event	Except for the net.			needs-review	resources.assets:path_id=158:m_Script[windy_net].text[3]	type=TextAsset; name=journals; dump=resources.assets/TextAsset/158__journals.txt	The wind blew strongly, not letting me rest…<br>My supplies could easily be damaged or ... | The wind blew strongly, not letting me rest… | My supplies could easily be damaged or swept away by the currents, so I secured them wi... || Breeze | 248 | windy_map	add/update source-text entry in translations/source_queue.tsv	medium: needs narrative context and speaker/event validation	TextAsset payload/string-table cell
3	resources.assets:158	event	Far too bothered to sleep, I wore a bucket to dampen the sounds and keep the rain off my face. Worked like a metallic charm.			needs-review	resources.assets:path_id=158:m_Script[rainstorm_bucket].text[2]	type=TextAsset; name=journals; dump=resources.assets/TextAsset/158__journals.txt	rainstorm_bucket | I was jolted awake by the sound of thunder that followed the flashing lights of the sto... | I was jolted awake by the sound of thunder that followed the flashing lights of the sto... || Roaring Clouds | 244 | rainstorm_bucket_lost	add/update source-text entry in translations/source_queue.tsv	medium: needs narrative context and speaker/event validation	TextAsset payload/string-table cell
3	resources.assets:158	event	Fins emerged from the water, but they didn’t look like ordinary sharks. I think they had… hands? And fingers?			needs-review	resources.assets:path_id=158:m_Script[sharkmen_scuba_food].text[1]	type=TextAsset; name=journals; dump=resources.assets/TextAsset/158__journals.txt	309 | sharkmen_scuba_food | Fins emerged from the water, but they didn’t look like ordinary sharks. I think they ha... || It turned out they were actually hunting a school of fish beneath the boat. I grabbed a... | Arms and Fingers | 297	add/update source-text entry in translations/source_queue.tsv	medium: needs narrative context and speaker/event validation	TextAsset payload/string-table cell
3	resources.assets:158	event	Fins emerged from the water, roaming alarmingly close.			needs-review	resources.assets:path_id=158:m_Script[sharkmen_swimbelt_success].text[1]	type=TextAsset; name=journals; dump=resources.assets/TextAsset/158__journals.txt	236 | sharkmen_swimbelt_success | Fins emerged from the water, roaming alarmingly close.<br>Under the surface, I could se... || Under the surface, I could see that these were no ordinary sharks. They had arms… fingers. | With a perfect throw, I managed to confuse the closest one, leaving me unharmed, though... | Arms and Fingers	add/update source-text entry in translations/source_queue.tsv	medium: needs narrative context and speaker/event validation	TextAsset payload/string-table cell
3	resources.assets:158	event	Fins emerged from the water, roaming alarmingly close.			needs-review	resources.assets:path_id=158:m_Script[sharkmen_swimbelt_attack].text[1]	type=TextAsset; name=journals; dump=resources.assets/TextAsset/158__journals.txt	276 | sharkmen_swimbelt_attack | Fins emerged from the water, roaming alarmingly close.<br>I tried to distract the neare... || I tried to distract the nearest one with a swim ring, but in seconds a loud splash came... | I’ve lost part of my calf. Luckily, I don’t need to walk for a while… | Arms and Fingers	add/update source-text entry in translations/source_queue.tsv	medium: needs narrative context and speaker/event validation	TextAsset payload/string-table cell
3	resources.assets:158	event	Fins emerged from the water, roaming alarmingly close.			needs-review	resources.assets:path_id=158:m_Script[sharkmen_sleep].text[1]	type=TextAsset; name=journals; dump=resources.assets/TextAsset/158__journals.txt	297 | sharkmen_sleep | Fins emerged from the water, roaming alarmingly close.<br>Under the surface, I could se... || Under the surface, I could see that these were no ordinary sharks. They had arms… fingers. | I felt safe enough in the boat, so I stayed still and tried to sleep, careful not to di... | Arms and Fingers	add/update source-text entry in translations/source_queue.tsv	medium: needs narrative context and speaker/event validation	TextAsset payload/string-table cell
3	resources.assets:158	event	Fins emerged from the water, roaming alarmingly close. But I felt safe in the boat, or so I thought.			needs-review	resources.assets:path_id=158:m_Script[sharkmen_sleep_fail].text[1]	type=TextAsset; name=journals; dump=resources.assets/TextAsset/158__journals.txt	280 | sharkmen_sleep_fail | Fins emerged from the water, roaming alarmingly close. But I felt safe in the boat, or ... || These were no ordinary sharks. One of them grabbed me by the calf with its… hand? Took ... | It’s still bleeding, but at least I won’t need to walk for a while anyway. | Arms and Fingers	add/update source-text entry in translations/source_queue.tsv	medium: needs narrative context and speaker/event validation	TextAsset payload/string-table cell
3	resources.assets:158	event	Fins emerged from the water, so I tried to take matters into my own hands. I trust myself with sharks, or so I thought.			needs-review	resources.assets:path_id=158:m_Script[sharkmen_scuba_attack].text[1]	type=TextAsset; name=journals; dump=resources.assets/TextAsset/158__journals.txt	275 | sharkmen_scuba_attack | Fins emerged from the water, so I tried to take matters into my own hands. I trust myse... || These were no ordinary sharks. One charged me underwater and tore a piece from my calf.... | But why did this shark… have arms? | Arms and Fingers	add/update source-text entry in translations/source_queue.tsv	medium: needs narrative context and speaker/event validation	TextAsset payload/string-table cell
3	resources.assets:158	event	Fins surfaced, circling dangerously close.			needs-review	resources.assets:path_id=158:m_Script[sharkmen_hookgun].text[1]	type=TextAsset; name=journals; dump=resources.assets/TextAsset/158__journals.txt	256 | sharkmen_hookgun | Fins surfaced, circling dangerously close.<br>Under the water I could make out their sh... || Under the water I could make out their shape. They were no ordinary sharks. They had ar... | I wasn’t taking chances. I fired my only harpoon as a warning. They scattered. For now. | Arms and Fingers	add/update source-text entry in translations/source_queue.tsv	medium: needs narrative context and speaker/event validation	TextAsset payload/string-table cell
3	resources.assets:158	event	For some reason, I trusted it and felt that my offering would not go unanswered. Luckily, I received something in return… Was it a good deal?			needs-review	resources.assets:path_id=158:m_Script[handyman_offer].text[2]	type=TextAsset; name=journals; dump=resources.assets/TextAsset/158__journals.txt	handyman_offer | A hand emerged from the sea, its open palm facing me. It looked as though it was asking... | A hand emerged from the sea, its open palm facing me. It looked as though it was asking... || Handyman | 273 | handyman_sleep	add/update source-text entry in translations/source_queue.tsv	medium: needs narrative context and speaker/event validation	TextAsset payload/string-table cell
3	resources.assets:158	event	Frederik and I are the only ones left, sitting in this old junk of a lifeboat.			needs-review	resources.assets:path_id=158:m_Script[startgame_man].text[2]	type=TextAsset; name=journals; dump=resources.assets/TextAsset/158__journals.txt	startgame_man | Well, there goes Dorothy…<br>Frederik and I are the only ones left, sitting in this old... | Well, there goes Dorothy… || I have no idea what struck our ship, and judging by the sound, I honestly don’t want to... | Now all we can do is survive as long as we need. I’m sure help will come soon. | A New Day	add/update source-text entry in translations/source_queue.tsv	medium: needs narrative context and speaker/event validation	TextAsset payload/string-table cell
3	resources.assets:158	event	Had no high hopes for this old dinghy, but I didn’t expect a leak so big it could have drowned me in my sleep.			needs-review	resources.assets:path_id=158:m_Script[boatleak_solved].text[1]	type=TextAsset; name=journals; dump=resources.assets/TextAsset/158__journals.txt	247 | boatleak_solved | Had no high hopes for this old dinghy, but I didn’t expect a leak so big it could have ... || I acted quickly enough to keep my boots from filling with water, though. I just hope th... | Quick Fix | 248	add/update source-text entry in translations/source_queue.tsv	medium: needs narrative context and speaker/event validation	TextAsset payload/string-table cell
3	resources.assets:158	event	Had no high hopes for this old dinghy, but I didn’t expect a leak so big it nearly drowned me in my sleep.			needs-review	resources.assets:path_id=158:m_Script[boatleak_unsolved].text[1]	type=TextAsset; name=journals; dump=resources.assets/TextAsset/158__journals.txt	248 | boatleak_unsolved | Had no high hopes for this old dinghy, but I didn’t expect a leak so big it nearly drow... || The bottom of the boat is full of water now, and it looks like it could have done more ... | Wet Boots | 219	add/update source-text entry in translations/source_queue.tsv	medium: needs narrative context and speaker/event validation	TextAsset payload/string-table cell
3	resources.assets:158	event	Hard sleep, but I couldn’t care less. In the morning, only a feather was left in the boat, so I decorated my hat with it.			needs-review	resources.assets:path_id=158:m_Script[seagull_sleep].text[2]	type=TextAsset; name=journals; dump=resources.assets/TextAsset/158__journals.txt	seagull_sleep | A curious seagull made a visit to the boat last night. During the night, it kept making... | A curious seagull made a visit to the boat last night. During the night, it kept making... || Not a Night Owl.. or Seagull | 275 | sleptunwell_swimbelt	add/update source-text entry in translations/source_queue.tsv	medium: needs narrative context and speaker/event validation	TextAsset payload/string-table cell
3	resources.assets:158	event	Having the paper completely blank on the other side gives me the chance to send a message back into the waters.			needs-review	resources.assets:path_id=158:m_Script[bottle_got].text[2]	type=TextAsset; name=journals; dump=resources.assets/TextAsset/158__journals.txt	bottle_got | The currents guided a bottle to the boat last evening. I wonder who sent it into the oc... | The currents guided a bottle to the boat last evening. I wonder who sent it into the oc... || A Message | 235 | bottle_slept	add/update source-text entry in translations/source_queue.tsv	medium: needs narrative context and speaker/event validation	TextAsset payload/string-table cell
3	resources.assets:158	event	He never came back. I had to leave… Staying here would only ensure that at least one of us survived. Hopefully.			needs-review	resources.assets:path_id=158:m_Script[island_kill_man].text[3]	type=TextAsset; name=journals; dump=resources.assets/TextAsset/158__journals.txt	I found a lonely, minuscule island, so I decided to wake up Frederik and send him to ex... | I found a lonely, minuscule island, so I decided to wake up Frederik and send him to ex... | After several hours, I started to worry. Maybe I should have gone with him? || Midnight Tour | 290 | island_kill_woman	add/update source-text entry in translations/source_queue.tsv	medium: needs narrative context and speaker/event validation	TextAsset payload/string-table cell
3	resources.assets:158	event	He never came back. I had to leave… Staying here would only ensure that at least one of us survived. Hopefully.			needs-review	resources.assets:path_id=158:m_Script[island_kill_row].text[3]	type=TextAsset; name=journals; dump=resources.assets/TextAsset/158__journals.txt	I found a lonely, minuscule island, so I decided to wake up Row and send him to explore... | I found a lonely, minuscule island, so I decided to wake up Row and send him to explore... | After several hours, I started to worry. Maybe I should have gone with him? || Midnight Tour | 285 | island_sent_man	add/update source-text entry in translations/source_queue.tsv	medium: needs narrative context and speaker/event validation	TextAsset payload/string-table cell
3	resources.assets:158	event	How do I even know if I’m alive? Maybe seeing them means I’m already with them on the other side…?			needs-review	resources.assets:path_id=158:m_Script[ghostboat].text[2]	type=TextAsset; name=journals; dump=resources.assets/TextAsset/158__journals.txt	ghostboat | Either my mind has started to invent ways out of this, or I really saw sailors who also... | Either my mind has started to invent ways out of this, or I really saw sailors who also... || Am I dead? | Hallucinations | 218	add/update source-text entry in translations/source_queue.tsv	medium: needs narrative context and speaker/event validation	TextAsset payload/string-table cell
3	resources.assets:158	event	I acted quickly enough to keep my boots from filling with water, though. I just hope this boat doesn’t hold any more surprises for me.			needs-review	resources.assets:path_id=158:m_Script[boatleak_solved].text[2]	type=TextAsset; name=journals; dump=resources.assets/TextAsset/158__journals.txt	boatleak_solved | Had no high hopes for this old dinghy, but I didn’t expect a leak so big it could have ... | Had no high hopes for this old dinghy, but I didn’t expect a leak so big it could have ... || Quick Fix | 248 | boatleak_unsolved	add/update source-text entry in translations/source_queue.tsv	medium: needs narrative context and speaker/event validation	TextAsset payload/string-table cell
3	resources.assets:158	event	I anxiously tried to collect a sample, but what I found was something completely different…			needs-review	resources.assets:path_id=158:m_Script[bloodwater_foundpiece].text[2]	type=TextAsset; name=journals; dump=resources.assets/TextAsset/158__journals.txt	bloodwater_foundpiece | The air smelled putrid, and when I looked around… the sea was red. Deep red. Like, actu... | The air smelled putrid, and when I looked around… the sea was red. Deep red. Like, actu... || I don’t think I was ever meant to find this. | Red | 243	add/update source-text entry in translations/source_queue.tsv	medium: needs narrative context and speaker/event validation	TextAsset payload/string-table cell
3	resources.assets:158	event	I can’t be wrong! That was definitely not a bird! I hope I made enough effort to be noticed…			needs-review	resources.assets:path_id=158:m_Script[airplane_tried_sos].text[1]	type=TextAsset; name=journals; dump=resources.assets/TextAsset/158__journals.txt	149 | airplane_tried_sos | I can’t be wrong! That was definitely not a bird! I hope I made enough effort to be not... || If someone up there saw me, rescue could only be days away… right? | Hope | 162	add/update source-text entry in translations/source_queue.tsv	medium: needs narrative context and speaker/event validation	TextAsset payload/string-table cell
3	resources.assets:158	event	I can’t be wrong! That was definitely not a bird! That means people are flying over this damned sea, which means I will get rescued eventually.			needs-review	resources.assets:path_id=158:m_Script[airplane_slept].text[1]	type=TextAsset; name=journals; dump=resources.assets/TextAsset/158__journals.txt	162 | airplane_slept | I can’t be wrong! That was definitely not a bird! That means people are flying over thi... || Makes perfect sense. …Right? | Cold Shoulder | 175	add/update source-text entry in translations/source_queue.tsv	medium: needs narrative context and speaker/event validation	TextAsset payload/string-table cell
3	resources.assets:158	event	I can’t stop now.			needs-review	resources.assets:path_id=158:m_Script[foundland_skipped].text[2]	type=TextAsset; name=journals; dump=resources.assets/TextAsset/158__journals.txt	foundland_skipped | I hope I made the right decision by continuing.<br>I can’t stop now. | I hope I made the right decision by continuing. || Trust | 68 | friendevil_tried_help	add/update source-text entry in translations/source_queue.tsv	medium: needs narrative context and speaker/event validation	TextAsset payload/string-table cell
3	resources.assets:158	event	I could barely see the end of my own boat.			needs-review	resources.assets:path_id=158:m_Script[thefog_tryseeing].text[1]	type=TextAsset; name=journals; dump=resources.assets/TextAsset/158__journals.txt	289 | thefog_tryseeing | I could barely see the end of my own boat.<br>I spent so much time staring into the fog... || I spent so much time staring into the fog, trying to understand where I was, that I may... | I think I saw a person… without a head. | The Man in the Fog	add/update source-text entry in translations/source_queue.tsv	medium: needs narrative context and speaker/event validation	TextAsset payload/string-table cell
3	resources.assets:158	event	I could barely see the end of my own boat.			needs-review	resources.assets:path_id=158:m_Script[thefog_tryseeing_lost].text[1]	type=TextAsset; name=journals; dump=resources.assets/TextAsset/158__journals.txt	211 | thefog_tryseeing_lost | I could barely see the end of my own boat.<br>I spent so much time staring into the fog... || I spent so much time staring into the fog, trying to understand where I was, that I may... | I remember something cold touching my shoulders. I’m never sleeping in the fog again. | The Man in the Fog	add/update source-text entry in translations/source_queue.tsv	medium: needs narrative context and speaker/event validation	TextAsset payload/string-table cell
3	resources.assets:158	event	I couldn’t find anything. What made that sound?			needs-review	resources.assets:path_id=158:m_Script[fishinboat_empty].text[2]	type=TextAsset; name=journals; dump=resources.assets/TextAsset/158__journals.txt	fishinboat_empty | Sounds of slapping and flopping filled the air last night. I decided to investigate and... | Sounds of slapping and flopping filled the air last night. I decided to investigate and... || I was hoping at least for a fish that made it onto the boat… then I could have had a fr... | Like a Fish? | 271	add/update source-text entry in translations/source_queue.tsv	medium: needs narrative context and speaker/event validation	TextAsset payload/string-table cell
3	resources.assets:158	event	I don’t know if it was the constant swaying or if I’m already going nuts, but I couldn’t sleep easily last night.			needs-review	resources.assets:path_id=158:m_Script[sleptunwell_trysleep].text[1]	type=TextAsset; name=journals; dump=resources.assets/TextAsset/158__journals.txt	220 | sleptunwell_trysleep | I don’t know if it was the constant swaying or if I’m already going nuts, but I couldn’... || I kept switching between a few minutes of sleep and watching the moonlight dance on the... | Restless | 233	add/update source-text entry in translations/source_queue.tsv	medium: needs narrative context and speaker/event validation	TextAsset payload/string-table cell
3	resources.assets:158	event	I don’t know if it was the constant swaying or the brightness of the moon, but I couldn’t get back to sleep.			needs-review	resources.assets:path_id=158:m_Script[sleptunwell_umbrella].text[1]	type=TextAsset; name=journals; dump=resources.assets/TextAsset/158__journals.txt	221 | sleptunwell_umbrella | I don’t know if it was the constant swaying or the brightness of the moon, but I couldn... || I opened my umbrella to block some of the light from my eyelids and managed to get a fe... | Comfy Enough | 220	add/update source-text entry in translations/source_queue.tsv	medium: needs narrative context and speaker/event validation	TextAsset payload/string-table cell
3	resources.assets:158	event	I don’t know if it was the constant swaying or the hard plank under my head, but I couldn’t get back to sleep.			needs-review	resources.assets:path_id=158:m_Script[sleptunwell_swimbelt].text[1]	type=TextAsset; name=journals; dump=resources.assets/TextAsset/158__journals.txt	275 | sleptunwell_swimbelt | I don’t know if it was the constant swaying or the hard plank under my head, but I coul... || I should have thought of it earlier, but the swim ring is actually pretty comfortable t... | Comfy Enough | 265	add/update source-text entry in translations/source_queue.tsv	medium: needs narrative context and speaker/event validation	TextAsset payload/string-table cell
3	resources.assets:158	event	I don’t know if it was the constant swaying or the sound of the waves, but I couldn’t get back to sleep.			needs-review	resources.assets:path_id=158:m_Script[sleptunwell_bucket].text[1]	type=TextAsset; name=journals; dump=resources.assets/TextAsset/158__journals.txt	265 | sleptunwell_bucket | I don’t know if it was the constant swaying or the sound of the waves, but I couldn’t g... || My last effort was using a bucket to dampen the noise and block the moonlight, which ga... | Comfy Enough | 237	add/update source-text entry in translations/source_queue.tsv	medium: needs narrative context and speaker/event validation	TextAsset payload/string-table cell
3	resources.assets:158	event	I don’t think I was ever meant to find this.			needs-review	resources.assets:path_id=158:m_Script[bloodwater_foundpiece].text[3]	type=TextAsset; name=journals; dump=resources.assets/TextAsset/158__journals.txt	The air smelled putrid, and when I looked around… the sea was red. Deep red. Like, actu... | The air smelled putrid, and when I looked around… the sea was red. Deep red. Like, actu... | I anxiously tried to collect a sample, but what I found was something completely differ... || Red | 243 | bloodwater_sleep	add/update source-text entry in translations/source_queue.tsv	medium: needs narrative context and speaker/event validation	TextAsset payload/string-table cell
3	resources.assets:158	event	I don’t want to catch a cold, though, so I rolled out my umbrella for the night.			needs-review	resources.assets:path_id=158:m_Script[rain_umbrella].text[2]	type=TextAsset; name=journals; dump=resources.assets/TextAsset/158__journals.txt	rain_umbrella | A little rain isn’t so bad. After baking under the sun and sweating for hours, waking u... | A little rain isn’t so bad. After baking under the sun and sweating for hours, waking u... || Shower Night | 210 | rain_bucket	add/update source-text entry in translations/source_queue.tsv	medium: needs narrative context and speaker/event validation	TextAsset payload/string-table cell
3	resources.assets:158	event	I dreamed of my only friend dying in some horrible, indescribable way. Was this a warning…?			needs-review	resources.assets:path_id=158:m_Script[seawatcher_sleep_good].text[3]	type=TextAsset; name=journals; dump=resources.assets/TextAsset/158__journals.txt	The sea had eyes. I was locked in a staring contest with it, but my eyelids grew too he... | The sea had eyes. I was locked in a staring contest with it, but my eyelids grew too he... | Sleep wasn’t much better. || Dareful Nap | 240 | seawatcher_sleep_frienddied	add/update source-text entry in translations/source_queue.tsv	medium: needs narrative context and speaker/event validation	TextAsset payload/string-table cell
3	resources.assets:158	event	I equipped my diving gear to investigate.			needs-review	resources.assets:path_id=158:m_Script[bloodwater_scuba_attack].text[2]	type=TextAsset; name=journals; dump=resources.assets/TextAsset/158__journals.txt	bloodwater_scuba_attack | The air smelled putrid, and when I looked around… the sea was red. Deep red. Like, actu... | The air smelled putrid, and when I looked around… the sea was red. Deep red. Like, actu... || Below, I heard a deep rumble, followed by the very thing I was searching for. | It was searching for me, too. | Deep Red	add/update source-text entry in translations/source_queue.tsv	medium: needs narrative context and speaker/event validation	TextAsset payload/string-table cell
3	resources.assets:158	event	I equipped my diving gear to investigate.			needs-review	resources.assets:path_id=158:m_Script[bloodwater_scuba_food].text[2]	type=TextAsset; name=journals; dump=resources.assets/TextAsset/158__journals.txt	bloodwater_scuba_food | The air smelled putrid, and when I looked around… the sea was red. Deep red. Like, actu... | The air smelled putrid, and when I looked around… the sea was red. Deep red. Like, actu... || The water was oddly warm, loud, and full of fish scattered in pieces. I grabbed as many... | Deep Red | 281	add/update source-text entry in translations/source_queue.tsv	medium: needs narrative context and speaker/event validation	TextAsset payload/string-table cell
3	resources.assets:158	event	I fear I just lost my only chance at escape.			needs-review	resources.assets:path_id=158:m_Script[helicopter_tried_to_warn].text[1]	type=TextAsset; name=journals; dump=resources.assets/TextAsset/158__journals.txt	283 | helicopter_tried_to_warn | I fear I just lost my only chance at escape.<br>An actual helicopter was searching near... || An actual helicopter was searching near the boat for only a short time. I tried everyth... | They’ll probably pronounce me dead. | S.O.S	add/update source-text entry in translations/source_queue.tsv	medium: needs narrative context and speaker/event validation	TextAsset payload/string-table cell
3	resources.assets:158	event	I fear that the chest I found has something alive inside it. The sounds reminded me of a rat, or worse.			needs-review	resources.assets:path_id=158:m_Script[chestattack_net].text[1]	type=TextAsset; name=journals; dump=resources.assets/TextAsset/158__journals.txt	149 | chestattack_net | I fear that the chest I found has something alive inside it. The sounds reminded me of ... || I secured it for the night, I want no more surprises. Maybe I’ll just wait until whatev... | Better Safe than Sorry | 228	add/update source-text entry in translations/source_queue.tsv	medium: needs narrative context and speaker/event validation	TextAsset payload/string-table cell
3	resources.assets:158	event	I felt hopeless. I couldn’t look into those dark holes any longer.			needs-review	resources.assets:path_id=158:m_Script[monsterfish_umbrella_good].text[2]	type=TextAsset; name=journals; dump=resources.assets/TextAsset/158__journals.txt	monsterfish_umbrella_good | My surroundings went dead silent as it stared into my eyes with its hollow gaze.<br>I f... | My surroundings went dead silent as it stared into my eyes with its hollow gaze. || I hid behind my umbrella, hoping it didn’t have object permanence. I was relieved when ... | Death Stare | 282	add/update source-text entry in translations/source_queue.tsv	medium: needs narrative context and speaker/event validation	TextAsset payload/string-table cell
3	resources.assets:158	event	I felt hopeless. I couldn’t look into those dark holes any longer.			needs-review	resources.assets:path_id=158:m_Script[monsterfish_umbrella_bad].text[2]	type=TextAsset; name=journals; dump=resources.assets/TextAsset/158__journals.txt	monsterfish_umbrella_bad | My surroundings went dead silent as it stared into my eyes with its hollow gaze.<br>I f... | My surroundings went dead silent as it stared into my eyes with its hollow gaze. || I hid behind my umbrella and prayed… Everything went blank after that. I woke up with t... | Death Stare | 292	add/update source-text entry in translations/source_queue.tsv	medium: needs narrative context and speaker/event validation	TextAsset payload/string-table cell
3	resources.assets:158	event	I felt safe enough in the boat, so I stayed still and tried to sleep, careful not to disturb the water and draw their attention.			needs-review	resources.assets:path_id=158:m_Script[sharkmen_sleep].text[3]	type=TextAsset; name=journals; dump=resources.assets/TextAsset/158__journals.txt	Fins emerged from the water, roaming alarmingly close.<br>Under the surface, I could se... | Fins emerged from the water, roaming alarmingly close. | Under the surface, I could see that these were no ordinary sharks. They had arms… fingers. || Arms and Fingers | 280 | sharkmen_sleep_fail	add/update source-text entry in translations/source_queue.tsv	medium: needs narrative context and speaker/event validation	TextAsset payload/string-table cell
3	resources.assets:158	event	I felt the impact of a small rock scraping beneath the boat, so I got up to take a look around…			needs-review	resources.assets:path_id=158:m_Script[dangerouswater_slept].text[1]	type=TextAsset; name=journals; dump=resources.assets/TextAsset/158__journals.txt	262 | dangerouswater_slept | I felt the impact of a small rock scraping beneath the boat, so I got up to take a look... || The area seemed pretty sketchy, but I still chose to go back to sleep and let the waves... | This way, I can’t blame myself for picking the wrong direction! | Bumpy Sleep	add/update source-text entry in translations/source_queue.tsv	medium: needs narrative context and speaker/event validation	TextAsset payload/string-table cell
3	resources.assets:158	event	I fired my only flare in their direction, hoping to finally be saved. They didn’t so much as turn, but kept moving on. Maybe they’ll send someone instead… right?			needs-review	resources.assets:path_id=158:m_Script[boat_distance_flaregun].text[2]	type=TextAsset; name=journals; dump=resources.assets/TextAsset/158__journals.txt	boat_distance_flaregun | I think I just saw other people! And it was a huge ship, too!<br>I fired my only flare ... | I think I just saw other people! And it was a huge ship, too! || Other People?! | 226 | boat_distance_flashlight	add/update source-text entry in translations/source_queue.tsv	medium: needs narrative context and speaker/event validation	TextAsset payload/string-table cell
3	resources.assets:158	event	I flickered my flashlight as hard as I could, hoping to be seen… but they didn’t notice. To them, I was probably just one faint glimmer in the moonlit ocean, with this cheap old flashlight.			needs-review	resources.assets:path_id=158:m_Script[boat_distance_flashlight].text[2]	type=TextAsset; name=journals; dump=resources.assets/TextAsset/158__journals.txt	boat_distance_flashlight | I think I just saw other people! And it was a huge ship, too!<br>I flickered my flashli... | I think I just saw other people! And it was a huge ship, too! || Other People?! | 254 | boat_distance_sleep	add/update source-text entry in translations/source_queue.tsv	medium: needs narrative context and speaker/event validation	TextAsset payload/string-table cell
3	resources.assets:158	event	I flipped an imaginary coin in my head, and that’s the way we’re headed now.			needs-review	resources.assets:path_id=158:m_Script[needsdirection_break].text[2]	type=TextAsset; name=journals; dump=resources.assets/TextAsset/158__journals.txt	needsdirection_break | The boat arrived at a point of diverging paths. None of them looked appealing.<br>I fli... | The boat arrived at a point of diverging paths. None of them looked appealing. || If only the shallow rocky bottom along that route were imaginary too… it was one bumpy ... | The Sea Took the Wheel | 257	add/update source-text entry in translations/source_queue.tsv	medium: needs narrative context and speaker/event validation	TextAsset payload/string-table cell
3	resources.assets:158	event	I found a lonely, minuscule island, so I decided to take a small tour.			needs-review	resources.assets:path_id=158:m_Script[islandsmall_foundbait].text[1]	type=TextAsset; name=journals; dump=resources.assets/TextAsset/158__journals.txt	183 | islandsmall_foundbait | I found a lonely, minuscule island, so I decided to take a small tour.<br>Among the shr... || Among the shrubs, I found an old can, with worms feeding on scraps inside. Will do for ... | Midnight Tour | 173	add/update source-text entry in translations/source_queue.tsv	medium: needs narrative context and speaker/event validation	TextAsset payload/string-table cell
3	resources.assets:158	event	I found a lonely, minuscule island, so I decided to take a small tour.			needs-review	resources.assets:path_id=158:m_Script[islandsmall_foundchest].text[1]	type=TextAsset; name=journals; dump=resources.assets/TextAsset/158__journals.txt	173 | islandsmall_foundchest | I found a lonely, minuscule island, so I decided to take a small tour.<br>Someone must ... || Someone must have been there before, because I found an old wooden chest. I took it wit... | It was heavy and exhausting to carry, so it better be worth it! | Midnight Tour	add/update source-text entry in translations/source_queue.tsv	medium: needs narrative context and speaker/event validation	TextAsset payload/string-table cell
3	resources.assets:158	event	I found a lonely, minuscule island, so I decided to take a small tour.			needs-review	resources.assets:path_id=158:m_Script[islandsmall_gotattacked].text[1]	type=TextAsset; name=journals; dump=resources.assets/TextAsset/158__journals.txt	250 | islandsmall_gotattacked | I found a lonely, minuscule island, so I decided to take a small tour.<br>While looking... || While looking around the trees, I wasn’t careful enough. Something attacked me from abo... | I used leaves from the shrubs to stop the bleeding, but it still hurts like hell. | Misadventure	add/update source-text entry in translations/source_queue.tsv	medium: needs narrative context and speaker/event validation	TextAsset payload/string-table cell
3	resources.assets:158	event	I found a lonely, minuscule island, so I decided to wake up Frederik and send him to explore it.			needs-review	resources.assets:path_id=158:m_Script[island_kill_man].text[1]	type=TextAsset; name=journals; dump=resources.assets/TextAsset/158__journals.txt	267 | island_kill_man | I found a lonely, minuscule island, so I decided to wake up Frederik and send him to ex... || After several hours, I started to worry. Maybe I should have gone with him? | He never came back. I had to leave… Staying here would only ensure that at least one of... | Midnight Tour	add/update source-text entry in translations/source_queue.tsv	medium: needs narrative context and speaker/event validation	TextAsset payload/string-table cell
3	resources.assets:158	event	I found a lonely, minuscule island, so I decided to wake up Frederik and send him to explore it.			needs-review	resources.assets:path_id=158:m_Script[island_sent_man].text[1]	type=TextAsset; name=journals; dump=resources.assets/TextAsset/158__journals.txt	285 | island_sent_man | I found a lonely, minuscule island, so I decided to wake up Frederik and send him to ex... || It took him a while to get back to the boat, so I was hoping he wouldn't return empty-h... | I was right. It's not much, but it was definitely worth the short trip. | Midnight Tour	add/update source-text entry in translations/source_queue.tsv	medium: needs narrative context and speaker/event validation	TextAsset payload/string-table cell
3	resources.assets:158	event	I found a lonely, minuscule island, so I decided to wake up Frederik and send him to explore it.<br>After several hours, I started to worry. Maybe I should have gone with him?<br>He never came back. I had to leave… Staying here would only ensure that at least one of us survived. Hopefully.			needs-review	resources.assets:path_id=158:m_Script[island_kill_man].text[0]	type=TextAsset; name=journals; dump=resources.assets/TextAsset/158__journals.txt	Curiosity | 267 | island_kill_man || I found a lonely, minuscule island, so I decided to wake up Frederik and send him to ex... | After several hours, I started to worry. Maybe I should have gone with him? | He never came back. I had to leave… Staying here would only ensure that at least one of...	add/update source-text entry in translations/source_queue.tsv	medium: needs narrative context and speaker/event validation	TextAsset payload/string-table cell
3	resources.assets:158	event	I found a lonely, minuscule island, so I decided to wake up Frederik and send him to explore it.<br>It took him a while to get back to the boat, so I was hoping he wouldn't return empty-handed.<br>I was right. It's not much, but it was definitely worth the short trip.			needs-review	resources.assets:path_id=158:m_Script[island_sent_man].text[0]	type=TextAsset; name=journals; dump=resources.assets/TextAsset/158__journals.txt	Midnight Tour | 285 | island_sent_man || I found a lonely, minuscule island, so I decided to wake up Frederik and send him to ex... | It took him a while to get back to the boat, so I was hoping he wouldn't return empty-h... | I was right. It's not much, but it was definitely worth the short trip.	add/update source-text entry in translations/source_queue.tsv	medium: needs narrative context and speaker/event validation	TextAsset payload/string-table cell
3	resources.assets:158	event	I found a lonely, minuscule island, so I decided to wake up Laurel and send her to explore it.			needs-review	resources.assets:path_id=158:m_Script[island_kill_woman].text[1]	type=TextAsset; name=journals; dump=resources.assets/TextAsset/158__journals.txt	290 | island_kill_woman | I found a lonely, minuscule island, so I decided to wake up Laurel and send her to expl... || After several hours, I started to worry. Maybe I should have gone with her? | She never came back. I had to leave… Staying here would only ensure that at least one o... | Midnight Tour	add/update source-text entry in translations/source_queue.tsv	medium: needs narrative context and speaker/event validation	TextAsset payload/string-table cell
3	resources.assets:158	event	I found a lonely, minuscule island, so I decided to wake up Laurel and send her to explore it.			needs-review	resources.assets:path_id=158:m_Script[island_sent_woman].text[1]	type=TextAsset; name=journals; dump=resources.assets/TextAsset/158__journals.txt	268 | island_sent_woman | I found a lonely, minuscule island, so I decided to wake up Laurel and send her to expl... || It took her a while to get back to the boat, so I was hoping she wouldn't return empty-... | I was right. It's not much, but it was definitely worth the short trip. | Midnight Tour	add/update source-text entry in translations/source_queue.tsv	medium: needs narrative context and speaker/event validation	TextAsset payload/string-table cell
3	resources.assets:158	event	I found a lonely, minuscule island, so I decided to wake up Laurel and send her to explore it.<br>After several hours, I started to worry. Maybe I should have gone with her?<br>She never came back. I had to leave… Staying here would only ensure that at least one of us survived. Hopefully.			needs-review	resources.assets:path_id=158:m_Script[island_kill_woman].text[0]	type=TextAsset; name=journals; dump=resources.assets/TextAsset/158__journals.txt	Midnight Tour | 290 | island_kill_woman || I found a lonely, minuscule island, so I decided to wake up Laurel and send her to expl... | After several hours, I started to worry. Maybe I should have gone with her? | She never came back. I had to leave… Staying here would only ensure that at least one o...	add/update source-text entry in translations/source_queue.tsv	medium: needs narrative context and speaker/event validation	TextAsset payload/string-table cell
3	resources.assets:158	event	I found a lonely, minuscule island, so I decided to wake up Laurel and send her to explore it.<br>It took her a while to get back to the boat, so I was hoping she wouldn't return empty-handed.<br>I was right. It's not much, but it was definitely worth the short trip.			needs-review	resources.assets:path_id=158:m_Script[island_sent_woman].text[0]	type=TextAsset; name=journals; dump=resources.assets/TextAsset/158__journals.txt	Midnight Tour | 268 | island_sent_woman || I found a lonely, minuscule island, so I decided to wake up Laurel and send her to expl... | It took her a while to get back to the boat, so I was hoping she wouldn't return empty-... | I was right. It's not much, but it was definitely worth the short trip.	add/update source-text entry in translations/source_queue.tsv	medium: needs narrative context and speaker/event validation	TextAsset payload/string-table cell
3	resources.assets:158	event	I found a lonely, minuscule island, so I decided to wake up Row and send him to explore it.			needs-review	resources.assets:path_id=158:m_Script[island_kill_row].text[1]	type=TextAsset; name=journals; dump=resources.assets/TextAsset/158__journals.txt	289 | island_kill_row | I found a lonely, minuscule island, so I decided to wake up Row and send him to explore... || After several hours, I started to worry. Maybe I should have gone with him? | He never came back. I had to leave… Staying here would only ensure that at least one of... | Midnight Tour	add/update source-text entry in translations/source_queue.tsv	medium: needs narrative context and speaker/event validation	TextAsset payload/string-table cell
3	resources.assets:158	event	I found a lonely, minuscule island, so I decided to wake up Row and send him to explore it.			needs-review	resources.assets:path_id=158:m_Script[island_sent_row].text[1]	type=TextAsset; name=journals; dump=resources.assets/TextAsset/158__journals.txt	267 | island_sent_row | I found a lonely, minuscule island, so I decided to wake up Row and send him to explore... || It took him a while to get back to the boat, so I was hoping he wouldn't return empty-h... | I was right. It's not much, but it was definitely worth the short trip. | Midnight Tour	add/update source-text entry in translations/source_queue.tsv	medium: needs narrative context and speaker/event validation	TextAsset payload/string-table cell
3	resources.assets:158	event	I found a lonely, minuscule island, so I decided to wake up Row and send him to explore it.<br>After several hours, I started to worry. Maybe I should have gone with him?<br>He never came back. I had to leave… Staying here would only ensure that at least one of us survived. Hopefully.			needs-review	resources.assets:path_id=158:m_Script[island_kill_row].text[0]	type=TextAsset; name=journals; dump=resources.assets/TextAsset/158__journals.txt	Midnight Tour | 289 | island_kill_row || I found a lonely, minuscule island, so I decided to wake up Row and send him to explore... | After several hours, I started to worry. Maybe I should have gone with him? | He never came back. I had to leave… Staying here would only ensure that at least one of...	add/update source-text entry in translations/source_queue.tsv	medium: needs narrative context and speaker/event validation	TextAsset payload/string-table cell
3	resources.assets:158	event	I found a lonely, minuscule island, so I decided to wake up Row and send him to explore it.<br>It took him a while to get back to the boat, so I was hoping he wouldn't return empty-handed.<br>I was right. It's not much, but it was definitely worth the short trip.			needs-review	resources.assets:path_id=158:m_Script[island_sent_row].text[0]	type=TextAsset; name=journals; dump=resources.assets/TextAsset/158__journals.txt	Midnight Tour | 267 | island_sent_row || I found a lonely, minuscule island, so I decided to wake up Row and send him to explore... | It took him a while to get back to the boat, so I was hoping he wouldn't return empty-h... | I was right. It's not much, but it was definitely worth the short trip.	add/update source-text entry in translations/source_queue.tsv	medium: needs narrative context and speaker/event validation	TextAsset payload/string-table cell
3	resources.assets:158	event	I found a lonely, minuscule island, too small for anyone to live on.			needs-review	resources.assets:path_id=158:m_Script[islandsmall_skipped].text[1]	type=TextAsset; name=journals; dump=resources.assets/TextAsset/158__journals.txt	189 | islandsmall_skipped | I found a lonely, minuscule island, too small for anyone to live on.<br>Just looking at... || Just looking at it from afar was enough to know it wasn’t worth visiting… Maybe it’s be... | Too Small for Me | 183	add/update source-text entry in translations/source_queue.tsv	medium: needs narrative context and speaker/event validation	TextAsset payload/string-table cell
3	resources.assets:158	event	I grabbed my flashlight and flickered it at them to see if they’d react…			needs-review	resources.assets:path_id=158:m_Script[ghostlyfigures_flash_good].text[2]	type=TextAsset; name=journals; dump=resources.assets/TextAsset/158__journals.txt	ghostlyfigures_flash_good | A shiver ran down my spine. Was it a lucid nightmare? Did I actually see… ghosts?<br>I ... | A shiver ran down my spine. Was it a lucid nightmare? Did I actually see… ghosts? || Then they were gone. This place is starting to wear down my mind… | Haunted? | 226	add/update source-text entry in translations/source_queue.tsv	medium: needs narrative context and speaker/event validation	TextAsset payload/string-table cell
3	resources.assets:158	event	I grabbed my flashlight and flickered it at them to see if they’d react…			needs-review	resources.assets:path_id=158:m_Script[ghostlyfigures_flash_bad].text[2]	type=TextAsset; name=journals; dump=resources.assets/TextAsset/158__journals.txt	ghostlyfigures_flash_bad | A shiver ran down my spine. Was it a lucid nightmare? Did I actually see… ghosts?<br>I ... | A shiver ran down my spine. Was it a lucid nightmare? Did I actually see… ghosts? || By morning, I woke up drenched in sweat. This place is starting to wear down my mind… | Haunted | 246	add/update source-text entry in translations/source_queue.tsv	medium: needs narrative context and speaker/event validation	TextAsset payload/string-table cell
3	resources.assets:158	event	I grabbed the nearest object and started swinging it around like a maniac. I've been through enough already… I won't let some fish-troll-like creature steal from me.			needs-review	resources.assets:path_id=158:m_Script[snatcher_telescope].text[2]	type=TextAsset; name=journals; dump=resources.assets/TextAsset/158__journals.txt	snatcher_telescope | A small rascal found its way onto my boat and was looking through my supplies.<br>I gra... | A small rascal found its way onto my boat and was looking through my supplies. || Snatcher | 247 | snatcher_hookgun	add/update source-text entry in translations/source_queue.tsv	medium: needs narrative context and speaker/event validation	TextAsset payload/string-table cell
3	resources.assets:158	event	I had a swim ring lying around, so I put it on, just to rest assured I wouldn’t wake up in salty water.			needs-review	resources.assets:path_id=158:m_Script[bigwaves_swimbelt].text[2]	type=TextAsset; name=journals; dump=resources.assets/TextAsset/158__journals.txt	bigwaves_swimbelt | Last night was nauseating, to say the least. Had I slept an hour longer, I might have e... | Last night was nauseating, to say the least. Had I slept an hour longer, I might have e... || Restless Waves | 217 | bigwaves_badsleep	add/update source-text entry in translations/source_queue.tsv	medium: needs narrative context and speaker/event validation	TextAsset payload/string-table cell
3	resources.assets:158	event	I had to decide between placing my supplies at the bottom of the boat or taking that spot for myself so I could get some restful sleep without the wind blowing into my face.			needs-review	resources.assets:path_id=158:m_Script[windy_sleep].text[2]	type=TextAsset; name=journals; dump=resources.assets/TextAsset/158__journals.txt	windy_sleep | The wind blew strongly, not letting me rest…<br>I had to decide between placing my supp... | The wind blew strongly, not letting me rest… || Breeze | 221 | snatcher_sleep	add/update source-text entry in translations/source_queue.tsv	medium: needs narrative context and speaker/event validation	TextAsset payload/string-table cell
3	resources.assets:158	event	I had to pull an all-nighter. The sea had eyes. I was locked in a staring contest with it.			needs-review	resources.assets:path_id=158:m_Script[seawatcher_kept_awake].text[1]	type=TextAsset; name=journals; dump=resources.assets/TextAsset/158__journals.txt	175 | seawatcher_kept_awake | I had to pull an all-nighter. The sea had eyes. I was locked in a staring contest with ... || One eye lingered on my friend, hunger in its gaze. I was not its target… | By dawn, I woke up exhausted but relieved, as it left without harm. | Must Stay Awake	add/update source-text entry in translations/source_queue.tsv	medium: needs narrative context and speaker/event validation	TextAsset payload/string-table cell
3	resources.assets:158	event	I had to take a closer look, so I used my telescope. Sadly, it seems that they did not see me, as if I were invisible in the dark waters of the night…			needs-review	resources.assets:path_id=158:m_Script[boat_distance_telescope].text[2]	type=TextAsset; name=journals; dump=resources.assets/TextAsset/158__journals.txt	boat_distance_telescope | I think I just saw other people! And it was a huge ship, too!<br>I had to take a closer... | I think I just saw other people! And it was a huge ship, too! || Other People?! | 215 | boat_distance_flaregun	add/update source-text entry in translations/source_queue.tsv	medium: needs narrative context and speaker/event validation	TextAsset payload/string-table cell
3	resources.assets:158	event	I hate getting my socks wet as it is, and now I just had to wake up with all my clothes cold and drenched. I’m not a heavy sleeper either, so something had to help me drift off.			needs-review	resources.assets:path_id=158:m_Script[rain_map].text[1]	type=TextAsset; name=journals; dump=resources.assets/TextAsset/158__journals.txt	225 | rain_map | I hate getting my socks wet as it is, and now I just had to wake up with all my clothes... || The map which proved to be useless, held up just long enough… until I woke up with piec... | Shower Night | 295	add/update source-text entry in translations/source_queue.tsv	medium: needs narrative context and speaker/event validation	TextAsset payload/string-table cell
3	resources.assets:158	event	I have no recollection of bringing it with me, and I can hardly believe one could just drift out here in the middle of nowhere…			needs-review	resources.assets:path_id=158:m_Script[weirdflowers_gotone].text[2]	type=TextAsset; name=journals; dump=resources.assets/TextAsset/158__journals.txt	weirdflowers_gotone | This morning I found a small lily pad in my boat.<br>I have no recollection of bringing... | This morning I found a small lily pad in my boat. || Petals | 180 | weirdflowers_sleep	add/update source-text entry in translations/source_queue.tsv	medium: needs narrative context and speaker/event validation	TextAsset payload/string-table cell
3	resources.assets:158	event	I heard a loud noise yesterday. Propellers spinning, lamps sweeping across the sea. Was this the night I would be rescued?			needs-review	resources.assets:path_id=158:m_Script[helicopter_sleep].text[1]	type=TextAsset; name=journals; dump=resources.assets/TextAsset/158__journals.txt	240 | helicopter_sleep | I heard a loud noise yesterday. Propellers spinning, lamps sweeping across the sea. Was... || The fact that I’m still writing in this journal should be an answer good enough. | I slept the rest of the night knowing the only thing that can save me now… is myself. | On My Own	add/update source-text entry in translations/source_queue.tsv	medium: needs narrative context and speaker/event validation	TextAsset payload/string-table cell
3	resources.assets:158	event	I hid behind my umbrella and prayed… Everything went blank after that. I woke up with tears all over my body, and some of my toes missing.			needs-review	resources.assets:path_id=158:m_Script[monsterfish_umbrella_bad].text[3]	type=TextAsset; name=journals; dump=resources.assets/TextAsset/158__journals.txt	My surroundings went dead silent as it stared into my eyes with its hollow gaze.<br>I f... | My surroundings went dead silent as it stared into my eyes with its hollow gaze. | I felt hopeless. I couldn’t look into those dark holes any longer. || Death Stare | 292 | chest_got	add/update source-text entry in translations/source_queue.tsv	medium: needs narrative context and speaker/event validation	TextAsset payload/string-table cell
3	resources.assets:158	event	I hid behind my umbrella, hoping it didn’t have object permanence. I was relieved when I saw no trace of it after peeking again.			needs-review	resources.assets:path_id=158:m_Script[monsterfish_umbrella_good].text[3]	type=TextAsset; name=journals; dump=resources.assets/TextAsset/158__journals.txt	My surroundings went dead silent as it stared into my eyes with its hollow gaze.<br>I f... | My surroundings went dead silent as it stared into my eyes with its hollow gaze. | I felt hopeless. I couldn’t look into those dark holes any longer. || Death Stare | 282 | monsterfish_umbrella_bad	add/update source-text entry in translations/source_queue.tsv	medium: needs narrative context and speaker/event validation	TextAsset payload/string-table cell
3	resources.assets:158	event	I hope I made the right decision by continuing.			needs-review	resources.assets:path_id=158:m_Script[foundland_skipped].text[1]	type=TextAsset; name=journals; dump=resources.assets/TextAsset/158__journals.txt	190 | foundland_skipped | I hope I made the right decision by continuing.<br>I can’t stop now. || I can’t stop now. | Trust | 68	add/update source-text entry in translations/source_queue.tsv	medium: needs narrative context and speaker/event validation	TextAsset payload/string-table cell
3	resources.assets:158	event	I ignored it and pretended to be asleep until I truly dozed off.			needs-review	resources.assets:path_id=158:m_Script[friendevil_slept_good].text[3]	type=TextAsset; name=journals; dump=resources.assets/TextAsset/158__journals.txt	My shipmate woke last night, but something felt wrong. Maybe I was just drowsy, but tha... | My shipmate woke last night, but something felt wrong. Maybe I was just drowsy, but tha... | I just didn’t trust it. || My mate does not recall being awake that night… | Trust Issues | 251	add/update source-text entry in translations/source_queue.tsv	medium: needs narrative context and speaker/event validation	TextAsset payload/string-table cell
3	resources.assets:158	event	I just carried a heavy box all this way for feathers and droppings.			needs-review	resources.assets:path_id=158:m_Script[chestattack_seagull].text[2]	type=TextAsset; name=journals; dump=resources.assets/TextAsset/158__journals.txt	chestattack_seagull | As it turns out, the chest I dragged aboard had a hole in it… and a seagull living rent... | As it turns out, the chest I dragged aboard had a hole in it… and a seagull living rent... || Surprise! | 171 | chestattack_attack	add/update source-text entry in translations/source_queue.tsv	medium: needs narrative context and speaker/event validation	TextAsset payload/string-table cell
3	resources.assets:158	event	I just didn’t trust it.			needs-review	resources.assets:path_id=158:m_Script[friendevil_slept_good].text[2]	type=TextAsset; name=journals; dump=resources.assets/TextAsset/158__journals.txt	friendevil_slept_good | My shipmate woke last night, but something felt wrong. Maybe I was just drowsy, but tha... | My shipmate woke last night, but something felt wrong. Maybe I was just drowsy, but tha... || I ignored it and pretended to be asleep until I truly dozed off. | My mate does not recall being awake that night… | Trust Issues	add/update source-text entry in translations/source_queue.tsv	medium: needs narrative context and speaker/event validation	TextAsset payload/string-table cell
3	resources.assets:158	event	I kept switching between a few minutes of sleep and watching the moonlight dance on the waves all through the night.			needs-review	resources.assets:path_id=158:m_Script[sleptunwell_trysleep].text[2]	type=TextAsset; name=journals; dump=resources.assets/TextAsset/158__journals.txt	sleptunwell_trysleep | I don’t know if it was the constant swaying or if I’m already going nuts, but I couldn’... | I don’t know if it was the constant swaying or if I’m already going nuts, but I couldn’... || Restless | 233 | weirdflowers_gotone	add/update source-text entry in translations/source_queue.tsv	medium: needs narrative context and speaker/event validation	TextAsset payload/string-table cell
3	resources.assets:158	event	I knew I had only seconds to act. Soon after, it was staring down the barrel of my harpoon gun, and one precise shot made it flee from the boat.			needs-review	resources.assets:path_id=158:m_Script[monsterfish_hookgun].text[2]	type=TextAsset; name=journals; dump=resources.assets/TextAsset/158__journals.txt	monsterfish_hookgun | My surroundings went dead silent as it stared into my eyes with its hollow gaze.<br>I k... | My surroundings went dead silent as it stared into my eyes with its hollow gaze. || May it never find me again, especially without ammunition. | Death Stare | 290	add/update source-text entry in translations/source_queue.tsv	medium: needs narrative context and speaker/event validation	TextAsset payload/string-table cell
3	resources.assets:158	event	I knew it wanted to feast. I tried feeding it my leftovers, desperate to distract it.			needs-review	resources.assets:path_id=158:m_Script[monsterfish_food_bad].text[2]	type=TextAsset; name=journals; dump=resources.assets/TextAsset/158__journals.txt	monsterfish_food_bad | My surroundings went dead silent as it stared into my eyes with its hollow gaze.<br>I k... | My surroundings went dead silent as it stared into my eyes with its hollow gaze. || Everything went blank after that. I woke up with teeth marks all over my lower body… an... | Death Feeding | 302	add/update source-text entry in translations/source_queue.tsv	medium: needs narrative context and speaker/event validation	TextAsset payload/string-table cell
3	resources.assets:158	event	I knew it wanted to feast. With a shaking hand, I picked up some cans from my boat and tried offering fish to it.			needs-review	resources.assets:path_id=158:m_Script[monsterfish_food_good].text[2]	type=TextAsset; name=journals; dump=resources.assets/TextAsset/158__journals.txt	monsterfish_food_good | My surroundings went dead silent as it stared into my eyes with its hollow gaze.<br>I k... | My surroundings went dead silent as it stared into my eyes with its hollow gaze. || If I hadn’t done that, I’d probably have become its supper. | Feeding Death | 260	add/update source-text entry in translations/source_queue.tsv	medium: needs narrative context and speaker/event validation	TextAsset payload/string-table cell
3	resources.assets:158	event	I know this was some sort of illusion, but it felt so real…			needs-review	resources.assets:path_id=158:m_Script[friendevil_tried_help].text[2]	type=TextAsset; name=journals; dump=resources.assets/TextAsset/158__journals.txt	friendevil_tried_help | At night, I can’t trust anything anymore. Not even my friend, who I’ve sailed with for ... | At night, I can’t trust anything anymore. Not even my friend, who I’ve sailed with for ... || Now I’m paranoid. I’m too afraid to even help others anymore… | Doing so would risk my own life. | Swindler	add/update source-text entry in translations/source_queue.tsv	medium: needs narrative context and speaker/event validation	TextAsset payload/string-table cell
3	resources.assets:158	event	I know this was some sort of illusion, but it felt so real…			needs-review	resources.assets:path_id=158:m_Script[friendevil_slept_attack].text[2]	type=TextAsset; name=journals; dump=resources.assets/TextAsset/158__journals.txt	friendevil_slept_attack | At night, I can’t trust anything anymore. Not even my friend, who I’ve sailed with for ... | At night, I can’t trust anything anymore. Not even my friend, who I’ve sailed with for ... || Now I’m paranoid. If I were the only one here… would that thing take my form instead? | Swindler | 245	add/update source-text entry in translations/source_queue.tsv	medium: needs narrative context and speaker/event validation	TextAsset payload/string-table cell
3	resources.assets:158	event	I left it empty-handed. I value my supplies more than whatever the ocean would likely offer in return.			needs-review	resources.assets:path_id=158:m_Script[handyman_sleep].text[2]	type=TextAsset; name=journals; dump=resources.assets/TextAsset/158__journals.txt	handyman_sleep | A hand emerged from the sea, its open palm facing me. It looked as though it was asking... | A hand emerged from the sea, its open palm facing me. It looked as though it was asking... || Handyman | 234 | handyman_touch	add/update source-text entry in translations/source_queue.tsv	medium: needs narrative context and speaker/event validation	TextAsset payload/string-table cell
3	resources.assets:158	event	I managed to keep myself dry with an umbrella, but it suffered a few tears from the strong winds that came with the storm.			needs-review	resources.assets:path_id=158:m_Script[rainstorm_umbrella_lost].text[2]	type=TextAsset; name=journals; dump=resources.assets/TextAsset/158__journals.txt	rainstorm_umbrella_lost | I was jolted awake by the sound of thunder that followed the flashing lights of the sto... | I was jolted awake by the sound of thunder that followed the flashing lights of the sto... || Roaring Clouds | 242 | rainstorm_anchor	add/update source-text entry in translations/source_queue.tsv	medium: needs narrative context and speaker/event validation	TextAsset payload/string-table cell
3	resources.assets:158	event	I managed to keep myself dry with an umbrella, though it may not have been the best idea to use one during a storm in the middle of the ocean.			needs-review	resources.assets:path_id=158:m_Script[rainstorm_umbrella].text[2]	type=TextAsset; name=journals; dump=resources.assets/TextAsset/158__journals.txt	rainstorm_umbrella | I was jolted awake by the sound of thunder that followed the flashing lights of the sto... | I was jolted awake by the sound of thunder that followed the flashing lights of the sto... || Roaring Clouds | 262 | rainstorm_umbrella_lost	add/update source-text entry in translations/source_queue.tsv	medium: needs narrative context and speaker/event validation	TextAsset payload/string-table cell
3	resources.assets:158	event	I need to reach land as fast as possible. I don’t want to add my blood to the sea.			needs-review	resources.assets:path_id=158:m_Script[bloodwater_sleep].text[3]	type=TextAsset; name=journals; dump=resources.assets/TextAsset/158__journals.txt	The air smelled putrid, and when I looked around… the sea was red. Deep red. Like, actu... | The air smelled putrid, and when I looked around… the sea was red. Deep red. Like, actu... | Were the lights playing tricks on me? Did I stumble upon an undersea massacre? || Red | 268 | bloodwater_scuba_attack	add/update source-text entry in translations/source_queue.tsv	medium: needs narrative context and speaker/event validation	TextAsset payload/string-table cell
3	resources.assets:158	event	I opened my umbrella to block some of the light from my eyelids and managed to get a few more hours of rest.			needs-review	resources.assets:path_id=158:m_Script[sleptunwell_umbrella].text[2]	type=TextAsset; name=journals; dump=resources.assets/TextAsset/158__journals.txt	sleptunwell_umbrella | I don’t know if it was the constant swaying or the brightness of the moon, but I couldn... | I don’t know if it was the constant swaying or the brightness of the moon, but I couldn... || Comfy Enough | 220 | sleptunwell_trysleep	add/update source-text entry in translations/source_queue.tsv	medium: needs narrative context and speaker/event validation	TextAsset payload/string-table cell
3	resources.assets:158	event	I pulled it onboard. Human remains… Old, just bones now.			needs-review	resources.assets:path_id=158:m_Script[skeleton_found].text[2]	type=TextAsset; name=journals; dump=resources.assets/TextAsset/158__journals.txt	skeleton_found | Something struck the side of the boat, waking me up.<br>I pulled it onboard. Human rema... | Something struck the side of the boat, waking me up. || But the hat was still intact, and stitched inside it was a name: “Damien.” | Mirror | 190	add/update source-text entry in translations/source_queue.tsv	medium: needs narrative context and speaker/event validation	TextAsset payload/string-table cell
3	resources.assets:158	event	I quickly discovered why it had remained unopened for so long… What even is this place?			needs-review	resources.assets:path_id=158:m_Script[chest_attacked_me].text[3]	type=TextAsset; name=journals; dump=resources.assets/TextAsset/158__journals.txt	This ocean sure amasses a lot of weird things.<br>Last night I found a chest practicall... | This ocean sure amasses a lot of weird things. | Last night I found a chest practically begging to be discovered by treasure hunters. || Beware the Crates | 225 | smallmonsterfish_net	add/update source-text entry in translations/source_queue.tsv	medium: needs narrative context and speaker/event validation	TextAsset payload/string-table cell
3	resources.assets:158	event	I remember something cold touching my shoulders. I’m never sleeping in the fog again.			needs-review	resources.assets:path_id=158:m_Script[thefog_tryseeing_lost].text[3]	type=TextAsset; name=journals; dump=resources.assets/TextAsset/158__journals.txt	I could barely see the end of my own boat.<br>I spent so much time staring into the fog... | I could barely see the end of my own boat. | I spent so much time staring into the fog, trying to understand where I was, that I may... || The Man in the Fog | 257 | vortex_anchor	add/update source-text entry in translations/source_queue.tsv	medium: needs narrative context and speaker/event validation	TextAsset payload/string-table cell
3	resources.assets:158	event	I saw someone stranded on a rock in the distance. Before I could even question it, I started hearing this weirdly calming, serene melody.			needs-review	resources.assets:path_id=158:m_Script[siren_telescope].text[1]	type=TextAsset; name=journals; dump=resources.assets/TextAsset/158__journals.txt	291 | siren_telescope | I saw someone stranded on a rock in the distance. Before I could even question it, I st... || Trying to get closer, however, silenced the singing. | I woke up with bleeding ears and half my body hanging out of the boat. I scrambled back... | Dirge	add/update source-text entry in translations/source_queue.tsv	medium: needs narrative context and speaker/event validation	TextAsset payload/string-table cell
3	resources.assets:158	event	I saw someone stranded on a rock in the distance. Before I could even question it, I started hearing this weirdly calming, serene melody.			needs-review	resources.assets:path_id=158:m_Script[siren_gotaway].text[1]	type=TextAsset; name=journals; dump=resources.assets/TextAsset/158__journals.txt	307 | siren_gotaway | I saw someone stranded on a rock in the distance. Before I could even question it, I st... || Something this comforting had to be a trap, I thought. I refused to listen. By morning,... | Maybe it thought I disliked its song. | Eeire Melody	add/update source-text entry in translations/source_queue.tsv	medium: needs narrative context and speaker/event validation	TextAsset payload/string-table cell
3	resources.assets:158	event	I saw someone stranded on a rock in the distance. Before I could even question it, I started hearing this weirdly calming, serene melody.			needs-review	resources.assets:path_id=158:m_Script[siren_slept].text[1]	type=TextAsset; name=journals; dump=resources.assets/TextAsset/158__journals.txt	282 | siren_slept | I saw someone stranded on a rock in the distance. Before I could even question it, I st... || I wanted to inch closer, but in the end, I kept my distance, falling asleep peacefully ... | Eeire Melody | 248	add/update source-text entry in translations/source_queue.tsv	medium: needs narrative context and speaker/event validation	TextAsset payload/string-table cell
3	resources.assets:158	event	I saw someone stranded on a rock in the distance. Before I could even question it, I started hearing this weirdly calming, serene melody.			needs-review	resources.assets:path_id=158:m_Script[siren_slept_attack].text[1]	type=TextAsset; name=journals; dump=resources.assets/TextAsset/158__journals.txt	248 | siren_slept_attack | I saw someone stranded on a rock in the distance. Before I could even question it, I st... || Knowing I shouldn’t approach, I went to sleep instead. But that thing sure as hell drew... | Dirge | 287	add/update source-text entry in translations/source_queue.tsv	medium: needs narrative context and speaker/event validation	TextAsset payload/string-table cell
3	resources.assets:158	event	I saw through the illusion, but it sounded near perfect.			needs-review	resources.assets:path_id=158:m_Script[friendevil_flashlight].text[2]	type=TextAsset; name=journals; dump=resources.assets/TextAsset/158__journals.txt	friendevil_flashlight | At night, I can’t trust anything anymore. Not even my friend, who I’ve sailed with for ... | At night, I can’t trust anything anymore. Not even my friend, who I’ve sailed with for ... || Now I’m getting paranoid. I’m too afraid to even help others anymore… | Doing so would risk my own life. | Swindler	add/update source-text entry in translations/source_queue.tsv	medium: needs narrative context and speaker/event validation	TextAsset payload/string-table cell
3	resources.assets:158	event	I secured it for the night, I want no more surprises. Maybe I’ll just wait until whatever’s inside dies before I open it.			needs-review	resources.assets:path_id=158:m_Script[chestattack_net].text[2]	type=TextAsset; name=journals; dump=resources.assets/TextAsset/158__journals.txt	chestattack_net | I fear that the chest I found has something alive inside it. The sounds reminded me of ... | I fear that the chest I found has something alive inside it. The sounds reminded me of ... || Better Safe than Sorry | 228 | chestattack_sleep	add/update source-text entry in translations/source_queue.tsv	medium: needs narrative context and speaker/event validation	TextAsset payload/string-table cell
3	resources.assets:158	event	I should have thought of it earlier, but the swim ring is actually pretty comfortable to rest my head on. It solved my sleeping problems for the night.			needs-review	resources.assets:path_id=158:m_Script[sleptunwell_swimbelt].text[2]	type=TextAsset; name=journals; dump=resources.assets/TextAsset/158__journals.txt	sleptunwell_swimbelt | I don’t know if it was the constant swaying or the hard plank under my head, but I coul... | I don’t know if it was the constant swaying or the hard plank under my head, but I coul... || Comfy Enough | 265 | sleptunwell_bucket	add/update source-text entry in translations/source_queue.tsv	medium: needs narrative context and speaker/event validation	TextAsset payload/string-table cell
3	resources.assets:158	event	I shut my eyes tight to keep my mind from spiraling, in case it was sleep paralysis.			needs-review	resources.assets:path_id=158:m_Script[ghostlyfigures_sleep_good].text[2]	type=TextAsset; name=journals; dump=resources.assets/TextAsset/158__journals.txt	ghostlyfigures_sleep_good | A shiver ran down my spine. Was it a lucid nightmare? Did I actually see… ghosts?<br>I ... | A shiver ran down my spine. Was it a lucid nightmare? Did I actually see… ghosts? || Then I fell asleep… | Haunted? | 192	add/update source-text entry in translations/source_queue.tsv	medium: needs narrative context and speaker/event validation	TextAsset payload/string-table cell
3	resources.assets:158	event	I shut my eyes tight to keep my mind from spiraling, in case it was sleep paralysis.			needs-review	resources.assets:path_id=158:m_Script[ghostlyfigures_sleep_bad].text[2]	type=TextAsset; name=journals; dump=resources.assets/TextAsset/158__journals.txt	ghostlyfigures_sleep_bad | A shiver ran down my spine. Was it a lucid nightmare? Did I actually see… ghosts?<br>I ... | A shiver ran down my spine. Was it a lucid nightmare? Did I actually see… ghosts? || It did not help… | Haunted | 189	add/update source-text entry in translations/source_queue.tsv	medium: needs narrative context and speaker/event validation	TextAsset payload/string-table cell
3	resources.assets:158	event	I slept the rest of the night knowing the only thing that can save me now… is myself.			needs-review	resources.assets:path_id=158:m_Script[helicopter_sleep].text[3]	type=TextAsset; name=journals; dump=resources.assets/TextAsset/158__journals.txt	I heard a loud noise yesterday. Propellers spinning, lamps sweeping across the sea. Was... | I heard a loud noise yesterday. Propellers spinning, lamps sweeping across the sea. Was... | The fact that I’m still writing in this journal should be an answer good enough. || On My Own | 295 | skeleton_skipped	add/update source-text entry in translations/source_queue.tsv	medium: needs narrative context and speaker/event validation	TextAsset payload/string-table cell
3	resources.assets:158	event	I slowly reached for my net to catch it, but I should have been quicker. That pesky little thing got away with something that wasn't theirs to begin with.			needs-review	resources.assets:path_id=158:m_Script[snatcher_net].text[2]	type=TextAsset; name=journals; dump=resources.assets/TextAsset/158__journals.txt	snatcher_net | A small rascal found its way onto my boat and started rummaging through my supplies.<br... | A small rascal found its way onto my boat and started rummaging through my supplies. || Snatcher | 242 | snatcher_telescope	add/update source-text entry in translations/source_queue.tsv	medium: needs narrative context and speaker/event validation	TextAsset payload/string-table cell
3	resources.assets:158	event	I spent so much time staring into the fog, trying to understand where I was, that I may have started seeing figures in it.			needs-review	resources.assets:path_id=158:m_Script[thefog_tryseeing].text[2]	type=TextAsset; name=journals; dump=resources.assets/TextAsset/158__journals.txt	thefog_tryseeing | I could barely see the end of my own boat.<br>I spent so much time staring into the fog... | I could barely see the end of my own boat. || I think I saw a person… without a head. | The Man in the Fog | 211	add/update source-text entry in translations/source_queue.tsv	medium: needs narrative context and speaker/event validation	TextAsset payload/string-table cell
3	resources.assets:158	event	I spent so much time staring into the fog, trying to understand where I was, that I may have started seeing figures in it.			needs-review	resources.assets:path_id=158:m_Script[thefog_tryseeing_lost].text[2]	type=TextAsset; name=journals; dump=resources.assets/TextAsset/158__journals.txt	thefog_tryseeing_lost | I could barely see the end of my own boat.<br>I spent so much time staring into the fog... | I could barely see the end of my own boat. || I remember something cold touching my shoulders. I’m never sleeping in the fog again. | The Man in the Fog | 257	add/update source-text entry in translations/source_queue.tsv	medium: needs narrative context and speaker/event validation	TextAsset payload/string-table cell
3	resources.assets:158	event	I started counting them like sheep, then I fell asleep. Maybe I could have caught at least one to eat… I also hoped it could taste like lamb.			needs-review	resources.assets:path_id=158:m_Script[fishsquad_sleep].text[2]	type=TextAsset; name=journals; dump=resources.assets/TextAsset/158__journals.txt	fishsquad_sleep | I was already half-asleep when a group of fish swam very close to the boat.<br>I starte... | I was already half-asleep when a group of fish swam very close to the boat. || Dreaming Fishing | 220 | ghostlyfigures_flaregun	add/update source-text entry in translations/source_queue.tsv	medium: needs narrative context and speaker/event validation	TextAsset payload/string-table cell
3	resources.assets:158	event	I stayed awake with a swim ring on for safety until the boat finally stopped swaying and drifted far enough from the vortex.			needs-review	resources.assets:path_id=158:m_Script[vortex_swimbelt].text[2]	type=TextAsset; name=journals; dump=resources.assets/TextAsset/158__journals.txt	vortex_swimbelt | If I hadn’t woken up, the whirlpool near the boat would’ve dragged me under, flushed do... | If I hadn’t woken up, the whirlpool near the boat would’ve dragged me under, flushed do... || Whirlpool | 229 | vortex_sleep_good	add/update source-text entry in translations/source_queue.tsv	medium: needs narrative context and speaker/event validation	TextAsset payload/string-table cell
3	resources.assets:158	event	I struggled to sleep as every droplet hit my face through the night.			needs-review	resources.assets:path_id=158:m_Script[rain_sleep_bad].text[3]	type=TextAsset; name=journals; dump=resources.assets/TextAsset/158__journals.txt	Rain can be calming, even when things aren’t great.<br>Of course, normally I’d hear it ... | Rain can be calming, even when things aren’t great. | Of course, normally I’d hear it from inside, dry and safe, not in a wooden boat, soaked... || Shower Night | 259 | rainstorm_umbrella	add/update source-text entry in translations/source_queue.tsv	medium: needs narrative context and speaker/event validation	TextAsset payload/string-table cell
3	resources.assets:158	event	I swear this place gets weirder by the day…			needs-review	resources.assets:path_id=158:m_Script[ghostlyfigures_flaregun].text[3]	type=TextAsset; name=journals; dump=resources.assets/TextAsset/158__journals.txt	A shiver ran down my spine. Was it a lucid nightmare? Did I actually see… ghosts?<br>I ... | A shiver ran down my spine. Was it a lucid nightmare? Did I actually see… ghosts? | I wasted my flare out of hesitation, but it seemed to clear the air around me. || Haunted? | 210 | ghostlyfigures_flash_good	add/update source-text entry in translations/source_queue.tsv	medium: needs narrative context and speaker/event validation	TextAsset payload/string-table cell
3	resources.assets:158	event	I think I just saw other people! And it was a huge ship, too!			needs-review	resources.assets:path_id=158:m_Script[boat_distance_telescope].text[1]	type=TextAsset; name=journals; dump=resources.assets/TextAsset/158__journals.txt	178 | boat_distance_telescope | I think I just saw other people! And it was a huge ship, too!<br>I had to take a closer... || I had to take a closer look, so I used my telescope. Sadly, it seems that they did not ... | Other People?! | 215	add/update source-text entry in translations/source_queue.tsv	medium: needs narrative context and speaker/event validation	TextAsset payload/string-table cell
3	resources.assets:158	event	I think I just saw other people! And it was a huge ship, too!			needs-review	resources.assets:path_id=158:m_Script[boat_distance_flaregun].text[1]	type=TextAsset; name=journals; dump=resources.assets/TextAsset/158__journals.txt	215 | boat_distance_flaregun | I think I just saw other people! And it was a huge ship, too!<br>I fired my only flare ... || I fired my only flare in their direction, hoping to finally be saved. They didn’t so mu... | Other People?! | 226	add/update source-text entry in translations/source_queue.tsv	medium: needs narrative context and speaker/event validation	TextAsset payload/string-table cell
3	resources.assets:158	event	I think I just saw other people! And it was a huge ship, too!			needs-review	resources.assets:path_id=158:m_Script[boat_distance_flashlight].text[1]	type=TextAsset; name=journals; dump=resources.assets/TextAsset/158__journals.txt	226 | boat_distance_flashlight | I think I just saw other people! And it was a huge ship, too!<br>I flickered my flashli... || I flickered my flashlight as hard as I could, hoping to be seen… but they didn’t notice... | Other People?! | 254	add/update source-text entry in translations/source_queue.tsv	medium: needs narrative context and speaker/event validation	TextAsset payload/string-table cell
3	resources.assets:158	event	I think I just saw other people! And it was a huge ship, too!			needs-review	resources.assets:path_id=158:m_Script[boat_distance_sleep].text[1]	type=TextAsset; name=journals; dump=resources.assets/TextAsset/158__journals.txt	254 | boat_distance_sleep | I think I just saw other people! And it was a huge ship, too!<br>All I could do was wat... || All I could do was watch them pass far away. I had no real way to get their attention, ... | Other People?! | 197	add/update source-text entry in translations/source_queue.tsv	medium: needs narrative context and speaker/event validation	TextAsset payload/string-table cell
3	resources.assets:158	event	I think I lost part of my ear.			needs-review	resources.assets:path_id=158:m_Script[smallmonsterfish_lampattack].text[4]	type=TextAsset; name=journals; dump=resources.assets/TextAsset/158__journals.txt	Loads of small, glowing eyes filled the waters. | I tried using my flashlight, pretending to be one of them. | They didn’t appreciate my disguise. The last thing I remember was the blinding light of... || Blinding Wounds | 246 | smallmonsterfish_bait	add/update source-text entry in translations/source_queue.tsv	medium: needs narrative context and speaker/event validation	TextAsset payload/string-table cell
3	resources.assets:158	event	I think I lost part of my ear.			needs-review	resources.assets:path_id=158:m_Script[smallmonsterfish_sleep_lose].text[3]	type=TextAsset; name=journals; dump=resources.assets/TextAsset/158__journals.txt	Loads of white, glowing dots filled the sea… watching. The fish were far bigger and muc... | Loads of white, glowing dots filled the sea… watching. The fish were far bigger and muc... | I tried ignoring them, but they had other plans. The last thing I remember was the blin... || Blinding Wounds | 289 | thefog_tryseeing	add/update source-text entry in translations/source_queue.tsv	medium: needs narrative context and speaker/event validation	TextAsset payload/string-table cell
3	resources.assets:158	event	I think I saw a person… without a head.			needs-review	resources.assets:path_id=158:m_Script[thefog_tryseeing].text[3]	type=TextAsset; name=journals; dump=resources.assets/TextAsset/158__journals.txt	I could barely see the end of my own boat.<br>I spent so much time staring into the fog... | I could barely see the end of my own boat. | I spent so much time staring into the fog, trying to understand where I was, that I may... || The Man in the Fog | 211 | thefog_tryseeing_lost	add/update source-text entry in translations/source_queue.tsv	medium: needs narrative context and speaker/event validation	TextAsset payload/string-table cell
3	resources.assets:158	event	I thought a fishnet would either distract it or win me a record in fishing.			needs-review	resources.assets:path_id=158:m_Script[monsterfish_net_bad].text[2]	type=TextAsset; name=journals; dump=resources.assets/TextAsset/158__journals.txt	monsterfish_net_bad | My surroundings went dead silent as it stared into my eyes with its hollow gaze.<br>I t... | My surroundings went dead silent as it stared into my eyes with its hollow gaze. || But everything went blank after the throw. I woke up with only half my toes intact and ... | Death Stare | 286	add/update source-text entry in translations/source_queue.tsv	medium: needs narrative context and speaker/event validation	TextAsset payload/string-table cell
3	resources.assets:158	event	I thought I was still asleep, so I didn’t give it much thought and went back to sleep.			needs-review	resources.assets:path_id=158:m_Script[snatcher_sleep].text[1]	type=TextAsset; name=journals; dump=resources.assets/TextAsset/158__journals.txt	221 | snatcher_sleep | I thought I was still asleep, so I didn’t give it much thought and went back to sleep.<... || Turns out that little rascal was not a figment of my imagination, but some kind of fish... | Snatcher | 245	add/update source-text entry in translations/source_queue.tsv	medium: needs narrative context and speaker/event validation	TextAsset payload/string-table cell
3	resources.assets:158	event	I tried ignoring them, but they had other plans. The last thing I remember was the blinding light of their eyes.			needs-review	resources.assets:path_id=158:m_Script[smallmonsterfish_sleep_lose].text[2]	type=TextAsset; name=journals; dump=resources.assets/TextAsset/158__journals.txt	smallmonsterfish_sleep_lose | Loads of white, glowing dots filled the sea… watching. The fish were far bigger and muc... | Loads of white, glowing dots filled the sea… watching. The fish were far bigger and muc... || I think I lost part of my ear. | Blinding Wounds | 289	add/update source-text entry in translations/source_queue.tsv	medium: needs narrative context and speaker/event validation	TextAsset payload/string-table cell
3	resources.assets:158	event	I tried to distract the nearest one with a swim ring, but in seconds a loud splash came, followed by that thing grabbing my leg with its… hands?			needs-review	resources.assets:path_id=158:m_Script[sharkmen_swimbelt_attack].text[2]	type=TextAsset; name=journals; dump=resources.assets/TextAsset/158__journals.txt	sharkmen_swimbelt_attack | Fins emerged from the water, roaming alarmingly close.<br>I tried to distract the neare... | Fins emerged from the water, roaming alarmingly close. || I’ve lost part of my calf. Luckily, I don’t need to walk for a while… | Arms and Fingers | 275	add/update source-text entry in translations/source_queue.tsv	medium: needs narrative context and speaker/event validation	TextAsset payload/string-table cell
3	resources.assets:158	event	I tried using my flashlight, pretending to be one of them.			needs-review	resources.assets:path_id=158:m_Script[smallmonsterfish_lampattack].text[2]	type=TextAsset; name=journals; dump=resources.assets/TextAsset/158__journals.txt	smallmonsterfish_lampattack | Loads of small, glowing eyes filled the waters.<br>I tried using my flashlight, pretend... | Loads of small, glowing eyes filled the waters. || They didn’t appreciate my disguise. The last thing I remember was the blinding light of... | I think I lost part of my ear. | Blinding Wounds	add/update source-text entry in translations/source_queue.tsv	medium: needs narrative context and speaker/event validation	TextAsset payload/string-table cell
3	resources.assets:158	event	I trusted the dangerous waters more than the empty horizon…			needs-review	resources.assets:path_id=158:m_Script[needsdirection_right].text[3]	type=TextAsset; name=journals; dump=resources.assets/TextAsset/158__journals.txt	The boat arrived at a fork in the waterway. I had hoped I could simply keep rowing forw... | The boat arrived at a fork in the waterway. I had hoped I could simply keep rowing forw... | I turned right. || Choices… | 213 | needsdirection_break	add/update source-text entry in translations/source_queue.tsv	medium: needs narrative context and speaker/event validation	TextAsset payload/string-table cell
3	resources.assets:158	event	I turned left.			needs-review	resources.assets:path_id=158:m_Script[needsdirection_left].text[2]	type=TextAsset; name=journals; dump=resources.assets/TextAsset/158__journals.txt	needsdirection_left | The boat arrived at a fork in the waterway. I had hoped I could simply keep rowing forw... | The boat arrived at a fork in the waterway. I had hoped I could simply keep rowing forw... || The waters seemed calmer that way. I just hope I made the right decision… | Choices… | 226	add/update source-text entry in translations/source_queue.tsv	medium: needs narrative context and speaker/event validation	TextAsset payload/string-table cell
3	resources.assets:158	event	I turned right.			needs-review	resources.assets:path_id=158:m_Script[needsdirection_right].text[2]	type=TextAsset; name=journals; dump=resources.assets/TextAsset/158__journals.txt	needsdirection_right | The boat arrived at a fork in the waterway. I had hoped I could simply keep rowing forw... | The boat arrived at a fork in the waterway. I had hoped I could simply keep rowing forw... || I trusted the dangerous waters more than the empty horizon… | Choices… | 213	add/update source-text entry in translations/source_queue.tsv	medium: needs narrative context and speaker/event validation	TextAsset payload/string-table cell
3	resources.assets:158	event	I used leaves from the shrubs to stop the bleeding, but it still hurts like hell.			needs-review	resources.assets:path_id=158:m_Script[islandsmall_gotattacked].text[3]	type=TextAsset; name=journals; dump=resources.assets/TextAsset/158__journals.txt	I found a lonely, minuscule island, so I decided to take a small tour.<br>While looking... | I found a lonely, minuscule island, so I decided to take a small tour. | While looking around the trees, I wasn’t careful enough. Something attacked me from abo... || Misadventure | 281 | monsterfish_food_good	add/update source-text entry in translations/source_queue.tsv	medium: needs narrative context and speaker/event validation	TextAsset payload/string-table cell
3	resources.assets:158	event	I wanted to inch closer, but in the end, I kept my distance, falling asleep peacefully to its song instead.			needs-review	resources.assets:path_id=158:m_Script[siren_slept].text[2]	type=TextAsset; name=journals; dump=resources.assets/TextAsset/158__journals.txt	siren_slept | I saw someone stranded on a rock in the distance. Before I could even question it, I st... | I saw someone stranded on a rock in the distance. Before I could even question it, I st... || Eeire Melody | 248 | siren_slept_attack	add/update source-text entry in translations/source_queue.tsv	medium: needs narrative context and speaker/event validation	TextAsset payload/string-table cell
3	resources.assets:158	event	I was already half-asleep when a group of fish swam very close to the boat.			needs-review	resources.assets:path_id=158:m_Script[fishsquad_sleep].text[1]	type=TextAsset; name=journals; dump=resources.assets/TextAsset/158__journals.txt	211 | fishsquad_sleep | I was already half-asleep when a group of fish swam very close to the boat.<br>I starte... || I started counting them like sheep, then I fell asleep. Maybe I could have caught at le... | Dreaming Fishing | 220	add/update source-text entry in translations/source_queue.tsv	medium: needs narrative context and speaker/event validation	TextAsset payload/string-table cell
3	resources.assets:158	event	I was greeted by countless hungry mouths, not knowing whether they were after my supplies… or me.			needs-review	resources.assets:path_id=158:m_Script[smallmonsterfish_bait].text[1]	type=TextAsset; name=journals; dump=resources.assets/TextAsset/158__journals.txt	246 | smallmonsterfish_bait | I was greeted by countless hungry mouths, not knowing whether they were after my suppli... || My only chance to escape was to feed them. I didn’t have enough for all of them, but I ... | Throwing some bait distracted them just long enough for me to get away safely… for now. | Get Away!	add/update source-text entry in translations/source_queue.tsv	medium: needs narrative context and speaker/event validation	TextAsset payload/string-table cell
3	resources.assets:158	event	I was hoping at least for a fish that made it onto the boat… then I could have had a fresh breakfast for myself.			needs-review	resources.assets:path_id=158:m_Script[fishinboat_empty].text[3]	type=TextAsset; name=journals; dump=resources.assets/TextAsset/158__journals.txt	Sounds of slapping and flopping filled the air last night. I decided to investigate and... | Sounds of slapping and flopping filled the air last night. I decided to investigate and... | I couldn’t find anything. What made that sound? || Like a Fish? | 271 | fishinboat_rare	add/update source-text entry in translations/source_queue.tsv	medium: needs narrative context and speaker/event validation	TextAsset payload/string-table cell
3	resources.assets:158	event	I was jolted awake by the sound of thunder that followed the flashing lights of the storm that brewed up last night.			needs-review	resources.assets:path_id=158:m_Script[rainstorm_umbrella].text[1]	type=TextAsset; name=journals; dump=resources.assets/TextAsset/158__journals.txt	259 | rainstorm_umbrella | I was jolted awake by the sound of thunder that followed the flashing lights of the sto... || I managed to keep myself dry with an umbrella, though it may not have been the best ide... | Roaring Clouds | 262	add/update source-text entry in translations/source_queue.tsv	medium: needs narrative context and speaker/event validation	TextAsset payload/string-table cell
3	resources.assets:158	event	I was jolted awake by the sound of thunder that followed the flashing lights of the storm that brewed up last night.			needs-review	resources.assets:path_id=158:m_Script[rainstorm_umbrella_lost].text[1]	type=TextAsset; name=journals; dump=resources.assets/TextAsset/158__journals.txt	262 | rainstorm_umbrella_lost | I was jolted awake by the sound of thunder that followed the flashing lights of the sto... || I managed to keep myself dry with an umbrella, but it suffered a few tears from the str... | Roaring Clouds | 242	add/update source-text entry in translations/source_queue.tsv	medium: needs narrative context and speaker/event validation	TextAsset payload/string-table cell
3	resources.assets:158	event	I was jolted awake by the sound of thunder that followed the flashing lights of the storm that brewed up last night.			needs-review	resources.assets:path_id=158:m_Script[rainstorm_anchor].text[1]	type=TextAsset; name=journals; dump=resources.assets/TextAsset/158__journals.txt	242 | rainstorm_anchor | I was jolted awake by the sound of thunder that followed the flashing lights of the sto... || One heavy anchor was enough to keep the boat in place and protect it from drifting too ... | Stuck Under the Weather | 239	add/update source-text entry in translations/source_queue.tsv	medium: needs narrative context and speaker/event validation	TextAsset payload/string-table cell
3	resources.assets:158	event	I was jolted awake by the sound of thunder that followed the flashing lights of the storm that brewed up last night.			needs-review	resources.assets:path_id=158:m_Script[rainstorm_bucket].text[1]	type=TextAsset; name=journals; dump=resources.assets/TextAsset/158__journals.txt	239 | rainstorm_bucket | I was jolted awake by the sound of thunder that followed the flashing lights of the sto... || Far too bothered to sleep, I wore a bucket to dampen the sounds and keep the rain off m... | Roaring Clouds | 244	add/update source-text entry in translations/source_queue.tsv	medium: needs narrative context and speaker/event validation	TextAsset payload/string-table cell
3	resources.assets:158	event	I was jolted awake by the sound of thunder that followed the flashing lights of the storm that brewed up last night.			needs-review	resources.assets:path_id=158:m_Script[rainstorm_bucket_lost].text[1]	type=TextAsset; name=journals; dump=resources.assets/TextAsset/158__journals.txt	244 | rainstorm_bucket_lost | I was jolted awake by the sound of thunder that followed the flashing lights of the sto... || Unable to sleep, I wore a bucket to dampen the sounds and keep the rain off my face. Th... | Roaring Clouds | 275	add/update source-text entry in translations/source_queue.tsv	medium: needs narrative context and speaker/event validation	TextAsset payload/string-table cell
3	resources.assets:158	event	I was jolted awake by the sound of thunder that followed the flashing lights of the storm that brewed up last night.			needs-review	resources.assets:path_id=158:m_Script[rainstorm_sleep].text[1]	type=TextAsset; name=journals; dump=resources.assets/TextAsset/158__journals.txt	275 | rainstorm_sleep | I was jolted awake by the sound of thunder that followed the flashing lights of the sto... || It was one of my hardest nights in terms of sleep. I’m still shivering in my cold, wet ... | Roaring Clouds | 215	add/update source-text entry in translations/source_queue.tsv	medium: needs narrative context and speaker/event validation	TextAsset payload/string-table cell
3	resources.assets:158	event	I was jolted awake by the sound of thunder that followed the flashing lights of the storm that brewed up last night.			needs-review	resources.assets:path_id=158:m_Script[rainstorm_sleep_lost].text[1]	type=TextAsset; name=journals; dump=resources.assets/TextAsset/158__journals.txt	215 | rainstorm_sleep_lost | I was jolted awake by the sound of thunder that followed the flashing lights of the sto... || It was one of my hardest nights in terms of sleep. | My supplies were hit too, and the morning was spent rearranging everything so it’s in o... | Roaring Clouds	add/update source-text entry in translations/source_queue.tsv	medium: needs narrative context and speaker/event validation	TextAsset payload/string-table cell
3	resources.assets:158	event	I was only half-asleep, but I swear the chest tried to escape from my boat.			needs-review	resources.assets:path_id=158:m_Script[chestattack_sleep].text[1]	type=TextAsset; name=journals; dump=resources.assets/TextAsset/158__journals.txt	228 | chestattack_sleep | I was only half-asleep, but I swear the chest tried to escape from my boat.<br>It’s sti... || It’s still right where I left it, but now I can’t shake off its… individuality, the way... | Noises Within | 200	add/update source-text entry in translations/source_queue.tsv	medium: needs narrative context and speaker/event validation	TextAsset payload/string-table cell
3	resources.assets:158	event	I was right. It's not much, but it was definitely worth the short trip.			needs-review	resources.assets:path_id=158:m_Script[island_sent_man].text[3]	type=TextAsset; name=journals; dump=resources.assets/TextAsset/158__journals.txt	I found a lonely, minuscule island, so I decided to wake up Frederik and send him to ex... | I found a lonely, minuscule island, so I decided to wake up Frederik and send him to ex... | It took him a while to get back to the boat, so I was hoping he wouldn't return empty-h... || Midnight Tour | 268 | island_sent_woman	add/update source-text entry in translations/source_queue.tsv	medium: needs narrative context and speaker/event validation	TextAsset payload/string-table cell
3	resources.assets:158	event	I was right. It's not much, but it was definitely worth the short trip.			needs-review	resources.assets:path_id=158:m_Script[island_sent_woman].text[3]	type=TextAsset; name=journals; dump=resources.assets/TextAsset/158__journals.txt	I found a lonely, minuscule island, so I decided to wake up Laurel and send her to expl... | I found a lonely, minuscule island, so I decided to wake up Laurel and send her to expl... | It took her a while to get back to the boat, so I was hoping she wouldn't return empty-... || Midnight Tour | 267 | island_sent_row	add/update source-text entry in translations/source_queue.tsv	medium: needs narrative context and speaker/event validation	TextAsset payload/string-table cell
3	resources.assets:158	event	I was right. It's not much, but it was definitely worth the short trip.			needs-review	resources.assets:path_id=158:m_Script[island_sent_row].text[3]	type=TextAsset; name=journals; dump=resources.assets/TextAsset/158__journals.txt	I found a lonely, minuscule island, so I decided to wake up Row and send him to explore... | I found a lonely, minuscule island, so I decided to wake up Row and send him to explore... | It took him a while to get back to the boat, so I was hoping he wouldn't return empty-h... || Midnight Tour | 263 | journals	add/update source-text entry in translations/source_queue.tsv	medium: needs narrative context and speaker/event validation	TextAsset payload/string-table cell
3	resources.assets:158	event	I was sure it was just a nightmare, so I tried to ignore it and drifted off again.			needs-review	resources.assets:path_id=158:m_Script[monsterfish_sleep].text[2]	type=TextAsset; name=journals; dump=resources.assets/TextAsset/158__journals.txt	monsterfish_sleep | My surroundings went dead silent as it stared into my eyes with its hollow gaze.<br>I w... | My surroundings went dead silent as it stared into my eyes with its hollow gaze. || It’s daytime now, but I still feel like I’m being watched… | Death Stare | 228	add/update source-text entry in translations/source_queue.tsv	medium: needs narrative context and speaker/event validation	TextAsset payload/string-table cell
3	resources.assets:158	event	I was sure it was just a nightmare, so I tried to ignore it and drifted off again.			needs-review	resources.assets:path_id=158:m_Script[monsterfish_sleep_bad].text[2]	type=TextAsset; name=journals; dump=resources.assets/TextAsset/158__journals.txt	monsterfish_sleep_bad | My surroundings went dead silent as it stared into my eyes with its hollow gaze.<br>I w... | My surroundings went dead silent as it stared into my eyes with its hollow gaze. || I woke up with only half my toes intact and huge teeth marks on my legs. | Death Stare | 242	add/update source-text entry in translations/source_queue.tsv	medium: needs narrative context and speaker/event validation	TextAsset payload/string-table cell
3	resources.assets:158	event	I wasn’t taking chances. I fired my only harpoon as a warning. They scattered. For now.			needs-review	resources.assets:path_id=158:m_Script[sharkmen_hookgun].text[3]	type=TextAsset; name=journals; dump=resources.assets/TextAsset/158__journals.txt	Fins surfaced, circling dangerously close.<br>Under the water I could make out their sh... | Fins surfaced, circling dangerously close. | Under the water I could make out their shape. They were no ordinary sharks. They had ar... || Arms and Fingers | 236 | sharkmen_swimbelt_success	add/update source-text entry in translations/source_queue.tsv	medium: needs narrative context and speaker/event validation	TextAsset payload/string-table cell
3	resources.assets:158	event	I wasted my flare out of hesitation, but it seemed to clear the air around me.			needs-review	resources.assets:path_id=158:m_Script[ghostlyfigures_flaregun].text[2]	type=TextAsset; name=journals; dump=resources.assets/TextAsset/158__journals.txt	ghostlyfigures_flaregun | A shiver ran down my spine. Was it a lucid nightmare? Did I actually see… ghosts?<br>I ... | A shiver ran down my spine. Was it a lucid nightmare? Did I actually see… ghosts? || I swear this place gets weirder by the day… | Haunted? | 210	add/update source-text entry in translations/source_queue.tsv	medium: needs narrative context and speaker/event validation	TextAsset payload/string-table cell
3	resources.assets:158	event	I went back to sleep instead.			needs-review	resources.assets:path_id=158:m_Script[chest_skipped].text[3]	type=TextAsset; name=journals; dump=resources.assets/TextAsset/158__journals.txt	The ocean sure amasses a lot of things together.<br>Last night I saw a mysterious woode... | The ocean sure amasses a lot of things together. | Last night I saw a mysterious wooden chest bumping against the side of the boat. I didn... || No Junk Needed! | 253 | chest_attacked_me	add/update source-text entry in translations/source_queue.tsv	medium: needs narrative context and speaker/event validation	TextAsset payload/string-table cell
3	resources.assets:158	event	I woke up in shock, my only friend was gone, leaving me alone in the boat.			needs-review	resources.assets:path_id=158:m_Script[seawatcher_sleep_frienddied].text[2]	type=TextAsset; name=journals; dump=resources.assets/TextAsset/158__journals.txt	seawatcher_sleep_frienddied | The sea had eyes. I was locked in a staring contest with it. I fought to stay awake, bu... | The sea had eyes. I was locked in a staring contest with it. I fought to stay awake, bu... || And I think it’s all because of… Me. I must carry the guilt across the sea. | Loss | 256	add/update source-text entry in translations/source_queue.tsv	medium: needs narrative context and speaker/event validation	TextAsset payload/string-table cell
3	resources.assets:158	event	I woke up to the force of waves crashing against the side of the boat, water splashing into my face.			needs-review	resources.assets:path_id=158:m_Script[bigwaves_badsleep].text[1]	type=TextAsset; name=journals; dump=resources.assets/TextAsset/158__journals.txt	217 | bigwaves_badsleep | I woke up to the force of waves crashing against the side of the boat, water splashing ... || After collecting my thoughts and regaining my balance, I tried to get a few more hours ... | Restless Waves | 217	add/update source-text entry in translations/source_queue.tsv	medium: needs narrative context and speaker/event validation	TextAsset payload/string-table cell
3	resources.assets:158	event	I woke up to the force of waves crashing against the side of the boat, water splashing into my face.			needs-review	resources.assets:path_id=158:m_Script[bigwaves_lostitem].text[1]	type=TextAsset; name=journals; dump=resources.assets/TextAsset/158__journals.txt	217 | bigwaves_lostitem | I woke up to the force of waves crashing against the side of the boat, water splashing ... || Accepting the circumstances, it was calming to drift back to sleep to the rocking of th... | But I might have lost something to the waves… | Restless Waves	add/update source-text entry in translations/source_queue.tsv	medium: needs narrative context and speaker/event validation	TextAsset payload/string-table cell
3	resources.assets:158	event	I woke up to the sound of a group of fish getting too comfortable around the boat, so I tried catching at least one quickly, but failed miserably.			needs-review	resources.assets:path_id=158:m_Script[fishsquad_fishfail].text[1]	type=TextAsset; name=journals; dump=resources.assets/TextAsset/158__journals.txt	217 | fishsquad_fishfail | I woke up to the sound of a group of fish getting too comfortable around the boat, so I... || My disappointment could not be measured on this ruined night… | Empty Handed | 211	add/update source-text entry in translations/source_queue.tsv	medium: needs narrative context and speaker/event validation	TextAsset payload/string-table cell
3	resources.assets:158	event	I woke up with bleeding ears and half my body hanging out of the boat. I scrambled back before it tipped over.			needs-review	resources.assets:path_id=158:m_Script[siren_telescope].text[3]	type=TextAsset; name=journals; dump=resources.assets/TextAsset/158__journals.txt	I saw someone stranded on a rock in the distance. Before I could even question it, I st... | I saw someone stranded on a rock in the distance. Before I could even question it, I st... | Trying to get closer, however, silenced the singing. || Dirge | 307 | siren_gotaway	add/update source-text entry in translations/source_queue.tsv	medium: needs narrative context and speaker/event validation	TextAsset payload/string-table cell
3	resources.assets:158	event	I woke up with only half my toes intact and huge teeth marks on my legs.			needs-review	resources.assets:path_id=158:m_Script[monsterfish_sleep_bad].text[3]	type=TextAsset; name=journals; dump=resources.assets/TextAsset/158__journals.txt	My surroundings went dead silent as it stared into my eyes with its hollow gaze.<br>I w... | My surroundings went dead silent as it stared into my eyes with its hollow gaze. | I was sure it was just a nightmare, so I tried to ignore it and drifted off again. || Death Stare | 242 | monsterfish_flashlight_good	add/update source-text entry in translations/source_queue.tsv	medium: needs narrative context and speaker/event validation	TextAsset payload/string-table cell
3	resources.assets:158	event	If I hadn’t done that, I’d probably have become its supper.			needs-review	resources.assets:path_id=158:m_Script[monsterfish_food_good].text[3]	type=TextAsset; name=journals; dump=resources.assets/TextAsset/158__journals.txt	My surroundings went dead silent as it stared into my eyes with its hollow gaze.<br>I k... | My surroundings went dead silent as it stared into my eyes with its hollow gaze. | I knew it wanted to feast. With a shaking hand, I picked up some cans from my boat and ... || Feeding Death | 260 | monsterfish_food_bad	add/update source-text entry in translations/source_queue.tsv	medium: needs narrative context and speaker/event validation	TextAsset payload/string-table cell
3	resources.assets:158	event	If I hadn’t woken up, the boat would’ve been in pieces by dawn, with me under it.			needs-review	resources.assets:path_id=158:m_Script[vortex_anchor].text[1]	type=TextAsset; name=journals; dump=resources.assets/TextAsset/158__journals.txt	257 | vortex_anchor | If I hadn’t woken up, the boat would’ve been in pieces by dawn, with me under it.<br>A ... || A whirlpool emerged nearby, so I dropped anchor to keep myself in place. | Just how deep could it have gone? | Whirlpool	add/update source-text entry in translations/source_queue.tsv	medium: needs narrative context and speaker/event validation	TextAsset payload/string-table cell
3	resources.assets:158	event	If I hadn’t woken up, the whirlpool near the boat would’ve dragged me under, flushed down by the sea.			needs-review	resources.assets:path_id=158:m_Script[vortex_swimbelt].text[1]	type=TextAsset; name=journals; dump=resources.assets/TextAsset/158__journals.txt	194 | vortex_swimbelt | If I hadn’t woken up, the whirlpool near the boat would’ve dragged me under, flushed do... || I stayed awake with a swim ring on for safety until the boat finally stopped swaying an... | Whirlpool | 229	add/update source-text entry in translations/source_queue.tsv	medium: needs narrative context and speaker/event validation	TextAsset payload/string-table cell
3	resources.assets:158	event	If only the shallow rocky bottom along that route were imaginary too… it was one bumpy passage.			needs-review	resources.assets:path_id=158:m_Script[needsdirection_break].text[3]	type=TextAsset; name=journals; dump=resources.assets/TextAsset/158__journals.txt	The boat arrived at a point of diverging paths. None of them looked appealing.<br>I fli... | The boat arrived at a point of diverging paths. None of them looked appealing. | I flipped an imaginary coin in my head, and that’s the way we’re headed now. || The Sea Took the Wheel | 257 | rain_umbrella	add/update source-text entry in translations/source_queue.tsv	medium: needs narrative context and speaker/event validation	TextAsset payload/string-table cell
3	resources.assets:158	event	If someone up there saw me, rescue could only be days away… right?			needs-review	resources.assets:path_id=158:m_Script[airplane_tried_sos].text[2]	type=TextAsset; name=journals; dump=resources.assets/TextAsset/158__journals.txt	airplane_tried_sos | I can’t be wrong! That was definitely not a bird! I hope I made enough effort to be not... | I can’t be wrong! That was definitely not a bird! I hope I made enough effort to be not... || Hope | 162 | airplane_slept	add/update source-text entry in translations/source_queue.tsv	medium: needs narrative context and speaker/event validation	TextAsset payload/string-table cell
3	resources.assets:158	event	If they could send help, they would have by now.			needs-review	resources.assets:path_id=158:m_Script[boat_cansave_slept].text[2]	type=TextAsset; name=journals; dump=resources.assets/TextAsset/158__journals.txt	boat_cansave_slept | I’m starting to feel like everyone is actively avoiding this place.<br>If they could se... | I’m starting to feel like everyone is actively avoiding this place. || My gut tells me no one I see out here is actually real. In the past few days, I’ve alre... | Fine on My Own | 246	add/update source-text entry in translations/source_queue.tsv	medium: needs narrative context and speaker/event validation	TextAsset payload/string-table cell
3	resources.assets:158	event	If this isn’t a sign to leave as fast as possible, I don’t know what is.			needs-review	resources.assets:path_id=158:m_Script[skeleton_skipped].text[3]	type=TextAsset; name=journals; dump=resources.assets/TextAsset/158__journals.txt	Something struck the side of the boat, waking me up.<br>It was bones… human bones, drif... | Something struck the side of the boat, waking me up. | It was bones… human bones, drifting on the waves. || Still, I wonder whose remains they were… and how they ended up here. | Abandonment | 253	add/update source-text entry in translations/source_queue.tsv	medium: needs narrative context and speaker/event validation	TextAsset payload/string-table cell
3	resources.assets:158	event	Is no one… actually looking for me?			needs-review	resources.assets:path_id=158:m_Script[boat_cansave_ignored].text[1]	type=TextAsset; name=journals; dump=resources.assets/TextAsset/158__journals.txt	281 | boat_cansave_ignored | Is no one… actually looking for me?<br>Does everyone else actively avoid this place? Ho... || Does everyone else actively avoid this place? How come no one has sent help already? | No matter how much I try to be seen, I’m starting to believe I’m not even looking at re... | Hopeless	add/update source-text entry in translations/source_queue.tsv	medium: needs narrative context and speaker/event validation	TextAsset payload/string-table cell
3	resources.assets:158	event	It bothered it enough to make me lose the light in fear…			needs-review	resources.assets:path_id=158:m_Script[monsterfish_flashlight_bad].text[3]	type=TextAsset; name=journals; dump=resources.assets/TextAsset/158__journals.txt	My surroundings went dead silent as it stared into my eyes with its hollow gaze.<br>Wit... | My surroundings went dead silent as it stared into my eyes with its hollow gaze. | Without even trying to comprehend what I saw, I started flickering my flashlight at it,... || Death Stare | 279 | monsterfish_umbrella_good	add/update source-text entry in translations/source_queue.tsv	medium: needs narrative context and speaker/event validation	TextAsset payload/string-table cell
3	resources.assets:158	event	It did a dandy job of keeping everything still, including myself.			needs-review	resources.assets:path_id=158:m_Script[bigwaves_anchor].text[3]	type=TextAsset; name=journals; dump=resources.assets/TextAsset/158__journals.txt	Last night was nauseating, to say the least. Had I slept an hour longer, I might have e... | Last night was nauseating, to say the least. Had I slept an hour longer, I might have e... | Luckily, I managed to stabilize it using that heavy anchor I’ve got here. || Restless Waves | 256 | bigwaves_swimbelt	add/update source-text entry in translations/source_queue.tsv	medium: needs narrative context and speaker/event validation	TextAsset payload/string-table cell
3	resources.assets:158	event	It did not help…			needs-review	resources.assets:path_id=158:m_Script[ghostlyfigures_sleep_bad].text[3]	type=TextAsset; name=journals; dump=resources.assets/TextAsset/158__journals.txt	A shiver ran down my spine. Was it a lucid nightmare? Did I actually see… ghosts?<br>I ... | A shiver ran down my spine. Was it a lucid nightmare? Did I actually see… ghosts? | I shut my eyes tight to keep my mind from spiraling, in case it was sleep paralysis. || Haunted | 189 | islandsmall_skipped	add/update source-text entry in translations/source_queue.tsv	medium: needs narrative context and speaker/event validation	TextAsset payload/string-table cell
3	resources.assets:158	event	It looked me in the eyes, judging… as if it already knew my deepest, darkest secrets.			needs-review	resources.assets:path_id=158:m_Script[kraken_anchor_success].text[2]	type=TextAsset; name=journals; dump=resources.assets/TextAsset/158__journals.txt	kraken_anchor_success | My chest still pounds with the blood I have left. I have encountered the dread from bel... | My chest still pounds with the blood I have left. I have encountered the dread from below. || Wounding it only bought me one more day. But it demands atonement. | It wants… my heart. | Break	add/update source-text entry in translations/source_queue.tsv	medium: needs narrative context and speaker/event validation	TextAsset payload/string-table cell
3	resources.assets:158	event	It looked me in the eyes, judging… as if it already knew my deepest, darkest secrets.			needs-review	resources.assets:path_id=158:m_Script[kraken_gothurt].text[2]	type=TextAsset; name=journals; dump=resources.assets/TextAsset/158__journals.txt	kraken_gothurt | My chest still pounds with the little blood I have left following the night I encounter... | My chest still pounds with the little blood I have left following the night I encounter... || Weapons were futile. It demands atonement. | It wants… my heart. | Break	add/update source-text entry in translations/source_queue.tsv	medium: needs narrative context and speaker/event validation	TextAsset payload/string-table cell
3	resources.assets:158	event	It looked me in the eyes, judging… as if it already knew my deepest, darkest secrets.			needs-review	resources.assets:path_id=158:m_Script[kraken_sleep_died].text[2]	type=TextAsset; name=journals; dump=resources.assets/TextAsset/158__journals.txt	kraken_sleep_died | My chest still pounds with the little blood I have left following the night I encounter... | My chest still pounds with the little blood I have left following the night I encounter... || Escaping is hopeless. It demands atonement. | It wants… my heart. | Break	add/update source-text entry in translations/source_queue.tsv	medium: needs narrative context and speaker/event validation	TextAsset payload/string-table cell
3	resources.assets:158	event	It looked tired and hungry, it must have been flying for quite a while. I couldn’t resist and shared some of my food with it. I may have made a new friend!			needs-review	resources.assets:path_id=158:m_Script[seagull_eat].text[2]	type=TextAsset; name=journals; dump=resources.assets/TextAsset/158__journals.txt	seagull_eat | A curious seagull made a visit to the boat last night. What a cute and harmless creatur... | A curious seagull made a visit to the boat last night. What a cute and harmless creature! || A Feathered Friend? | 248 | seagull_sleep	add/update source-text entry in translations/source_queue.tsv	medium: needs narrative context and speaker/event validation	TextAsset payload/string-table cell
3	resources.assets:158	event	It seems whatever that thing was, it didn’t like bright lights.			needs-review	resources.assets:path_id=158:m_Script[monsterfish_flashlight_good].text[3]	type=TextAsset; name=journals; dump=resources.assets/TextAsset/158__journals.txt	My surroundings went dead silent as it stared into my eyes with its hollow gaze.<br>Wit... | My surroundings went dead silent as it stared into my eyes with its hollow gaze. | Without even trying to comprehend what I saw, I started flickering my flashlight at it,... || Death Stare | 286 | monsterfish_flashlight_bad	add/update source-text entry in translations/source_queue.tsv	medium: needs narrative context and speaker/event validation	TextAsset payload/string-table cell
3	resources.assets:158	event	It sounded like a fish following the boat, passionately trying to wake me up out of spite.			needs-review	resources.assets:path_id=158:m_Script[fishinboat_sleep].text[2]	type=TextAsset; name=journals; dump=resources.assets/TextAsset/158__journals.txt	fishinboat_sleep | Sounds of slapping and flopping filled the air last night.<br>It sounded like a fish fo... | Sounds of slapping and flopping filled the air last night. || Needless to say, after getting back to sleep, I dreamt about fish… having a fistfight. | Slaps To Sleep | 242	add/update source-text entry in translations/source_queue.tsv	medium: needs narrative context and speaker/event validation	TextAsset payload/string-table cell
3	resources.assets:158	event	It took her a while to get back to the boat, so I was hoping she wouldn't return empty-handed.			needs-review	resources.assets:path_id=158:m_Script[island_sent_woman].text[2]	type=TextAsset; name=journals; dump=resources.assets/TextAsset/158__journals.txt	island_sent_woman | I found a lonely, minuscule island, so I decided to wake up Laurel and send her to expl... | I found a lonely, minuscule island, so I decided to wake up Laurel and send her to expl... || I was right. It's not much, but it was definitely worth the short trip. | Midnight Tour | 267	add/update source-text entry in translations/source_queue.tsv	medium: needs narrative context and speaker/event validation	TextAsset payload/string-table cell
3	resources.assets:158	event	It took him a while to get back to the boat, so I was hoping he wouldn't return empty-handed.			needs-review	resources.assets:path_id=158:m_Script[island_sent_man].text[2]	type=TextAsset; name=journals; dump=resources.assets/TextAsset/158__journals.txt	island_sent_man | I found a lonely, minuscule island, so I decided to wake up Frederik and send him to ex... | I found a lonely, minuscule island, so I decided to wake up Frederik and send him to ex... || I was right. It's not much, but it was definitely worth the short trip. | Midnight Tour | 268	add/update source-text entry in translations/source_queue.tsv	medium: needs narrative context and speaker/event validation	TextAsset payload/string-table cell
3	resources.assets:158	event	It took him a while to get back to the boat, so I was hoping he wouldn't return empty-handed.			needs-review	resources.assets:path_id=158:m_Script[island_sent_row].text[2]	type=TextAsset; name=journals; dump=resources.assets/TextAsset/158__journals.txt	island_sent_row | I found a lonely, minuscule island, so I decided to wake up Row and send him to explore... | I found a lonely, minuscule island, so I decided to wake up Row and send him to explore... || I was right. It's not much, but it was definitely worth the short trip. | Midnight Tour | 263	add/update source-text entry in translations/source_queue.tsv	medium: needs narrative context and speaker/event validation	TextAsset payload/string-table cell
3	resources.assets:158	event	It turned out they were actually hunting a school of fish beneath the boat. I grabbed a few for myself and got out of the water quickly, before they grabbed me to have their next meal.			needs-review	resources.assets:path_id=158:m_Script[sharkmen_scuba_food].text[2]	type=TextAsset; name=journals; dump=resources.assets/TextAsset/158__journals.txt	sharkmen_scuba_food | Fins emerged from the water, but they didn’t look like ordinary sharks. I think they ha... | Fins emerged from the water, but they didn’t look like ordinary sharks. I think they ha... || Arms and Fingers | 297 | sharkmen_sleep	add/update source-text entry in translations/source_queue.tsv	medium: needs narrative context and speaker/event validation	TextAsset payload/string-table cell
3	resources.assets:158	event	It turns out two heads can’t solve an injury without proper tools. Duct tape doesn’t promote healing… Let’s hope we don’t perish from each other’s ideas.			needs-review	resources.assets:path_id=158:m_Script[friendsick_tape_bad].text[2]	type=TextAsset; name=journals; dump=resources.assets/TextAsset/158__journals.txt	friendsick_tape_bad | It’s hard for one to survive in the vastness of the seas, let alone two people.<br>It t... | It’s hard for one to survive in the vastness of the seas, let alone two people. || Boatridden | 236 | friendsick_sleep	add/update source-text entry in translations/source_queue.tsv	medium: needs narrative context and speaker/event validation	TextAsset payload/string-table cell
3	resources.assets:158	event	It wants… my heart.			needs-review	resources.assets:path_id=158:m_Script[kraken_anchor_success].text[4]	type=TextAsset; name=journals; dump=resources.assets/TextAsset/158__journals.txt	My chest still pounds with the blood I have left. I have encountered the dread from below. | It looked me in the eyes, judging… as if it already knew my deepest, darkest secrets. | Wounding it only bought me one more day. But it demands atonement. || Break | 272 | kraken_gothurt	add/update source-text entry in translations/source_queue.tsv	medium: needs narrative context and speaker/event validation	TextAsset payload/string-table cell
3	resources.assets:158	event	It wants… my heart.			needs-review	resources.assets:path_id=158:m_Script[kraken_gothurt].text[4]	type=TextAsset; name=journals; dump=resources.assets/TextAsset/158__journals.txt	My chest still pounds with the little blood I have left following the night I encounter... | It looked me in the eyes, judging… as if it already knew my deepest, darkest secrets. | Weapons were futile. It demands atonement. || Break | 269 | kraken_sleep_died	add/update source-text entry in translations/source_queue.tsv	medium: needs narrative context and speaker/event validation	TextAsset payload/string-table cell
3	resources.assets:158	event	It wants… my heart.			needs-review	resources.assets:path_id=158:m_Script[kraken_sleep_died].text[4]	type=TextAsset; name=journals; dump=resources.assets/TextAsset/158__journals.txt	My chest still pounds with the little blood I have left following the night I encounter... | It looked me in the eyes, judging… as if it already knew my deepest, darkest secrets. | Escaping is hopeless. It demands atonement. || Break | 270 | sleepkiller_slept	add/update source-text entry in translations/source_queue.tsv	medium: needs narrative context and speaker/event validation	TextAsset payload/string-table cell
3	resources.assets:158	event	It was bones… human bones, drifting on the waves.			needs-review	resources.assets:path_id=158:m_Script[skeleton_skipped].text[2]	type=TextAsset; name=journals; dump=resources.assets/TextAsset/158__journals.txt	skeleton_skipped | Something struck the side of the boat, waking me up.<br>It was bones… human bones, drif... | Something struck the side of the boat, waking me up. || If this isn’t a sign to leave as fast as possible, I don’t know what is. | Still, I wonder whose remains they were… and how they ended up here. | Abandonment	add/update source-text entry in translations/source_queue.tsv	medium: needs narrative context and speaker/event validation	TextAsset payload/string-table cell
3	resources.assets:158	event	It was far out of reach, so we may never know what message it held, or the reason it ended up here.			needs-review	resources.assets:path_id=158:m_Script[bottle_slept].text[2]	type=TextAsset; name=journals; dump=resources.assets/TextAsset/158__journals.txt	bottle_slept | The currents guided a bottle to our boat last evening. Wonder who sent it into the ocea... | The currents guided a bottle to our boat last evening. Wonder who sent it into the ocean… || Wandering Message | 192 | needsdirection_left	add/update source-text entry in translations/source_queue.tsv	medium: needs narrative context and speaker/event validation	TextAsset payload/string-table cell
3	resources.assets:158	event	It was heavy and exhausting to carry, so it better be worth it!			needs-review	resources.assets:path_id=158:m_Script[islandsmall_foundchest].text[3]	type=TextAsset; name=journals; dump=resources.assets/TextAsset/158__journals.txt	I found a lonely, minuscule island, so I decided to take a small tour.<br>Someone must ... | I found a lonely, minuscule island, so I decided to take a small tour. | Someone must have been there before, because I found an old wooden chest. I took it wit... || Midnight Tour | 250 | islandsmall_gotattacked	add/update source-text entry in translations/source_queue.tsv	medium: needs narrative context and speaker/event validation	TextAsset payload/string-table cell
3	resources.assets:158	event	It was one of my hardest nights in terms of sleep.			needs-review	resources.assets:path_id=158:m_Script[rainstorm_sleep_lost].text[2]	type=TextAsset; name=journals; dump=resources.assets/TextAsset/158__journals.txt	rainstorm_sleep_lost | I was jolted awake by the sound of thunder that followed the flashing lights of the sto... | I was jolted awake by the sound of thunder that followed the flashing lights of the sto... || My supplies were hit too, and the morning was spent rearranging everything so it’s in o... | Roaring Clouds | 272	add/update source-text entry in translations/source_queue.tsv	medium: needs narrative context and speaker/event validation	TextAsset payload/string-table cell
3	resources.assets:158	event	It was one of my hardest nights in terms of sleep. I’m still shivering in my cold, wet clothes.			needs-review	resources.assets:path_id=158:m_Script[rainstorm_sleep].text[2]	type=TextAsset; name=journals; dump=resources.assets/TextAsset/158__journals.txt	rainstorm_sleep | I was jolted awake by the sound of thunder that followed the flashing lights of the sto... | I was jolted awake by the sound of thunder that followed the flashing lights of the sto... || Roaring Clouds | 215 | rainstorm_sleep_lost	add/update source-text entry in translations/source_queue.tsv	medium: needs narrative context and speaker/event validation	TextAsset payload/string-table cell
3	resources.assets:158	event	It was searching for me, too.			needs-review	resources.assets:path_id=158:m_Script[bloodwater_scuba_attack].text[4]	type=TextAsset; name=journals; dump=resources.assets/TextAsset/158__journals.txt	The air smelled putrid, and when I looked around… the sea was red. Deep red. Like, actu... | I equipped my diving gear to investigate. | Below, I heard a deep rumble, followed by the very thing I was searching for. || Deep Red | 259 | bloodwater_scuba_food	add/update source-text entry in translations/source_queue.tsv	medium: needs narrative context and speaker/event validation	TextAsset payload/string-table cell
3	resources.assets:158	event	It’s daytime now, but I still feel like I’m being watched…			needs-review	resources.assets:path_id=158:m_Script[monsterfish_sleep].text[3]	type=TextAsset; name=journals; dump=resources.assets/TextAsset/158__journals.txt	My surroundings went dead silent as it stared into my eyes with its hollow gaze.<br>I w... | My surroundings went dead silent as it stared into my eyes with its hollow gaze. | I was sure it was just a nightmare, so I tried to ignore it and drifted off again. || Death Stare | 228 | monsterfish_sleep_bad	add/update source-text entry in translations/source_queue.tsv	medium: needs narrative context and speaker/event validation	TextAsset payload/string-table cell
3	resources.assets:158	event	It’s hard for one to survive in the vastness of the seas, let alone two people.			needs-review	resources.assets:path_id=158:m_Script[friendsick_firstaidkit].text[1]	type=TextAsset; name=journals; dump=resources.assets/TextAsset/158__journals.txt	242 | friendsick_firstaidkit | It’s hard for one to survive in the vastness of the seas, let alone two people.<br>At l... || At least when one of us feels unwell, the other can help out. We were prepared last nig... | We Are Managing | 243	add/update source-text entry in translations/source_queue.tsv	medium: needs narrative context and speaker/event validation	TextAsset payload/string-table cell
3	resources.assets:158	event	It’s hard for one to survive in the vastness of the seas, let alone two people.			needs-review	resources.assets:path_id=158:m_Script[friendsick_foodbar].text[1]	type=TextAsset; name=journals; dump=resources.assets/TextAsset/158__journals.txt	243 | friendsick_foodbar | It’s hard for one to survive in the vastness of the seas, let alone two people.<br>We s... || We share our supplies when needed, so at least one of us can keep holding on. But who k... | We Are Managing | 230	add/update source-text entry in translations/source_queue.tsv	medium: needs narrative context and speaker/event validation	TextAsset payload/string-table cell
3	resources.assets:158	event	It’s hard for one to survive in the vastness of the seas, let alone two people.			needs-review	resources.assets:path_id=158:m_Script[friendsick_tape_good].text[1]	type=TextAsset; name=journals; dump=resources.assets/TextAsset/158__journals.txt	230 | friendsick_tape_good | It’s hard for one to survive in the vastness of the seas, let alone two people.<br>When... || When one of us is injured, we have to get creative. Using duct tape seemed to do the tr... | We Are Managing | 261	add/update source-text entry in translations/source_queue.tsv	medium: needs narrative context and speaker/event validation	TextAsset payload/string-table cell
3	resources.assets:158	event	It’s hard for one to survive in the vastness of the seas, let alone two people.			needs-review	resources.assets:path_id=158:m_Script[friendsick_tape_bad].text[1]	type=TextAsset; name=journals; dump=resources.assets/TextAsset/158__journals.txt	261 | friendsick_tape_bad | It’s hard for one to survive in the vastness of the seas, let alone two people.<br>It t... || It turns out two heads can’t solve an injury without proper tools. Duct tape doesn’t pr... | Boatridden | 236	add/update source-text entry in translations/source_queue.tsv	medium: needs narrative context and speaker/event validation	TextAsset payload/string-table cell
3	resources.assets:158	event	It’s hard for one to survive in the vastness of the seas, let alone two people.			needs-review	resources.assets:path_id=158:m_Script[friendsick_sleep].text[1]	type=TextAsset; name=journals; dump=resources.assets/TextAsset/158__journals.txt	236 | friendsick_sleep | It’s hard for one to survive in the vastness of the seas, let alone two people.<br>As l... || As long as only one of us is sick or injured, the other can manage resources and keep u... | But we need to be ready for the day one of us is ultimately left alone… | Boatridden	add/update source-text entry in translations/source_queue.tsv	medium: needs narrative context and speaker/event validation	TextAsset payload/string-table cell
3	resources.assets:158	event	It’s still bleeding, but at least I won’t need to walk for a while anyway.			needs-review	resources.assets:path_id=158:m_Script[sharkmen_sleep_fail].text[3]	type=TextAsset; name=journals; dump=resources.assets/TextAsset/158__journals.txt	Fins emerged from the water, roaming alarmingly close. But I felt safe in the boat, or ... | Fins emerged from the water, roaming alarmingly close. But I felt safe in the boat, or ... | These were no ordinary sharks. One of them grabbed me by the calf with its… hand? Took ... || Arms and Fingers | 291 | siren_telescope	add/update source-text entry in translations/source_queue.tsv	medium: needs narrative context and speaker/event validation	TextAsset payload/string-table cell
3	resources.assets:158	event	It’s still right where I left it, but now I can’t shake off its… individuality, the way it stares back when I look at it.			needs-review	resources.assets:path_id=158:m_Script[chestattack_sleep].text[2]	type=TextAsset; name=journals; dump=resources.assets/TextAsset/158__journals.txt	chestattack_sleep | I was only half-asleep, but I swear the chest tried to escape from my boat.<br>It’s sti... | I was only half-asleep, but I swear the chest tried to escape from my boat. || Noises Within | 200 | chestattack_sleep_fail	add/update source-text entry in translations/source_queue.tsv	medium: needs narrative context and speaker/event validation	TextAsset payload/string-table cell
3	resources.assets:158	event	I’m starting to feel like everyone is actively avoiding this place.			needs-review	resources.assets:path_id=158:m_Script[boat_cansave_slept].text[1]	type=TextAsset; name=journals; dump=resources.assets/TextAsset/158__journals.txt	253 | boat_cansave_slept | I’m starting to feel like everyone is actively avoiding this place.<br>If they could se... || If they could send help, they would have by now. | My gut tells me no one I see out here is actually real. In the past few days, I’ve alre... | Fine on My Own	add/update source-text entry in translations/source_queue.tsv	medium: needs narrative context and speaker/event validation	TextAsset payload/string-table cell
3	resources.assets:158	event	I’m thankful for every bite I can get while sailing this old thing.			needs-review	resources.assets:path_id=158:m_Script[fishsquad_fished].text[2]	type=TextAsset; name=journals; dump=resources.assets/TextAsset/158__journals.txt	fishsquad_fished | What a fortunate night! I woke up at just the right time to see a group of fish circlin... | What a fortunate night! I woke up at just the right time to see a group of fish circlin... || Supper! | 217 | fishsquad_fishfail	add/update source-text entry in translations/source_queue.tsv	medium: needs narrative context and speaker/event validation	TextAsset payload/string-table cell
3	resources.assets:158	event	I’m the only one left, stuck on this old junk of a lifeboat.			needs-review	resources.assets:path_id=158:m_Script[startgame_alone].text[2]	type=TextAsset; name=journals; dump=resources.assets/TextAsset/158__journals.txt	startgame_alone | Well, there goes Dorothy…<br>I’m the only one left, stuck on this old junk of a lifeboa... | Well, there goes Dorothy… || I have no idea what struck our ship, and judging by the sound, I honestly don’t want to... | Now all I can do is survive as long as I need. I’m sure help will come soon. | A New Day	add/update source-text entry in translations/source_queue.tsv	medium: needs narrative context and speaker/event validation	TextAsset payload/string-table cell
3	resources.assets:158	event	I’ve lost part of my calf. Luckily, I don’t need to walk for a while…			needs-review	resources.assets:path_id=158:m_Script[sharkmen_swimbelt_attack].text[3]	type=TextAsset; name=journals; dump=resources.assets/TextAsset/158__journals.txt	Fins emerged from the water, roaming alarmingly close.<br>I tried to distract the neare... | Fins emerged from the water, roaming alarmingly close. | I tried to distract the nearest one with a swim ring, but in seconds a loud splash came... || Arms and Fingers | 275 | sharkmen_scuba_attack	add/update source-text entry in translations/source_queue.tsv	medium: needs narrative context and speaker/event validation	TextAsset payload/string-table cell
3	resources.assets:158	event	Just how deep could it have gone?			needs-review	resources.assets:path_id=158:m_Script[vortex_anchor].text[3]	type=TextAsset; name=journals; dump=resources.assets/TextAsset/158__journals.txt	If I hadn’t woken up, the boat would’ve been in pieces by dawn, with me under it.<br>A ... | If I hadn’t woken up, the boat would’ve been in pieces by dawn, with me under it. | A whirlpool emerged nearby, so I dropped anchor to keep myself in place. || Whirlpool | 194 | vortex_swimbelt	add/update source-text entry in translations/source_queue.tsv	medium: needs narrative context and speaker/event validation	TextAsset payload/string-table cell
3	resources.assets:158	event	Just looking at it from afar was enough to know it wasn’t worth visiting… Maybe it’s better I don’t disturb it.			needs-review	resources.assets:path_id=158:m_Script[islandsmall_skipped].text[2]	type=TextAsset; name=journals; dump=resources.assets/TextAsset/158__journals.txt	islandsmall_skipped | I found a lonely, minuscule island, too small for anyone to live on.<br>Just looking at... | I found a lonely, minuscule island, too small for anyone to live on. || Too Small for Me | 183 | islandsmall_foundbait	add/update source-text entry in translations/source_queue.tsv	medium: needs narrative context and speaker/event validation	TextAsset payload/string-table cell
3	resources.assets:158	event	Knowing I shouldn’t approach, I went to sleep instead. But that thing sure as hell drew closer to me instead. Blood is still running down my ears.			needs-review	resources.assets:path_id=158:m_Script[siren_slept_attack].text[2]	type=TextAsset; name=journals; dump=resources.assets/TextAsset/158__journals.txt	siren_slept_attack | I saw someone stranded on a rock in the distance. Before I could even question it, I st... | I saw someone stranded on a rock in the distance. Before I could even question it, I st... || Dirge | 287 | trade_accept	add/update source-text entry in translations/source_queue.tsv	medium: needs narrative context and speaker/event validation	TextAsset payload/string-table cell
3	resources.assets:158	event	Knowing it would try to escape with my belongings, I carefully took aim and struck it perfectly. Not only did I save my supplies, but the sack it dropped contained some food as well. Finders keepers.			needs-review	resources.assets:path_id=158:m_Script[snatcher_hookgun].text[2]	type=TextAsset; name=journals; dump=resources.assets/TextAsset/158__journals.txt	snatcher_hookgun | A small rascal found its way onto my boat and was looking through my supplies.<br>Knowi... | A small rascal found its way onto my boat and was looking through my supplies. || Snatcher | 281 | snatcher_swimbelt	add/update source-text entry in translations/source_queue.tsv	medium: needs narrative context and speaker/event validation	TextAsset payload/string-table cell
3	resources.assets:158	event	Last night I found a chest practically begging to be discovered by treasure hunters.			needs-review	resources.assets:path_id=158:m_Script[chest_attacked_me].text[2]	type=TextAsset; name=journals; dump=resources.assets/TextAsset/158__journals.txt	chest_attacked_me | This ocean sure amasses a lot of weird things.<br>Last night I found a chest practicall... | This ocean sure amasses a lot of weird things. || I quickly discovered why it had remained unopened for so long… What even is this place? | Beware the Crates | 225	add/update source-text entry in translations/source_queue.tsv	medium: needs narrative context and speaker/event validation	TextAsset payload/string-table cell
3	resources.assets:158	event	Last night I found a mysterious, heavy chest, with no key to be seen. I might have to force my way into it if my curiosity gets the best of me.			needs-review	resources.assets:path_id=158:m_Script[chest_got].text[2]	type=TextAsset; name=journals; dump=resources.assets/TextAsset/158__journals.txt	chest_got | The ocean sure amasses a lot of things together.<br>Last night I found a mysterious, he... | The ocean sure amasses a lot of things together. || Treasure! | 195 | chest_skipped	add/update source-text entry in translations/source_queue.tsv	medium: needs narrative context and speaker/event validation	TextAsset payload/string-table cell
3	resources.assets:158	event	Last night I saw a mysterious wooden chest bumping against the side of the boat. I didn’t waste my energy on it… if it had any valuables, it wouldn’t float that easily.			needs-review	resources.assets:path_id=158:m_Script[chest_skipped].text[2]	type=TextAsset; name=journals; dump=resources.assets/TextAsset/158__journals.txt	chest_skipped | The ocean sure amasses a lot of things together.<br>Last night I saw a mysterious woode... | The ocean sure amasses a lot of things together. || I went back to sleep instead. | No Junk Needed! | 253	add/update source-text entry in translations/source_queue.tsv	medium: needs narrative context and speaker/event validation	TextAsset payload/string-table cell
3	resources.assets:158	event	Last night was nauseating, to say the least. Had I slept an hour longer, I might have ended up under the boat.			needs-review	resources.assets:path_id=158:m_Script[bigwaves_anchor].text[1]	type=TextAsset; name=journals; dump=resources.assets/TextAsset/158__journals.txt	100 | bigwaves_anchor | Last night was nauseating, to say the least. Had I slept an hour longer, I might have e... || Luckily, I managed to stabilize it using that heavy anchor I’ve got here. | It did a dandy job of keeping everything still, including myself. | Restless Waves	add/update source-text entry in translations/source_queue.tsv	medium: needs narrative context and speaker/event validation	TextAsset payload/string-table cell
3	resources.assets:158	event	Last night was nauseating, to say the least. Had I slept an hour longer, I might have ended up under the boat.			needs-review	resources.assets:path_id=158:m_Script[bigwaves_swimbelt].text[1]	type=TextAsset; name=journals; dump=resources.assets/TextAsset/158__journals.txt	256 | bigwaves_swimbelt | Last night was nauseating, to say the least. Had I slept an hour longer, I might have e... || I had a swim ring lying around, so I put it on, just to rest assured I wouldn’t wake up... | Restless Waves | 217	add/update source-text entry in translations/source_queue.tsv	medium: needs narrative context and speaker/event validation	TextAsset payload/string-table cell
3	resources.assets:158	event	Laurel and I are the only ones left, sitting in this old junk of a lifeboat.			needs-review	resources.assets:path_id=158:m_Script[startgame_woman].text[2]	type=TextAsset; name=journals; dump=resources.assets/TextAsset/158__journals.txt	startgame_woman | Well, there goes Dorothy…<br>Laurel and I are the only ones left, sitting in this old j... | Well, there goes Dorothy… || I have no idea what struck our ship, and judging by the sound, I honestly don’t want to... | Now all we can do is survive as long as we need. I’m sure help will come soon. | A New Day	add/update source-text entry in translations/source_queue.tsv	medium: needs narrative context and speaker/event validation	TextAsset payload/string-table cell
3	resources.assets:158	event	Loads of small, glowing eyes filled the waters.			needs-review	resources.assets:path_id=158:m_Script[smallmonsterfish_lampattack].text[1]	type=TextAsset; name=journals; dump=resources.assets/TextAsset/158__journals.txt	210 | smallmonsterfish_lampattack | Loads of small, glowing eyes filled the waters.<br>I tried using my flashlight, pretend... || I tried using my flashlight, pretending to be one of them. | They didn’t appreciate my disguise. The last thing I remember was the blinding light of... | I think I lost part of my ear.	add/update source-text entry in translations/source_queue.tsv	medium: needs narrative context and speaker/event validation	TextAsset payload/string-table cell
3	resources.assets:158	event	Loads of white, glowing dots filled the sea… watching. The fish were far bigger and much more unnerving than those I’d seen during the day.			needs-review	resources.assets:path_id=158:m_Script[smallmonsterfish_sleep].text[1]	type=TextAsset; name=journals; dump=resources.assets/TextAsset/158__journals.txt	267 | smallmonsterfish_sleep | Loads of white, glowing dots filled the sea… watching. The fish were far bigger and muc... || But they didn’t seem able to hurt me, even though they kept watching me in my sleep all... | Being Watched | 250	add/update source-text entry in translations/source_queue.tsv	medium: needs narrative context and speaker/event validation	TextAsset payload/string-table cell
3	resources.assets:158	event	Loads of white, glowing dots filled the sea… watching. The fish were far bigger and much more unnerving than those I’d seen during the day.			needs-review	resources.assets:path_id=158:m_Script[smallmonsterfish_sleep_lose].text[1]	type=TextAsset; name=journals; dump=resources.assets/TextAsset/158__journals.txt	250 | smallmonsterfish_sleep_lose | Loads of white, glowing dots filled the sea… watching. The fish were far bigger and muc... || I tried ignoring them, but they had other plans. The last thing I remember was the blin... | I think I lost part of my ear. | Blinding Wounds	add/update source-text entry in translations/source_queue.tsv	medium: needs narrative context and speaker/event validation	TextAsset payload/string-table cell
3	resources.assets:158	event	Looking at my surroundings, it was clear I needed to navigate a bit, or the boat might drift into waters more dangerous than I could handle.			needs-review	resources.assets:path_id=158:m_Script[dangerouswater_navigated].text[1]	type=TextAsset; name=journals; dump=resources.assets/TextAsset/158__journals.txt	219 | dangerouswater_navigated | Looking at my surroundings, it was clear I needed to navigate a bit, or the boat might ... || Truth be told, I have no idea where I’m headed. Let’s just hope it’s more pleasant than... | Rock And Row | 262	add/update source-text entry in translations/source_queue.tsv	medium: needs narrative context and speaker/event validation	TextAsset payload/string-table cell
3	resources.assets:158	event	Luckily, I managed to stabilize it using that heavy anchor I’ve got here.			needs-review	resources.assets:path_id=158:m_Script[bigwaves_anchor].text[2]	type=TextAsset; name=journals; dump=resources.assets/TextAsset/158__journals.txt	bigwaves_anchor | Last night was nauseating, to say the least. Had I slept an hour longer, I might have e... | Last night was nauseating, to say the least. Had I slept an hour longer, I might have e... || It did a dandy job of keeping everything still, including myself. | Restless Waves | 256	add/update source-text entry in translations/source_queue.tsv	medium: needs narrative context and speaker/event validation	TextAsset payload/string-table cell
3	resources.assets:158	event	Lucky for the quick one it was, my plan didn’t work out as intended, and it flew away freely.			needs-review	resources.assets:path_id=158:m_Script[seagull_net].text[2]	type=TextAsset; name=journals; dump=resources.assets/TextAsset/158__journals.txt	seagull_net | A curious seagull made a visit to the boat last night. Too bad it found the person who’... | A curious seagull made a visit to the boat last night. Too bad it found the person who’... || Close Call Culinary | 242 | seagull_eat	add/update source-text entry in translations/source_queue.tsv	medium: needs narrative context and speaker/event validation	TextAsset payload/string-table cell
3	resources.assets:158	event	Makes perfect sense. …Right?			needs-review	resources.assets:path_id=158:m_Script[airplane_slept].text[2]	type=TextAsset; name=journals; dump=resources.assets/TextAsset/158__journals.txt	airplane_slept | I can’t be wrong! That was definitely not a bird! That means people are flying over thi... | I can’t be wrong! That was definitely not a bird! That means people are flying over thi... || Cold Shoulder | 175 | seawatcher_kept_awake	add/update source-text entry in translations/source_queue.tsv	medium: needs narrative context and speaker/event validation	TextAsset payload/string-table cell
3	resources.assets:158	event	May it never find me again, especially without ammunition.			needs-review	resources.assets:path_id=158:m_Script[monsterfish_hookgun].text[3]	type=TextAsset; name=journals; dump=resources.assets/TextAsset/158__journals.txt	My surroundings went dead silent as it stared into my eyes with its hollow gaze.<br>I k... | My surroundings went dead silent as it stared into my eyes with its hollow gaze. | I knew I had only seconds to act. Soon after, it was staring down the barrel of my harp... || Death Stare | 290 | monsterfish_net_bad	add/update source-text entry in translations/source_queue.tsv	medium: needs narrative context and speaker/event validation	TextAsset payload/string-table cell
3	resources.assets:158	event	Maybe it thought I disliked its song.			needs-review	resources.assets:path_id=158:m_Script[siren_gotaway].text[3]	type=TextAsset; name=journals; dump=resources.assets/TextAsset/158__journals.txt	I saw someone stranded on a rock in the distance. Before I could even question it, I st... | I saw someone stranded on a rock in the distance. Before I could even question it, I st... | Something this comforting had to be a trap, I thought. I refused to listen. By morning,... || Eeire Melody | 282 | siren_slept	add/update source-text entry in translations/source_queue.tsv	medium: needs narrative context and speaker/event validation	TextAsset payload/string-table cell
3	resources.assets:158	event	My chest still pounds with the blood I have left. I have encountered the dread from below.			needs-review	resources.assets:path_id=158:m_Script[kraken_anchor_success].text[1]	type=TextAsset; name=journals; dump=resources.assets/TextAsset/158__journals.txt	218 | kraken_anchor_success | My chest still pounds with the blood I have left. I have encountered the dread from bel... || It looked me in the eyes, judging… as if it already knew my deepest, darkest secrets. | Wounding it only bought me one more day. But it demands atonement. | It wants… my heart.	add/update source-text entry in translations/source_queue.tsv	medium: needs narrative context and speaker/event validation	TextAsset payload/string-table cell
3	resources.assets:158	event	My chest still pounds with the little blood I have left following the night I encountered the dread from below.			needs-review	resources.assets:path_id=158:m_Script[kraken_gothurt].text[1]	type=TextAsset; name=journals; dump=resources.assets/TextAsset/158__journals.txt	272 | kraken_gothurt | My chest still pounds with the little blood I have left following the night I encounter... || It looked me in the eyes, judging… as if it already knew my deepest, darkest secrets. | Weapons were futile. It demands atonement. | It wants… my heart.	add/update source-text entry in translations/source_queue.tsv	medium: needs narrative context and speaker/event validation	TextAsset payload/string-table cell
3	resources.assets:158	event	My chest still pounds with the little blood I have left following the night I encountered the dread from below.			needs-review	resources.assets:path_id=158:m_Script[kraken_sleep_died].text[1]	type=TextAsset; name=journals; dump=resources.assets/TextAsset/158__journals.txt	269 | kraken_sleep_died | My chest still pounds with the little blood I have left following the night I encounter... || It looked me in the eyes, judging… as if it already knew my deepest, darkest secrets. | Escaping is hopeless. It demands atonement. | It wants… my heart.	add/update source-text entry in translations/source_queue.tsv	medium: needs narrative context and speaker/event validation	TextAsset payload/string-table cell
3	resources.assets:158	event	My disappointment could not be measured on this ruined night…			needs-review	resources.assets:path_id=158:m_Script[fishsquad_fishfail].text[2]	type=TextAsset; name=journals; dump=resources.assets/TextAsset/158__journals.txt	fishsquad_fishfail | I woke up to the sound of a group of fish getting too comfortable around the boat, so I... | I woke up to the sound of a group of fish getting too comfortable around the boat, so I... || Empty Handed | 211 | fishsquad_sleep	add/update source-text entry in translations/source_queue.tsv	medium: needs narrative context and speaker/event validation	TextAsset payload/string-table cell
3	resources.assets:158	event	My gut tells me no one I see out here is actually real. In the past few days, I’ve already lost both my faith and my trust…			needs-review	resources.assets:path_id=158:m_Script[boat_cansave_slept].text[3]	type=TextAsset; name=journals; dump=resources.assets/TextAsset/158__journals.txt	I’m starting to feel like everyone is actively avoiding this place.<br>If they could se... | I’m starting to feel like everyone is actively avoiding this place. | If they could send help, they would have by now. || Fine on My Own | 246 | chestattack_seagull	add/update source-text entry in translations/source_queue.tsv	medium: needs narrative context and speaker/event validation	TextAsset payload/string-table cell
3	resources.assets:158	event	My last effort was using a bucket to dampen the noise and block the moonlight, which gave me a few more hours of rest that night.			needs-review	resources.assets:path_id=158:m_Script[sleptunwell_bucket].text[2]	type=TextAsset; name=journals; dump=resources.assets/TextAsset/158__journals.txt	sleptunwell_bucket | I don’t know if it was the constant swaying or the sound of the waves, but I couldn’t g... | I don’t know if it was the constant swaying or the sound of the waves, but I couldn’t g... || Comfy Enough | 237 | sleptunwell_flashlight	add/update source-text entry in translations/source_queue.tsv	medium: needs narrative context and speaker/event validation	TextAsset payload/string-table cell
3	resources.assets:158	event	My mate does not recall being awake that night…			needs-review	resources.assets:path_id=158:m_Script[friendevil_slept_good].text[4]	type=TextAsset; name=journals; dump=resources.assets/TextAsset/158__journals.txt	My shipmate woke last night, but something felt wrong. Maybe I was just drowsy, but tha... | I just didn’t trust it. | I ignored it and pretended to be asleep until I truly dozed off. || Trust Issues | 251 | friendevil_slept_attack	add/update source-text entry in translations/source_queue.tsv	medium: needs narrative context and speaker/event validation	TextAsset payload/string-table cell
3	resources.assets:158	event	My only chance to escape was to feed them. I didn’t have enough for all of them, but I tried anyway.			needs-review	resources.assets:path_id=158:m_Script[smallmonsterfish_bait].text[2]	type=TextAsset; name=journals; dump=resources.assets/TextAsset/158__journals.txt	smallmonsterfish_bait | I was greeted by countless hungry mouths, not knowing whether they were after my suppli... | I was greeted by countless hungry mouths, not knowing whether they were after my suppli... || Throwing some bait distracted them just long enough for me to get away safely… for now. | Get Away! | 292	add/update source-text entry in translations/source_queue.tsv	medium: needs narrative context and speaker/event validation	TextAsset payload/string-table cell
3	resources.assets:158	event	My shipmate woke last night, but something felt wrong. Maybe I was just drowsy, but that voice was… off.			needs-review	resources.assets:path_id=158:m_Script[friendevil_slept_good].text[1]	type=TextAsset; name=journals; dump=resources.assets/TextAsset/158__journals.txt	262 | friendevil_slept_good | My shipmate woke last night, but something felt wrong. Maybe I was just drowsy, but tha... || I just didn’t trust it. | I ignored it and pretended to be asleep until I truly dozed off. | My mate does not recall being awake that night…	add/update source-text entry in translations/source_queue.tsv	medium: needs narrative context and speaker/event validation	TextAsset payload/string-table cell
3	resources.assets:158	event	My supplies could easily be damaged or swept away by the currents, so I secured them with my net. I still needed to rearrange everything in the morning, but nothing was damaged…			needs-review	resources.assets:path_id=158:m_Script[windy_net].text[2]	type=TextAsset; name=journals; dump=resources.assets/TextAsset/158__journals.txt	windy_net | The wind blew strongly, not letting me rest…<br>My supplies could easily be damaged or ... | The wind blew strongly, not letting me rest… || Except for the net. | Breeze | 248	add/update source-text entry in translations/source_queue.tsv	medium: needs narrative context and speaker/event validation	TextAsset payload/string-table cell
3	resources.assets:158	event	My supplies were hit too, and the morning was spent rearranging everything so it’s in order again.			needs-review	resources.assets:path_id=158:m_Script[rainstorm_sleep_lost].text[3]	type=TextAsset; name=journals; dump=resources.assets/TextAsset/158__journals.txt	I was jolted awake by the sound of thunder that followed the flashing lights of the sto... | I was jolted awake by the sound of thunder that followed the flashing lights of the sto... | It was one of my hardest nights in terms of sleep. || Roaring Clouds | 272 | seagull_flashlight	add/update source-text entry in translations/source_queue.tsv	medium: needs narrative context and speaker/event validation	TextAsset payload/string-table cell
3	resources.assets:158	event	My surroundings went dead silent as it stared into my eyes with its hollow gaze.			needs-review	resources.assets:path_id=158:m_Script[monsterfish_food_good].text[1]	type=TextAsset; name=journals; dump=resources.assets/TextAsset/158__journals.txt	281 | monsterfish_food_good | My surroundings went dead silent as it stared into my eyes with its hollow gaze.<br>I k... || I knew it wanted to feast. With a shaking hand, I picked up some cans from my boat and ... | If I hadn’t done that, I’d probably have become its supper. | Feeding Death	add/update source-text entry in translations/source_queue.tsv	medium: needs narrative context and speaker/event validation	TextAsset payload/string-table cell
3	resources.assets:158	event	My surroundings went dead silent as it stared into my eyes with its hollow gaze.			needs-review	resources.assets:path_id=158:m_Script[monsterfish_food_bad].text[1]	type=TextAsset; name=journals; dump=resources.assets/TextAsset/158__journals.txt	260 | monsterfish_food_bad | My surroundings went dead silent as it stared into my eyes with its hollow gaze.<br>I k... || I knew it wanted to feast. I tried feeding it my leftovers, desperate to distract it. | Everything went blank after that. I woke up with teeth marks all over my lower body… an... | Death Feeding	add/update source-text entry in translations/source_queue.tsv	medium: needs narrative context and speaker/event validation	TextAsset payload/string-table cell
3	resources.assets:158	event	My surroundings went dead silent as it stared into my eyes with its hollow gaze.			needs-review	resources.assets:path_id=158:m_Script[monsterfish_hookgun].text[1]	type=TextAsset; name=journals; dump=resources.assets/TextAsset/158__journals.txt	302 | monsterfish_hookgun | My surroundings went dead silent as it stared into my eyes with its hollow gaze.<br>I k... || I knew I had only seconds to act. Soon after, it was staring down the barrel of my harp... | May it never find me again, especially without ammunition. | Death Stare	add/update source-text entry in translations/source_queue.tsv	medium: needs narrative context and speaker/event validation	TextAsset payload/string-table cell
3	resources.assets:158	event	My surroundings went dead silent as it stared into my eyes with its hollow gaze.			needs-review	resources.assets:path_id=158:m_Script[monsterfish_net_bad].text[1]	type=TextAsset; name=journals; dump=resources.assets/TextAsset/158__journals.txt	290 | monsterfish_net_bad | My surroundings went dead silent as it stared into my eyes with its hollow gaze.<br>I t... || I thought a fishnet would either distract it or win me a record in fishing. | But everything went blank after the throw. I woke up with only half my toes intact and ... | Death Stare	add/update source-text entry in translations/source_queue.tsv	medium: needs narrative context and speaker/event validation	TextAsset payload/string-table cell
3	resources.assets:158	event	My surroundings went dead silent as it stared into my eyes with its hollow gaze.			needs-review	resources.assets:path_id=158:m_Script[monsterfish_sleep].text[1]	type=TextAsset; name=journals; dump=resources.assets/TextAsset/158__journals.txt	286 | monsterfish_sleep | My surroundings went dead silent as it stared into my eyes with its hollow gaze.<br>I w... || I was sure it was just a nightmare, so I tried to ignore it and drifted off again. | It’s daytime now, but I still feel like I’m being watched… | Death Stare	add/update source-text entry in translations/source_queue.tsv	medium: needs narrative context and speaker/event validation	TextAsset payload/string-table cell
3	resources.assets:158	event	My surroundings went dead silent as it stared into my eyes with its hollow gaze.			needs-review	resources.assets:path_id=158:m_Script[monsterfish_sleep_bad].text[1]	type=TextAsset; name=journals; dump=resources.assets/TextAsset/158__journals.txt	228 | monsterfish_sleep_bad | My surroundings went dead silent as it stared into my eyes with its hollow gaze.<br>I w... || I was sure it was just a nightmare, so I tried to ignore it and drifted off again. | I woke up with only half my toes intact and huge teeth marks on my legs. | Death Stare	add/update source-text entry in translations/source_queue.tsv	medium: needs narrative context and speaker/event validation	TextAsset payload/string-table cell
3	resources.assets:158	event	My surroundings went dead silent as it stared into my eyes with its hollow gaze.			needs-review	resources.assets:path_id=158:m_Script[monsterfish_flashlight_good].text[1]	type=TextAsset; name=journals; dump=resources.assets/TextAsset/158__journals.txt	242 | monsterfish_flashlight_good | My surroundings went dead silent as it stared into my eyes with its hollow gaze.<br>Wit... || Without even trying to comprehend what I saw, I started flickering my flashlight at it,... | It seems whatever that thing was, it didn’t like bright lights. | Death Stare	add/update source-text entry in translations/source_queue.tsv	medium: needs narrative context and speaker/event validation	TextAsset payload/string-table cell
3	resources.assets:158	event	My surroundings went dead silent as it stared into my eyes with its hollow gaze.			needs-review	resources.assets:path_id=158:m_Script[monsterfish_flashlight_bad].text[1]	type=TextAsset; name=journals; dump=resources.assets/TextAsset/158__journals.txt	286 | monsterfish_flashlight_bad | My surroundings went dead silent as it stared into my eyes with its hollow gaze.<br>Wit... || Without even trying to comprehend what I saw, I started flickering my flashlight at it,... | It bothered it enough to make me lose the light in fear… | Death Stare	add/update source-text entry in translations/source_queue.tsv	medium: needs narrative context and speaker/event validation	TextAsset payload/string-table cell
3	resources.assets:158	event	My surroundings went dead silent as it stared into my eyes with its hollow gaze.			needs-review	resources.assets:path_id=158:m_Script[monsterfish_umbrella_good].text[1]	type=TextAsset; name=journals; dump=resources.assets/TextAsset/158__journals.txt	279 | monsterfish_umbrella_good | My surroundings went dead silent as it stared into my eyes with its hollow gaze.<br>I f... || I felt hopeless. I couldn’t look into those dark holes any longer. | I hid behind my umbrella, hoping it didn’t have object permanence. I was relieved when ... | Death Stare	add/update source-text entry in translations/source_queue.tsv	medium: needs narrative context and speaker/event validation	TextAsset payload/string-table cell
3	resources.assets:158	event	My surroundings went dead silent as it stared into my eyes with its hollow gaze.			needs-review	resources.assets:path_id=158:m_Script[monsterfish_umbrella_bad].text[1]	type=TextAsset; name=journals; dump=resources.assets/TextAsset/158__journals.txt	282 | monsterfish_umbrella_bad | My surroundings went dead silent as it stared into my eyes with its hollow gaze.<br>I f... || I felt hopeless. I couldn’t look into those dark holes any longer. | I hid behind my umbrella and prayed… Everything went blank after that. I woke up with t... | Death Stare	add/update source-text entry in translations/source_queue.tsv	medium: needs narrative context and speaker/event validation	TextAsset payload/string-table cell
3	resources.assets:158	event	Needless to say, after getting back to sleep, I dreamt about fish… having a fistfight.			needs-review	resources.assets:path_id=158:m_Script[fishinboat_sleep].text[3]	type=TextAsset; name=journals; dump=resources.assets/TextAsset/158__journals.txt	Sounds of slapping and flopping filled the air last night.<br>It sounded like a fish fo... | Sounds of slapping and flopping filled the air last night. | It sounded like a fish following the boat, passionately trying to wake me up out of spite. || Slaps To Sleep | 242 | friendsick_firstaidkit	add/update source-text entry in translations/source_queue.tsv	medium: needs narrative context and speaker/event validation	TextAsset payload/string-table cell
3	resources.assets:158	event	No matter how much I try to be seen, I’m starting to believe I’m not even looking at real people. Maybe I’ve already gone mad.			needs-review	resources.assets:path_id=158:m_Script[boat_cansave_ignored].text[3]	type=TextAsset; name=journals; dump=resources.assets/TextAsset/158__journals.txt	Is no one… actually looking for me?<br>Does everyone else actively avoid this place? Ho... | Is no one… actually looking for me? | Does everyone else actively avoid this place? How come no one has sent help already? || Hopeless | 253 | boat_cansave_slept	add/update source-text entry in translations/source_queue.tsv	medium: needs narrative context and speaker/event validation	TextAsset payload/string-table cell
3	resources.assets:158	event	Note to self: Not everything shaped like treasure is actually treasure.			needs-review	resources.assets:path_id=158:m_Script[chestattack_attack].text[1]	type=TextAsset; name=journals; dump=resources.assets/TextAsset/158__journals.txt	171 | chestattack_attack | Note to self: Not everything shaped like treasure is actually treasure.<br>These waters... || These waters find the most unexpected ways to end me when I’m not careful. | Surprise… | 149	add/update source-text entry in translations/source_queue.tsv	medium: needs narrative context and speaker/event validation	TextAsset payload/string-table cell
3	resources.assets:158	event	Note to self: Not everything shaped like treasure is actually treasure.			needs-review	resources.assets:path_id=158:m_Script[chestattack_sleep_fail].text[1]	type=TextAsset; name=journals; dump=resources.assets/TextAsset/158__journals.txt	200 | chestattack_sleep_fail | Note to self: Not everything shaped like treasure is actually treasure.<br>These waters... || These waters find the most unexpected ways to end me when I’m not careful. | Surprise… | 149	add/update source-text entry in translations/source_queue.tsv	medium: needs narrative context and speaker/event validation	TextAsset payload/string-table cell
3	resources.assets:158	event	Now all I can do is survive as long as I need. I’m sure help will come soon.			needs-review	resources.assets:path_id=158:m_Script[startgame_alone].text[4]	type=TextAsset; name=journals; dump=resources.assets/TextAsset/158__journals.txt	Well, there goes Dorothy… | I’m the only one left, stuck on this old junk of a lifeboat. | I have no idea what struck our ship, and judging by the sound, I honestly don’t want to... || A New Day | 270 | startgame_man	add/update source-text entry in translations/source_queue.tsv	medium: needs narrative context and speaker/event validation	TextAsset payload/string-table cell
3	resources.assets:158	event	Now I’m getting paranoid. I’m too afraid to even help others anymore…			needs-review	resources.assets:path_id=158:m_Script[friendevil_flashlight].text[3]	type=TextAsset; name=journals; dump=resources.assets/TextAsset/158__journals.txt	At night, I can’t trust anything anymore. Not even my friend, who I’ve sailed with for ... | At night, I can’t trust anything anymore. Not even my friend, who I’ve sailed with for ... | I saw through the illusion, but it sounded near perfect. || Doing so would risk my own life. | Swindler | 262	add/update source-text entry in translations/source_queue.tsv	medium: needs narrative context and speaker/event validation	TextAsset payload/string-table cell
3	resources.assets:158	event	Now I’m paranoid. If I were the only one here… would that thing take my form instead?			needs-review	resources.assets:path_id=158:m_Script[friendevil_slept_attack].text[3]	type=TextAsset; name=journals; dump=resources.assets/TextAsset/158__journals.txt	At night, I can’t trust anything anymore. Not even my friend, who I’ve sailed with for ... | At night, I can’t trust anything anymore. Not even my friend, who I’ve sailed with for ... | I know this was some sort of illusion, but it felt so real… || Swindler | 245 | ghostboat	add/update source-text entry in translations/source_queue.tsv	medium: needs narrative context and speaker/event validation	TextAsset payload/string-table cell
3	resources.assets:158	event	Now I’m paranoid. I’m too afraid to even help others anymore…			needs-review	resources.assets:path_id=158:m_Script[friendevil_tried_help].text[3]	type=TextAsset; name=journals; dump=resources.assets/TextAsset/158__journals.txt	At night, I can’t trust anything anymore. Not even my friend, who I’ve sailed with for ... | At night, I can’t trust anything anymore. Not even my friend, who I’ve sailed with for ... | I know this was some sort of illusion, but it felt so real… || Doing so would risk my own life. | Swindler | 257	add/update source-text entry in translations/source_queue.tsv	medium: needs narrative context and speaker/event validation	TextAsset payload/string-table cell
3	resources.assets:158	event	Now there is one more hand in the ocean. Fortunately, a single hand is surprisingly enough to get by out here.			needs-review	resources.assets:path_id=158:m_Script[handyman_touch].text[2]	type=TextAsset; name=journals; dump=resources.assets/TextAsset/158__journals.txt	handyman_touch | A hand emerged from the sea. It looked like a human hand and came very close to my boat... | A hand emerged from the sea. It looked like a human hand and came very close to my boat... || Curiosity | 267 | island_kill_man	add/update source-text entry in translations/source_queue.tsv	medium: needs narrative context and speaker/event validation	TextAsset payload/string-table cell
3	resources.assets:158	event	Of course, normally I’d hear it from inside, dry and safe, not in a wooden boat, soaked through, with water running down my clothes.			needs-review	resources.assets:path_id=158:m_Script[rain_sleep].text[2]	type=TextAsset; name=journals; dump=resources.assets/TextAsset/158__journals.txt	rain_sleep | Rain can be calming, even when things aren’t great.<br>Of course, normally I’d hear it ... | Rain can be calming, even when things aren’t great. || Still, I drifted off quickly to the sound of droplets hitting the ocean. | Shower Night | 263	add/update source-text entry in translations/source_queue.tsv	medium: needs narrative context and speaker/event validation	TextAsset payload/string-table cell
3	resources.assets:158	event	Of course, normally I’d hear it from inside, dry and safe, not in a wooden boat, soaked through, with water running down my clothes.			needs-review	resources.assets:path_id=158:m_Script[rain_sleep_bad].text[2]	type=TextAsset; name=journals; dump=resources.assets/TextAsset/158__journals.txt	rain_sleep_bad | Rain can be calming, even when things aren’t great.<br>Of course, normally I’d hear it ... | Rain can be calming, even when things aren’t great. || I struggled to sleep as every droplet hit my face through the night. | Shower Night | 259	add/update source-text entry in translations/source_queue.tsv	medium: needs narrative context and speaker/event validation	TextAsset payload/string-table cell
3	resources.assets:158	event	One eye lingered on my friend, hunger in its gaze. I was not its target…			needs-review	resources.assets:path_id=158:m_Script[seawatcher_kept_awake].text[2]	type=TextAsset; name=journals; dump=resources.assets/TextAsset/158__journals.txt	seawatcher_kept_awake | I had to pull an all-nighter. The sea had eyes. I was locked in a staring contest with ... | I had to pull an all-nighter. The sea had eyes. I was locked in a staring contest with it. || By dawn, I woke up exhausted but relieved, as it left without harm. | Must Stay Awake | 237	add/update source-text entry in translations/source_queue.tsv	medium: needs narrative context and speaker/event validation	TextAsset payload/string-table cell
3	resources.assets:158	event	One heavy anchor was enough to keep the boat in place and protect it from drifting too far with the dangerous currents.			needs-review	resources.assets:path_id=158:m_Script[rainstorm_anchor].text[2]	type=TextAsset; name=journals; dump=resources.assets/TextAsset/158__journals.txt	rainstorm_anchor | I was jolted awake by the sound of thunder that followed the flashing lights of the sto... | I was jolted awake by the sound of thunder that followed the flashing lights of the sto... || Stuck Under the Weather | 239 | rainstorm_bucket	add/update source-text entry in translations/source_queue.tsv	medium: needs narrative context and speaker/event validation	TextAsset payload/string-table cell
3	resources.assets:158	event	Rain can be calming, even when things aren’t great.			needs-review	resources.assets:path_id=158:m_Script[rain_sleep].text[1]	type=TextAsset; name=journals; dump=resources.assets/TextAsset/158__journals.txt	295 | rain_sleep | Rain can be calming, even when things aren’t great.<br>Of course, normally I’d hear it ... || Of course, normally I’d hear it from inside, dry and safe, not in a wooden boat, soaked... | Still, I drifted off quickly to the sound of droplets hitting the ocean. | Shower Night	add/update source-text entry in translations/source_queue.tsv	medium: needs narrative context and speaker/event validation	TextAsset payload/string-table cell
3	resources.assets:158	event	Rain can be calming, even when things aren’t great.			needs-review	resources.assets:path_id=158:m_Script[rain_sleep_bad].text[1]	type=TextAsset; name=journals; dump=resources.assets/TextAsset/158__journals.txt	263 | rain_sleep_bad | Rain can be calming, even when things aren’t great.<br>Of course, normally I’d hear it ... || Of course, normally I’d hear it from inside, dry and safe, not in a wooden boat, soaked... | I struggled to sleep as every droplet hit my face through the night. | Shower Night	add/update source-text entry in translations/source_queue.tsv	medium: needs narrative context and speaker/event validation	TextAsset payload/string-table cell
3	resources.assets:158	event	She never came back. I had to leave… Staying here would only ensure that at least one of us survived. Hopefully.			needs-review	resources.assets:path_id=158:m_Script[island_kill_woman].text[3]	type=TextAsset; name=journals; dump=resources.assets/TextAsset/158__journals.txt	I found a lonely, minuscule island, so I decided to wake up Laurel and send her to expl... | I found a lonely, minuscule island, so I decided to wake up Laurel and send her to expl... | After several hours, I started to worry. Maybe I should have gone with her? || Midnight Tour | 289 | island_kill_row	add/update source-text entry in translations/source_queue.tsv	medium: needs narrative context and speaker/event validation	TextAsset payload/string-table cell
3	resources.assets:158	event	Sleep wasn’t much better.			needs-review	resources.assets:path_id=158:m_Script[seawatcher_sleep_good].text[2]	type=TextAsset; name=journals; dump=resources.assets/TextAsset/158__journals.txt	seawatcher_sleep_good | The sea had eyes. I was locked in a staring contest with it, but my eyelids grew too he... | The sea had eyes. I was locked in a staring contest with it, but my eyelids grew too he... || I dreamed of my only friend dying in some horrible, indescribable way. Was this a warni... | Dareful Nap | 240	add/update source-text entry in translations/source_queue.tsv	medium: needs narrative context and speaker/event validation	TextAsset payload/string-table cell
3	resources.assets:158	event	So as extra security, I improvised a night light out of my torch. I just hope those small batteries last a few more days.			needs-review	resources.assets:path_id=158:m_Script[sleptunwell_flashlight].text[2]	type=TextAsset; name=journals; dump=resources.assets/TextAsset/158__journals.txt	sleptunwell_flashlight | Usually I’m not scared to sleep in the dark, but you never feel safe in the middle of t... | Usually I’m not scared to sleep in the dark, but you never feel safe in the middle of t... || Comfy Enough | 221 | sleptunwell_umbrella	add/update source-text entry in translations/source_queue.tsv	medium: needs narrative context and speaker/event validation	TextAsset payload/string-table cell
3	resources.assets:158	event	Someone must have been there before, because I found an old wooden chest. I took it with me back to the boat.			needs-review	resources.assets:path_id=158:m_Script[islandsmall_foundchest].text[2]	type=TextAsset; name=journals; dump=resources.assets/TextAsset/158__journals.txt	islandsmall_foundchest | I found a lonely, minuscule island, so I decided to take a small tour.<br>Someone must ... | I found a lonely, minuscule island, so I decided to take a small tour. || It was heavy and exhausting to carry, so it better be worth it! | Midnight Tour | 250	add/update source-text entry in translations/source_queue.tsv	medium: needs narrative context and speaker/event validation	TextAsset payload/string-table cell
3	resources.assets:158	event	Something struck the side of the boat, waking me up.			needs-review	resources.assets:path_id=158:m_Script[skeleton_skipped].text[1]	type=TextAsset; name=journals; dump=resources.assets/TextAsset/158__journals.txt	295 | skeleton_skipped | Something struck the side of the boat, waking me up.<br>It was bones… human bones, drif... || It was bones… human bones, drifting on the waves. | If this isn’t a sign to leave as fast as possible, I don’t know what is. | Still, I wonder whose remains they were… and how they ended up here.	add/update source-text entry in translations/source_queue.tsv	medium: needs narrative context and speaker/event validation	TextAsset payload/string-table cell
3	resources.assets:158	event	Something struck the side of the boat, waking me up.			needs-review	resources.assets:path_id=158:m_Script[skeleton_found].text[1]	type=TextAsset; name=journals; dump=resources.assets/TextAsset/158__journals.txt	253 | skeleton_found | Something struck the side of the boat, waking me up.<br>I pulled it onboard. Human rema... || I pulled it onboard. Human remains… Old, just bones now. | But the hat was still intact, and stitched inside it was a name: “Damien.” | Mirror	add/update source-text entry in translations/source_queue.tsv	medium: needs narrative context and speaker/event validation	TextAsset payload/string-table cell
3	resources.assets:158	event	Something this comforting had to be a trap, I thought. I refused to listen. By morning, it was gone.			needs-review	resources.assets:path_id=158:m_Script[siren_gotaway].text[2]	type=TextAsset; name=journals; dump=resources.assets/TextAsset/158__journals.txt	siren_gotaway | I saw someone stranded on a rock in the distance. Before I could even question it, I st... | I saw someone stranded on a rock in the distance. Before I could even question it, I st... || Maybe it thought I disliked its song. | Eeire Melody | 282	add/update source-text entry in translations/source_queue.tsv	medium: needs narrative context and speaker/event validation	TextAsset payload/string-table cell
3	resources.assets:158	event	Sounds of slapping and flopping filled the air last night.			needs-review	resources.assets:path_id=158:m_Script[fishinboat_sleep].text[1]	type=TextAsset; name=journals; dump=resources.assets/TextAsset/158__journals.txt	18 | fishinboat_sleep | Sounds of slapping and flopping filled the air last night.<br>It sounded like a fish fo... || It sounded like a fish following the boat, passionately trying to wake me up out of spite. | Needless to say, after getting back to sleep, I dreamt about fish… having a fistfight. | Slaps To Sleep	add/update source-text entry in translations/source_queue.tsv	medium: needs narrative context and speaker/event validation	TextAsset payload/string-table cell
3	resources.assets:158	event	Sounds of slapping and flopping filled the air last night. I decided to investigate and find the source.			needs-review	resources.assets:path_id=158:m_Script[fishinboat_fish].text[1]	type=TextAsset; name=journals; dump=resources.assets/TextAsset/158__journals.txt	276 | fishinboat_fish | Sounds of slapping and flopping filled the air last night. I decided to investigate and... || And lo and behold! Somebody decided they wanted to be my breakfast today. There is stil... | A Tasty Guest | 224	add/update source-text entry in translations/source_queue.tsv	medium: needs narrative context and speaker/event validation	TextAsset payload/string-table cell
3	resources.assets:158	event	Sounds of slapping and flopping filled the air last night. I decided to investigate and find the source.			needs-review	resources.assets:path_id=158:m_Script[fishinboat_empty].text[1]	type=TextAsset; name=journals; dump=resources.assets/TextAsset/158__journals.txt	224 | fishinboat_empty | Sounds of slapping and flopping filled the air last night. I decided to investigate and... || I couldn’t find anything. What made that sound? | I was hoping at least for a fish that made it onto the boat… then I could have had a fr... | Like a Fish?	add/update source-text entry in translations/source_queue.tsv	medium: needs narrative context and speaker/event validation	TextAsset payload/string-table cell
3	resources.assets:158	event	Still, I drifted off quickly to the sound of droplets hitting the ocean.			needs-review	resources.assets:path_id=158:m_Script[rain_sleep].text[3]	type=TextAsset; name=journals; dump=resources.assets/TextAsset/158__journals.txt	Rain can be calming, even when things aren’t great.<br>Of course, normally I’d hear it ... | Rain can be calming, even when things aren’t great. | Of course, normally I’d hear it from inside, dry and safe, not in a wooden boat, soaked... || Shower Night | 263 | rain_sleep_bad	add/update source-text entry in translations/source_queue.tsv	medium: needs narrative context and speaker/event validation	TextAsset payload/string-table cell
3	resources.assets:158	event	Still, I wonder whose remains they were… and how they ended up here.			needs-review	resources.assets:path_id=158:m_Script[skeleton_skipped].text[4]	type=TextAsset; name=journals; dump=resources.assets/TextAsset/158__journals.txt	Something struck the side of the boat, waking me up. | It was bones… human bones, drifting on the waves. | If this isn’t a sign to leave as fast as possible, I don’t know what is. || Abandonment | 253 | skeleton_found	add/update source-text entry in translations/source_queue.tsv	medium: needs narrative context and speaker/event validation	TextAsset payload/string-table cell
3	resources.assets:158	event	The air smelled putrid, and when I looked around… the sea was red. Deep red. Like, actual blood red.			needs-review	resources.assets:path_id=158:m_Script[bloodwater_foundpiece].text[1]	type=TextAsset; name=journals; dump=resources.assets/TextAsset/158__journals.txt	264 | bloodwater_foundpiece | The air smelled putrid, and when I looked around… the sea was red. Deep red. Like, actu... || I anxiously tried to collect a sample, but what I found was something completely differ... | I don’t think I was ever meant to find this. | Red	add/update source-text entry in translations/source_queue.tsv	medium: needs narrative context and speaker/event validation	TextAsset payload/string-table cell
3	resources.assets:158	event	The air smelled putrid, and when I looked around… the sea was red. Deep red. Like, actual blood red.			needs-review	resources.assets:path_id=158:m_Script[bloodwater_sleep].text[1]	type=TextAsset; name=journals; dump=resources.assets/TextAsset/158__journals.txt	243 | bloodwater_sleep | The air smelled putrid, and when I looked around… the sea was red. Deep red. Like, actu... || Were the lights playing tricks on me? Did I stumble upon an undersea massacre? | I need to reach land as fast as possible. I don’t want to add my blood to the sea. | Red	add/update source-text entry in translations/source_queue.tsv	medium: needs narrative context and speaker/event validation	TextAsset payload/string-table cell
3	resources.assets:158	event	The air smelled putrid, and when I looked around… the sea was red. Deep red. Like, actual blood red.			needs-review	resources.assets:path_id=158:m_Script[bloodwater_scuba_attack].text[1]	type=TextAsset; name=journals; dump=resources.assets/TextAsset/158__journals.txt	268 | bloodwater_scuba_attack | The air smelled putrid, and when I looked around… the sea was red. Deep red. Like, actu... || I equipped my diving gear to investigate. | Below, I heard a deep rumble, followed by the very thing I was searching for. | It was searching for me, too.	add/update source-text entry in translations/source_queue.tsv	medium: needs narrative context and speaker/event validation	TextAsset payload/string-table cell
3	resources.assets:158	event	The air smelled putrid, and when I looked around… the sea was red. Deep red. Like, actual blood red.			needs-review	resources.assets:path_id=158:m_Script[bloodwater_scuba_food].text[1]	type=TextAsset; name=journals; dump=resources.assets/TextAsset/158__journals.txt	259 | bloodwater_scuba_food | The air smelled putrid, and when I looked around… the sea was red. Deep red. Like, actu... || I equipped my diving gear to investigate. | The water was oddly warm, loud, and full of fish scattered in pieces. I grabbed as many... | Deep Red	add/update source-text entry in translations/source_queue.tsv	medium: needs narrative context and speaker/event validation	TextAsset payload/string-table cell
3	resources.assets:158	event	The area seemed pretty sketchy, but I still chose to go back to sleep and let the waves carry me out of there.			needs-review	resources.assets:path_id=158:m_Script[dangerouswater_slept].text[2]	type=TextAsset; name=journals; dump=resources.assets/TextAsset/158__journals.txt	dangerouswater_slept | I felt the impact of a small rock scraping beneath the boat, so I got up to take a look... | I felt the impact of a small rock scraping beneath the boat, so I got up to take a look... || This way, I can’t blame myself for picking the wrong direction! | Bumpy Sleep | 276	add/update source-text entry in translations/source_queue.tsv	medium: needs narrative context and speaker/event validation	TextAsset payload/string-table cell
3	resources.assets:158	event	The boat arrived at a fork in the waterway. I had hoped I could simply keep rowing forward, but in the end, I had to make a choice.			needs-review	resources.assets:path_id=158:m_Script[needsdirection_left].text[1]	type=TextAsset; name=journals; dump=resources.assets/TextAsset/158__journals.txt	192 | needsdirection_left | The boat arrived at a fork in the waterway. I had hoped I could simply keep rowing forw... || I turned left. | The waters seemed calmer that way. I just hope I made the right decision… | Choices…	add/update source-text entry in translations/source_queue.tsv	medium: needs narrative context and speaker/event validation	TextAsset payload/string-table cell
3	resources.assets:158	event	The boat arrived at a fork in the waterway. I had hoped I could simply keep rowing forward, but in the end, I had to make a choice.			needs-review	resources.assets:path_id=158:m_Script[needsdirection_right].text[1]	type=TextAsset; name=journals; dump=resources.assets/TextAsset/158__journals.txt	226 | needsdirection_right | The boat arrived at a fork in the waterway. I had hoped I could simply keep rowing forw... || I turned right. | I trusted the dangerous waters more than the empty horizon… | Choices…	add/update source-text entry in translations/source_queue.tsv	medium: needs narrative context and speaker/event validation	TextAsset payload/string-table cell
3	resources.assets:158	event	The boat arrived at a point of diverging paths. None of them looked appealing.			needs-review	resources.assets:path_id=158:m_Script[needsdirection_break].text[1]	type=TextAsset; name=journals; dump=resources.assets/TextAsset/158__journals.txt	213 | needsdirection_break | The boat arrived at a point of diverging paths. None of them looked appealing.<br>I fli... || I flipped an imaginary coin in my head, and that’s the way we’re headed now. | If only the shallow rocky bottom along that route were imaginary too… it was one bumpy ... | The Sea Took the Wheel	add/update source-text entry in translations/source_queue.tsv	medium: needs narrative context and speaker/event validation	TextAsset payload/string-table cell
3	resources.assets:158	event	The bottom of the boat is full of water now, and it looks like it could have done more damage than I thought.			needs-review	resources.assets:path_id=158:m_Script[boatleak_unsolved].text[2]	type=TextAsset; name=journals; dump=resources.assets/TextAsset/158__journals.txt	boatleak_unsolved | Had no high hopes for this old dinghy, but I didn’t expect a leak so big it nearly drow... | Had no high hopes for this old dinghy, but I didn’t expect a leak so big it nearly drow... || Wet Boots | 219 | dangerouswater_navigated	add/update source-text entry in translations/source_queue.tsv	medium: needs narrative context and speaker/event validation	TextAsset payload/string-table cell
3	resources.assets:158	event	The currents guided a bottle to our boat last evening. Wonder who sent it into the ocean…			needs-review	resources.assets:path_id=158:m_Script[bottle_slept].text[1]	type=TextAsset; name=journals; dump=resources.assets/TextAsset/158__journals.txt	235 | bottle_slept | The currents guided a bottle to our boat last evening. Wonder who sent it into the ocea... || It was far out of reach, so we may never know what message it held, or the reason it en... | Wandering Message | 192	add/update source-text entry in translations/source_queue.tsv	medium: needs narrative context and speaker/event validation	TextAsset payload/string-table cell
3	resources.assets:158	event	The currents guided a bottle to the boat last evening. I wonder who sent it into the ocean. Or when it was sent… or why…			needs-review	resources.assets:path_id=158:m_Script[bottle_got].text[1]	type=TextAsset; name=journals; dump=resources.assets/TextAsset/158__journals.txt	254 | bottle_got | The currents guided a bottle to the boat last evening. I wonder who sent it into the oc... || Having the paper completely blank on the other side gives me the chance to send a messa... | A Message | 235	add/update source-text entry in translations/source_queue.tsv	medium: needs narrative context and speaker/event validation	TextAsset payload/string-table cell
3	resources.assets:158	event	The fact that I’m still writing in this journal should be an answer good enough.			needs-review	resources.assets:path_id=158:m_Script[helicopter_sleep].text[2]	type=TextAsset; name=journals; dump=resources.assets/TextAsset/158__journals.txt	helicopter_sleep | I heard a loud noise yesterday. Propellers spinning, lamps sweeping across the sea. Was... | I heard a loud noise yesterday. Propellers spinning, lamps sweeping across the sea. Was... || I slept the rest of the night knowing the only thing that can save me now… is myself. | On My Own | 295	add/update source-text entry in translations/source_queue.tsv	medium: needs narrative context and speaker/event validation	TextAsset payload/string-table cell
3	resources.assets:158	event	The map which proved to be useless, held up just long enough… until I woke up with pieces of it in my mouth. Yuck.			needs-review	resources.assets:path_id=158:m_Script[rain_map].text[2]	type=TextAsset; name=journals; dump=resources.assets/TextAsset/158__journals.txt	rain_map | I hate getting my socks wet as it is, and now I just had to wake up with all my clothes... | I hate getting my socks wet as it is, and now I just had to wake up with all my clothes... || Shower Night | 295 | rain_sleep	add/update source-text entry in translations/source_queue.tsv	medium: needs narrative context and speaker/event validation	TextAsset payload/string-table cell
3	resources.assets:158	event	The morning was like any other, so maybe it really was just a vivid dream.			needs-review	resources.assets:path_id=158:m_Script[weirdflowers_sleep].text[3]	type=TextAsset; name=journals; dump=resources.assets/TextAsset/158__journals.txt	Was I dreaming? It felt so surreal… I was surrounded by flowers?<br>They looked alive, ... | Was I dreaming? It felt so surreal… I was surrounded by flowers? | They looked alive, watching me. || Petals | 178 | boat_distance_telescope	add/update source-text entry in translations/source_queue.tsv	medium: needs narrative context and speaker/event validation	TextAsset payload/string-table cell
3	resources.assets:158	event	The ocean sure amasses a lot of things together.			needs-review	resources.assets:path_id=158:m_Script[chest_got].text[1]	type=TextAsset; name=journals; dump=resources.assets/TextAsset/158__journals.txt	292 | chest_got | The ocean sure amasses a lot of things together.<br>Last night I found a mysterious, he... || Last night I found a mysterious, heavy chest, with no key to be seen. I might have to f... | Treasure! | 195	add/update source-text entry in translations/source_queue.tsv	medium: needs narrative context and speaker/event validation	TextAsset payload/string-table cell
3	resources.assets:158	event	The ocean sure amasses a lot of things together.			needs-review	resources.assets:path_id=158:m_Script[chest_skipped].text[1]	type=TextAsset; name=journals; dump=resources.assets/TextAsset/158__journals.txt	195 | chest_skipped | The ocean sure amasses a lot of things together.<br>Last night I saw a mysterious woode... || Last night I saw a mysterious wooden chest bumping against the side of the boat. I didn... | I went back to sleep instead. | No Junk Needed!	add/update source-text entry in translations/source_queue.tsv	medium: needs narrative context and speaker/event validation	TextAsset payload/string-table cell
3	resources.assets:158	event	The sea had eyes. I was locked in a staring contest with it, but my eyelids grew too heavy and I slipped into sleep.			needs-review	resources.assets:path_id=158:m_Script[seawatcher_sleep_good].text[1]	type=TextAsset; name=journals; dump=resources.assets/TextAsset/158__journals.txt	237 | seawatcher_sleep_good | The sea had eyes. I was locked in a staring contest with it, but my eyelids grew too he... || Sleep wasn’t much better. | I dreamed of my only friend dying in some horrible, indescribable way. Was this a warni... | Dareful Nap	add/update source-text entry in translations/source_queue.tsv	medium: needs narrative context and speaker/event validation	TextAsset payload/string-table cell
3	resources.assets:158	event	The sea had eyes. I was locked in a staring contest with it. I fought to stay awake, but sleep won.			needs-review	resources.assets:path_id=158:m_Script[seawatcher_sleep_frienddied].text[1]	type=TextAsset; name=journals; dump=resources.assets/TextAsset/158__journals.txt	240 | seawatcher_sleep_frienddied | The sea had eyes. I was locked in a staring contest with it. I fought to stay awake, bu... || I woke up in shock, my only friend was gone, leaving me alone in the boat. | And I think it’s all because of… Me. I must carry the guilt across the sea. | Loss	add/update source-text entry in translations/source_queue.tsv	medium: needs narrative context and speaker/event validation	TextAsset payload/string-table cell
3	resources.assets:158	event	The water was oddly warm, loud, and full of fish scattered in pieces. I grabbed as many as I possibly could and bolted out of there.			needs-review	resources.assets:path_id=158:m_Script[bloodwater_scuba_food].text[3]	type=TextAsset; name=journals; dump=resources.assets/TextAsset/158__journals.txt	The air smelled putrid, and when I looked around… the sea was red. Deep red. Like, actu... | The air smelled putrid, and when I looked around… the sea was red. Deep red. Like, actu... | I equipped my diving gear to investigate. || Deep Red | 281 | boat_cansave_ignored	add/update source-text entry in translations/source_queue.tsv	medium: needs narrative context and speaker/event validation	TextAsset payload/string-table cell
3	resources.assets:158	event	The waters seemed calmer that way. I just hope I made the right decision…			needs-review	resources.assets:path_id=158:m_Script[needsdirection_left].text[3]	type=TextAsset; name=journals; dump=resources.assets/TextAsset/158__journals.txt	The boat arrived at a fork in the waterway. I had hoped I could simply keep rowing forw... | The boat arrived at a fork in the waterway. I had hoped I could simply keep rowing forw... | I turned left. || Choices… | 226 | needsdirection_right	add/update source-text entry in translations/source_queue.tsv	medium: needs narrative context and speaker/event validation	TextAsset payload/string-table cell
3	resources.assets:158	event	The waters were shallow enough not to swallow the boat whole, but it was still a very shaky ride…			needs-review	resources.assets:path_id=158:m_Script[vortex_sleep_bad].text[3]	type=TextAsset; name=journals; dump=resources.assets/TextAsset/158__journals.txt	A loud noise shattered my sleep, followed by a heavy pull on the boat that I felt in my... | A loud noise shattered my sleep, followed by a heavy pull on the boat that I felt in my... | A whirlpool emerged not far away, making its presence known. || Whirlpool | 264 | bloodwater_foundpiece	add/update source-text entry in translations/source_queue.tsv	medium: needs narrative context and speaker/event validation	TextAsset payload/string-table cell
3	resources.assets:158	event	The wind blew strongly, not letting me rest. If I were a little less careful, it could easily tip me off the boat and send me into the ocean…			needs-review	resources.assets:path_id=158:m_Script[windy_umbrella].text[1]	type=TextAsset; name=journals; dump=resources.assets/TextAsset/158__journals.txt	286 | windy_umbrella | The wind blew strongly, not letting me rest. If I were a little less careful, it could ... || Waiting for the currents to calm down, I held up my umbrella to protect myself from the... | Breeze | 292	add/update source-text entry in translations/source_queue.tsv	medium: needs narrative context and speaker/event validation	TextAsset payload/string-table cell
3	resources.assets:158	event	The wind blew strongly, not letting me rest. If I were a little less careful, it could easily tip me off the boat and send me into the ocean…			needs-review	resources.assets:path_id=158:m_Script[windy_umbrella_lose].text[1]	type=TextAsset; name=journals; dump=resources.assets/TextAsset/158__journals.txt	292 | windy_umbrella_lose | The wind blew strongly, not letting me rest. If I were a little less careful, it could ... || Waiting for the currents to calm down, I tried fighting against them with an umbrella, ... | Breeze | 312	add/update source-text entry in translations/source_queue.tsv	medium: needs narrative context and speaker/event validation	TextAsset payload/string-table cell
3	resources.assets:158	event	The wind blew strongly, not letting me rest. If I were a little less careful, it could easily tip me off the boat and send me into the ocean…			needs-review	resources.assets:path_id=158:m_Script[windy_map].text[1]	type=TextAsset; name=journals; dump=resources.assets/TextAsset/158__journals.txt	248 | windy_map | The wind blew strongly, not letting me rest. If I were a little less careful, it could ... || While trying to navigate out of the situation, a fish carried by the currents flew stra... | Breeze | 308	add/update source-text entry in translations/source_queue.tsv	medium: needs narrative context and speaker/event validation	TextAsset payload/string-table cell
3	resources.assets:158	event	The wind blew strongly, not letting me rest…			needs-review	resources.assets:path_id=158:m_Script[windy_net].text[1]	type=TextAsset; name=journals; dump=resources.assets/TextAsset/158__journals.txt	312 | windy_net | The wind blew strongly, not letting me rest…<br>My supplies could easily be damaged or ... || My supplies could easily be damaged or swept away by the currents, so I secured them wi... | Except for the net. | Breeze	add/update source-text entry in translations/source_queue.tsv	medium: needs narrative context and speaker/event validation	TextAsset payload/string-table cell
3	resources.assets:158	event	The wind blew strongly, not letting me rest…			needs-review	resources.assets:path_id=158:m_Script[windy_sleep].text[1]	type=TextAsset; name=journals; dump=resources.assets/TextAsset/158__journals.txt	308 | windy_sleep | The wind blew strongly, not letting me rest…<br>I had to decide between placing my supp... || I had to decide between placing my supplies at the bottom of the boat or taking that sp... | Breeze | 221	add/update source-text entry in translations/source_queue.tsv	medium: needs narrative context and speaker/event validation	TextAsset payload/string-table cell
3	resources.assets:158	event	Then I fell asleep…			needs-review	resources.assets:path_id=158:m_Script[ghostlyfigures_sleep_good].text[3]	type=TextAsset; name=journals; dump=resources.assets/TextAsset/158__journals.txt	A shiver ran down my spine. Was it a lucid nightmare? Did I actually see… ghosts?<br>I ... | A shiver ran down my spine. Was it a lucid nightmare? Did I actually see… ghosts? | I shut my eyes tight to keep my mind from spiraling, in case it was sleep paralysis. || Haunted? | 192 | ghostlyfigures_sleep_bad	add/update source-text entry in translations/source_queue.tsv	medium: needs narrative context and speaker/event validation	TextAsset payload/string-table cell
3	resources.assets:158	event	Then they were gone. This place is starting to wear down my mind…			needs-review	resources.assets:path_id=158:m_Script[ghostlyfigures_flash_good].text[3]	type=TextAsset; name=journals; dump=resources.assets/TextAsset/158__journals.txt	A shiver ran down my spine. Was it a lucid nightmare? Did I actually see… ghosts?<br>I ... | A shiver ran down my spine. Was it a lucid nightmare? Did I actually see… ghosts? | I grabbed my flashlight and flickered it at them to see if they’d react… || Haunted? | 226 | ghostlyfigures_flash_bad	add/update source-text entry in translations/source_queue.tsv	medium: needs narrative context and speaker/event validation	TextAsset payload/string-table cell
3	resources.assets:158	event	These waters find the most unexpected ways to end me when I’m not careful.			needs-review	resources.assets:path_id=158:m_Script[chestattack_attack].text[2]	type=TextAsset; name=journals; dump=resources.assets/TextAsset/158__journals.txt	chestattack_attack | Note to self: Not everything shaped like treasure is actually treasure.<br>These waters... | Note to self: Not everything shaped like treasure is actually treasure. || Surprise… | 149 | chestattack_net	add/update source-text entry in translations/source_queue.tsv	medium: needs narrative context and speaker/event validation	TextAsset payload/string-table cell
3	resources.assets:158	event	These waters find the most unexpected ways to end me when I’m not careful.			needs-review	resources.assets:path_id=158:m_Script[chestattack_sleep_fail].text[2]	type=TextAsset; name=journals; dump=resources.assets/TextAsset/158__journals.txt	chestattack_sleep_fail | Note to self: Not everything shaped like treasure is actually treasure.<br>These waters... | Note to self: Not everything shaped like treasure is actually treasure. || Surprise… | 149 | airplane_tried_sos	add/update source-text entry in translations/source_queue.tsv	medium: needs narrative context and speaker/event validation	TextAsset payload/string-table cell
3	resources.assets:158	event	These were no ordinary sharks. One charged me underwater and tore a piece from my calf. If I hadn’t made it back to the boat, that would’ve been it.			needs-review	resources.assets:path_id=158:m_Script[sharkmen_scuba_attack].text[2]	type=TextAsset; name=journals; dump=resources.assets/TextAsset/158__journals.txt	sharkmen_scuba_attack | Fins emerged from the water, so I tried to take matters into my own hands. I trust myse... | Fins emerged from the water, so I tried to take matters into my own hands. I trust myse... || But why did this shark… have arms? | Arms and Fingers | 309	add/update source-text entry in translations/source_queue.tsv	medium: needs narrative context and speaker/event validation	TextAsset payload/string-table cell
3	resources.assets:158	event	These were no ordinary sharks. One of them grabbed me by the calf with its… hand? Took a huge bite out of it.			needs-review	resources.assets:path_id=158:m_Script[sharkmen_sleep_fail].text[2]	type=TextAsset; name=journals; dump=resources.assets/TextAsset/158__journals.txt	sharkmen_sleep_fail | Fins emerged from the water, roaming alarmingly close. But I felt safe in the boat, or ... | Fins emerged from the water, roaming alarmingly close. But I felt safe in the boat, or ... || It’s still bleeding, but at least I won’t need to walk for a while anyway. | Arms and Fingers | 291	add/update source-text entry in translations/source_queue.tsv	medium: needs narrative context and speaker/event validation	TextAsset payload/string-table cell
3	resources.assets:158	event	They didn’t answer my questions, only offered a single trade for my supplies. I didn’t find it very beneficial, so I refused.			needs-review	resources.assets:path_id=158:m_Script[trade_decline].text[2]	type=TextAsset; name=journals; dump=resources.assets/TextAsset/158__journals.txt	trade_decline | A small boat, smaller than ours, passed by. Someone was in it, but I couldn’t make out ... | A small boat, smaller than ours, passed by. Someone was in it, but I couldn’t make out ... || They disappeared in seconds. | Night Trader | 283	add/update source-text entry in translations/source_queue.tsv	medium: needs narrative context and speaker/event validation	TextAsset payload/string-table cell
3	resources.assets:158	event	They didn’t answer my questions, only offered a single trade for my supplies. The deal seemed fair, so I accepted.			needs-review	resources.assets:path_id=158:m_Script[trade_accept].text[2]	type=TextAsset; name=journals; dump=resources.assets/TextAsset/158__journals.txt	trade_accept | A small boat, smaller than ours, passed by. Someone was in it, but I couldn’t make out ... | A small boat, smaller than ours, passed by. Someone was in it, but I couldn’t make out ... || They disappeared within minutes. | Night Trader | 276	add/update source-text entry in translations/source_queue.tsv	medium: needs narrative context and speaker/event validation	TextAsset payload/string-table cell
3	resources.assets:158	event	They didn’t appreciate my disguise. The last thing I remember was the blinding light of their eyes.			needs-review	resources.assets:path_id=158:m_Script[smallmonsterfish_lampattack].text[3]	type=TextAsset; name=journals; dump=resources.assets/TextAsset/158__journals.txt	Loads of small, glowing eyes filled the waters.<br>I tried using my flashlight, pretend... | Loads of small, glowing eyes filled the waters. | I tried using my flashlight, pretending to be one of them. || I think I lost part of my ear. | Blinding Wounds | 246	add/update source-text entry in translations/source_queue.tsv	medium: needs narrative context and speaker/event validation	TextAsset payload/string-table cell
3	resources.assets:158	event	They disappeared in seconds.			needs-review	resources.assets:path_id=158:m_Script[trade_decline].text[3]	type=TextAsset; name=journals; dump=resources.assets/TextAsset/158__journals.txt	A small boat, smaller than ours, passed by. Someone was in it, but I couldn’t make out ... | A small boat, smaller than ours, passed by. Someone was in it, but I couldn’t make out ... | They didn’t answer my questions, only offered a single trade for my supplies. I didn’t ... || Night Trader | 283 | helicopter_tried_to_warn	add/update source-text entry in translations/source_queue.tsv	medium: needs narrative context and speaker/event validation	TextAsset payload/string-table cell
3	resources.assets:158	event	They disappeared within minutes.			needs-review	resources.assets:path_id=158:m_Script[trade_accept].text[3]	type=TextAsset; name=journals; dump=resources.assets/TextAsset/158__journals.txt	A small boat, smaller than ours, passed by. Someone was in it, but I couldn’t make out ... | A small boat, smaller than ours, passed by. Someone was in it, but I couldn’t make out ... | They didn’t answer my questions, only offered a single trade for my supplies. The deal ... || Night Trader | 276 | trade_decline	add/update source-text entry in translations/source_queue.tsv	medium: needs narrative context and speaker/event validation	TextAsset payload/string-table cell
3	resources.assets:158	event	They looked alive, watching me.			needs-review	resources.assets:path_id=158:m_Script[weirdflowers_sleep].text[2]	type=TextAsset; name=journals; dump=resources.assets/TextAsset/158__journals.txt	weirdflowers_sleep | Was I dreaming? It felt so surreal… I was surrounded by flowers?<br>They looked alive, ... | Was I dreaming? It felt so surreal… I was surrounded by flowers? || The morning was like any other, so maybe it really was just a vivid dream. | Petals | 178	add/update source-text entry in translations/source_queue.tsv	medium: needs narrative context and speaker/event validation	TextAsset payload/string-table cell
3	resources.assets:158	event	They’ll probably pronounce me dead.			needs-review	resources.assets:path_id=158:m_Script[helicopter_tried_to_warn].text[3]	type=TextAsset; name=journals; dump=resources.assets/TextAsset/158__journals.txt	I fear I just lost my only chance at escape.<br>An actual helicopter was searching near... | I fear I just lost my only chance at escape. | An actual helicopter was searching near the boat for only a short time. I tried everyth... || S.O.S | 240 | helicopter_sleep	add/update source-text entry in translations/source_queue.tsv	medium: needs narrative context and speaker/event validation	TextAsset payload/string-table cell
3	resources.assets:158	event	This is a test entry.			needs-review	resources.assets:path_id=158:m_Script[test_entry].text[1]	type=TextAsset; name=journals; dump=resources.assets/TextAsset/158__journals.txt	test_entry | This is a test entry.<br>This is the test entry’s next paragraph.<br>And this is the la... || This is the test entry’s next paragraph. | And this is the last one. Bye!! | Test Entry	add/update source-text entry in translations/source_queue.tsv	medium: needs narrative context and speaker/event validation	TextAsset payload/string-table cell
3	resources.assets:158	event	This is the test entry’s next paragraph.			needs-review	resources.assets:path_id=158:m_Script[test_entry].text[2]	type=TextAsset; name=journals; dump=resources.assets/TextAsset/158__journals.txt	test_entry | This is a test entry.<br>This is the test entry’s next paragraph.<br>And this is the la... | This is a test entry. || And this is the last one. Bye!! | Test Entry | 100	add/update source-text entry in translations/source_queue.tsv	medium: needs narrative context and speaker/event validation	TextAsset payload/string-table cell
3	resources.assets:158	event	This morning I found a small lily pad in my boat.			needs-review	resources.assets:path_id=158:m_Script[weirdflowers_gotone].text[1]	type=TextAsset; name=journals; dump=resources.assets/TextAsset/158__journals.txt	233 | weirdflowers_gotone | This morning I found a small lily pad in my boat.<br>I have no recollection of bringing... || I have no recollection of bringing it with me, and I can hardly believe one could just ... | Petals | 180	add/update source-text entry in translations/source_queue.tsv	medium: needs narrative context and speaker/event validation	TextAsset payload/string-table cell
3	resources.assets:158	event	This ocean sure amasses a lot of weird things.			needs-review	resources.assets:path_id=158:m_Script[chest_attacked_me].text[1]	type=TextAsset; name=journals; dump=resources.assets/TextAsset/158__journals.txt	253 | chest_attacked_me | This ocean sure amasses a lot of weird things.<br>Last night I found a chest practicall... || Last night I found a chest practically begging to be discovered by treasure hunters. | I quickly discovered why it had remained unopened for so long… What even is this place? | Beware the Crates	add/update source-text entry in translations/source_queue.tsv	medium: needs narrative context and speaker/event validation	TextAsset payload/string-table cell
3	resources.assets:158	event	This way, I can’t blame myself for picking the wrong direction!			needs-review	resources.assets:path_id=158:m_Script[dangerouswater_slept].text[3]	type=TextAsset; name=journals; dump=resources.assets/TextAsset/158__journals.txt	I felt the impact of a small rock scraping beneath the boat, so I got up to take a look... | I felt the impact of a small rock scraping beneath the boat, so I got up to take a look... | The area seemed pretty sketchy, but I still chose to go back to sleep and let the waves... || Bumpy Sleep | 276 | fishinboat_fish	add/update source-text entry in translations/source_queue.tsv	medium: needs narrative context and speaker/event validation	TextAsset payload/string-table cell
3	resources.assets:158	event	Throwing some bait distracted them just long enough for me to get away safely… for now.			needs-review	resources.assets:path_id=158:m_Script[smallmonsterfish_bait].text[3]	type=TextAsset; name=journals; dump=resources.assets/TextAsset/158__journals.txt	I was greeted by countless hungry mouths, not knowing whether they were after my suppli... | I was greeted by countless hungry mouths, not knowing whether they were after my suppli... | My only chance to escape was to feed them. I didn’t have enough for all of them, but I ... || Get Away! | 292 | smallmonsterfish_hookgun	add/update source-text entry in translations/source_queue.tsv	medium: needs narrative context and speaker/event validation	TextAsset payload/string-table cell
3	resources.assets:158	event	Truth be told, I have no idea where I’m headed. Let’s just hope it’s more pleasant than wherever I woke up last night…			needs-review	resources.assets:path_id=158:m_Script[dangerouswater_navigated].text[2]	type=TextAsset; name=journals; dump=resources.assets/TextAsset/158__journals.txt	dangerouswater_navigated | Looking at my surroundings, it was clear I needed to navigate a bit, or the boat might ... | Looking at my surroundings, it was clear I needed to navigate a bit, or the boat might ... || Rock And Row | 262 | dangerouswater_slept	add/update source-text entry in translations/source_queue.tsv	medium: needs narrative context and speaker/event validation	TextAsset payload/string-table cell
3	resources.assets:158	event	Trying to get closer, however, silenced the singing.			needs-review	resources.assets:path_id=158:m_Script[siren_telescope].text[2]	type=TextAsset; name=journals; dump=resources.assets/TextAsset/158__journals.txt	siren_telescope | I saw someone stranded on a rock in the distance. Before I could even question it, I st... | I saw someone stranded on a rock in the distance. Before I could even question it, I st... || I woke up with bleeding ears and half my body hanging out of the boat. I scrambled back... | Dirge | 307	add/update source-text entry in translations/source_queue.tsv	medium: needs narrative context and speaker/event validation	TextAsset payload/string-table cell
3	resources.assets:158	event	Turns out that little rascal was not a figment of my imagination, but some kind of fish-troll that stole something from my boat. What an annoying creature.			needs-review	resources.assets:path_id=158:m_Script[snatcher_sleep].text[2]	type=TextAsset; name=journals; dump=resources.assets/TextAsset/158__journals.txt	snatcher_sleep | I thought I was still asleep, so I didn’t give it much thought and went back to sleep.<... | I thought I was still asleep, so I didn’t give it much thought and went back to sleep. || Snatcher | 245 | snatcher_net	add/update source-text entry in translations/source_queue.tsv	medium: needs narrative context and speaker/event validation	TextAsset payload/string-table cell
3	resources.assets:158	event	Unable to sleep, I wore a bucket to dampen the sounds and keep the rain off my face. The morning was spent reorganizing the things that survived the storm.			needs-review	resources.assets:path_id=158:m_Script[rainstorm_bucket_lost].text[2]	type=TextAsset; name=journals; dump=resources.assets/TextAsset/158__journals.txt	rainstorm_bucket_lost | I was jolted awake by the sound of thunder that followed the flashing lights of the sto... | I was jolted awake by the sound of thunder that followed the flashing lights of the sto... || Roaring Clouds | 275 | rainstorm_sleep	add/update source-text entry in translations/source_queue.tsv	medium: needs narrative context and speaker/event validation	TextAsset payload/string-table cell
3	resources.assets:158	event	Under the surface, I could see that these were no ordinary sharks. They had arms… fingers.			needs-review	resources.assets:path_id=158:m_Script[sharkmen_swimbelt_success].text[2]	type=TextAsset; name=journals; dump=resources.assets/TextAsset/158__journals.txt	sharkmen_swimbelt_success | Fins emerged from the water, roaming alarmingly close.<br>Under the surface, I could se... | Fins emerged from the water, roaming alarmingly close. || With a perfect throw, I managed to confuse the closest one, leaving me unharmed, though... | Arms and Fingers | 276	add/update source-text entry in translations/source_queue.tsv	medium: needs narrative context and speaker/event validation	TextAsset payload/string-table cell
3	resources.assets:158	event	Under the surface, I could see that these were no ordinary sharks. They had arms… fingers.			needs-review	resources.assets:path_id=158:m_Script[sharkmen_sleep].text[2]	type=TextAsset; name=journals; dump=resources.assets/TextAsset/158__journals.txt	sharkmen_sleep | Fins emerged from the water, roaming alarmingly close.<br>Under the surface, I could se... | Fins emerged from the water, roaming alarmingly close. || I felt safe enough in the boat, so I stayed still and tried to sleep, careful not to di... | Arms and Fingers | 280	add/update source-text entry in translations/source_queue.tsv	medium: needs narrative context and speaker/event validation	TextAsset payload/string-table cell
3	resources.assets:158	event	Under the water I could make out their shape. They were no ordinary sharks. They had arms… fingers.			needs-review	resources.assets:path_id=158:m_Script[sharkmen_hookgun].text[2]	type=TextAsset; name=journals; dump=resources.assets/TextAsset/158__journals.txt	sharkmen_hookgun | Fins surfaced, circling dangerously close.<br>Under the water I could make out their sh... | Fins surfaced, circling dangerously close. || I wasn’t taking chances. I fired my only harpoon as a warning. They scattered. For now. | Arms and Fingers | 236	add/update source-text entry in translations/source_queue.tsv	medium: needs narrative context and speaker/event validation	TextAsset payload/string-table cell
3	resources.assets:158	event	Usually I’m not scared to sleep in the dark, but you never feel safe in the middle of the ocean…			needs-review	resources.assets:path_id=158:m_Script[sleptunwell_flashlight].text[1]	type=TextAsset; name=journals; dump=resources.assets/TextAsset/158__journals.txt	237 | sleptunwell_flashlight | Usually I’m not scared to sleep in the dark, but you never feel safe in the middle of t... || So as extra security, I improvised a night light out of my torch. I just hope those sma... | Comfy Enough | 221	add/update source-text entry in translations/source_queue.tsv	medium: needs narrative context and speaker/event validation	TextAsset payload/string-table cell
3	resources.assets:158	event	Waiting for the currents to calm down, I held up my umbrella to protect myself from the cold air blowing straight into my face. My hands are tired.			needs-review	resources.assets:path_id=158:m_Script[windy_umbrella].text[2]	type=TextAsset; name=journals; dump=resources.assets/TextAsset/158__journals.txt	windy_umbrella | The wind blew strongly, not letting me rest. If I were a little less careful, it could ... | The wind blew strongly, not letting me rest. If I were a little less careful, it could ... || Breeze | 292 | windy_umbrella_lose	add/update source-text entry in translations/source_queue.tsv	medium: needs narrative context and speaker/event validation	TextAsset payload/string-table cell
3	resources.assets:158	event	Waiting for the currents to calm down, I tried fighting against them with an umbrella, but the wind ripped it from my hand in an instant. I need to strengthen my grip.			needs-review	resources.assets:path_id=158:m_Script[windy_umbrella_lose].text[2]	type=TextAsset; name=journals; dump=resources.assets/TextAsset/158__journals.txt	windy_umbrella_lose | The wind blew strongly, not letting me rest. If I were a little less careful, it could ... | The wind blew strongly, not letting me rest. If I were a little less careful, it could ... || Breeze | 312 | windy_net	add/update source-text entry in translations/source_queue.tsv	medium: needs narrative context and speaker/event validation	TextAsset payload/string-table cell
3	resources.assets:158	event	Was I dreaming? It felt so surreal… I was surrounded by flowers?			needs-review	resources.assets:path_id=158:m_Script[weirdflowers_sleep].text[1]	type=TextAsset; name=journals; dump=resources.assets/TextAsset/158__journals.txt	180 | weirdflowers_sleep | Was I dreaming? It felt so surreal… I was surrounded by flowers?<br>They looked alive, ... || They looked alive, watching me. | The morning was like any other, so maybe it really was just a vivid dream. | Petals	add/update source-text entry in translations/source_queue.tsv	medium: needs narrative context and speaker/event validation	TextAsset payload/string-table cell
3	resources.assets:158	event	We share our supplies when needed, so at least one of us can keep holding on. But who knows when either of us will be left on our own without help…			needs-review	resources.assets:path_id=158:m_Script[friendsick_foodbar].text[2]	type=TextAsset; name=journals; dump=resources.assets/TextAsset/158__journals.txt	friendsick_foodbar | It’s hard for one to survive in the vastness of the seas, let alone two people.<br>We s... | It’s hard for one to survive in the vastness of the seas, let alone two people. || We Are Managing | 230 | friendsick_tape_good	add/update source-text entry in translations/source_queue.tsv	medium: needs narrative context and speaker/event validation	TextAsset payload/string-table cell
3	resources.assets:158	event	Weapons were futile. It demands atonement.			needs-review	resources.assets:path_id=158:m_Script[kraken_gothurt].text[3]	type=TextAsset; name=journals; dump=resources.assets/TextAsset/158__journals.txt	My chest still pounds with the little blood I have left following the night I encounter... | My chest still pounds with the little blood I have left following the night I encounter... | It looked me in the eyes, judging… as if it already knew my deepest, darkest secrets. || It wants… my heart. | Break | 269	add/update source-text entry in translations/source_queue.tsv	medium: needs narrative context and speaker/event validation	TextAsset payload/string-table cell
3	resources.assets:158	event	Were the lights playing tricks on me? Did I stumble upon an undersea massacre?			needs-review	resources.assets:path_id=158:m_Script[bloodwater_sleep].text[2]	type=TextAsset; name=journals; dump=resources.assets/TextAsset/158__journals.txt	bloodwater_sleep | The air smelled putrid, and when I looked around… the sea was red. Deep red. Like, actu... | The air smelled putrid, and when I looked around… the sea was red. Deep red. Like, actu... || I need to reach land as fast as possible. I don’t want to add my blood to the sea. | Red | 268	add/update source-text entry in translations/source_queue.tsv	medium: needs narrative context and speaker/event validation	TextAsset payload/string-table cell
3	resources.assets:158	event	What a fortunate night! I woke up at just the right time to see a group of fish circling around the boat, so I took the chance to do some fishing!			needs-review	resources.assets:path_id=158:m_Script[fishsquad_fished].text[1]	type=TextAsset; name=journals; dump=resources.assets/TextAsset/158__journals.txt	197 | fishsquad_fished | What a fortunate night! I woke up at just the right time to see a group of fish circlin... || I’m thankful for every bite I can get while sailing this old thing. | Supper! | 217	add/update source-text entry in translations/source_queue.tsv	medium: needs narrative context and speaker/event validation	TextAsset payload/string-table cell
3	resources.assets:158	event	When one of us is injured, we have to get creative. Using duct tape seemed to do the trick for now… Let’s just hope neither of us has to rely too much on the other to stay alive.			needs-review	resources.assets:path_id=158:m_Script[friendsick_tape_good].text[2]	type=TextAsset; name=journals; dump=resources.assets/TextAsset/158__journals.txt	friendsick_tape_good | It’s hard for one to survive in the vastness of the seas, let alone two people.<br>When... | It’s hard for one to survive in the vastness of the seas, let alone two people. || We Are Managing | 261 | friendsick_tape_bad	add/update source-text entry in translations/source_queue.tsv	medium: needs narrative context and speaker/event validation	TextAsset payload/string-table cell
3	resources.assets:158	event	While looking around the trees, I wasn’t careful enough. Something attacked me from above. It looked like a… long coconut?			needs-review	resources.assets:path_id=158:m_Script[islandsmall_gotattacked].text[2]	type=TextAsset; name=journals; dump=resources.assets/TextAsset/158__journals.txt	islandsmall_gotattacked | I found a lonely, minuscule island, so I decided to take a small tour.<br>While looking... | I found a lonely, minuscule island, so I decided to take a small tour. || I used leaves from the shrubs to stop the bleeding, but it still hurts like hell. | Misadventure | 281	add/update source-text entry in translations/source_queue.tsv	medium: needs narrative context and speaker/event validation	TextAsset payload/string-table cell
3	resources.assets:158	event	While trying to navigate out of the situation, a fish carried by the currents flew straight into my face. I can’t decline any food that the greater forces send me.			needs-review	resources.assets:path_id=158:m_Script[windy_map].text[2]	type=TextAsset; name=journals; dump=resources.assets/TextAsset/158__journals.txt	windy_map | The wind blew strongly, not letting me rest. If I were a little less careful, it could ... | The wind blew strongly, not letting me rest. If I were a little less careful, it could ... || Breeze | 308 | windy_sleep	add/update source-text entry in translations/source_queue.tsv	medium: needs narrative context and speaker/event validation	TextAsset payload/string-table cell
3	resources.assets:158	event	Why are they so much bigger and so… eerie? A fishing rod won’t do here, I had to use weaponry to get myself some food to keep sailing on. It smells funny, but edible… probably.			needs-review	resources.assets:path_id=158:m_Script[smallmonsterfish_hookgun].text[2]	type=TextAsset; name=journals; dump=resources.assets/TextAsset/158__journals.txt	smallmonsterfish_hookgun | Catching fish seems much more dangerous at night, in… wherever the hell I am right now.... | Catching fish seems much more dangerous at night, in… wherever the hell I am right now. || Extreme Fishing | 267 | smallmonsterfish_sleep	add/update source-text entry in translations/source_queue.tsv	medium: needs narrative context and speaker/event validation	TextAsset payload/string-table cell
3	resources.assets:158	event	Why are they so much bigger and so… eerie? Their white, glowing eyes made me feel unwelcome in this nightmare of a sea.			needs-review	resources.assets:path_id=158:m_Script[smallmonsterfish_net].text[2]	type=TextAsset; name=journals; dump=resources.assets/TextAsset/158__journals.txt	smallmonsterfish_net | Catching fish seems much more dangerous at night, in… wherever the hell I am right now.... | Catching fish seems much more dangerous at night, in… wherever the hell I am right now. || Extreme Fishing | 210 | smallmonsterfish_lampattack	add/update source-text entry in translations/source_queue.tsv	medium: needs narrative context and speaker/event validation	TextAsset payload/string-table cell
3	resources.assets:158	event	With a confident throw, I managed to catch it with my swim ring, forcing it to drop my belongings before splashing into the water. I wonder how that thing plans to get out of there.			needs-review	resources.assets:path_id=158:m_Script[snatcher_swimbelt].text[2]	type=TextAsset; name=journals; dump=resources.assets/TextAsset/158__journals.txt	snatcher_swimbelt | A small rascal found its way onto my boat and was looking through my supplies.<br>With ... | A small rascal found its way onto my boat and was looking through my supplies. || Snatcher | 263 | handyman_offer	add/update source-text entry in translations/source_queue.tsv	medium: needs narrative context and speaker/event validation	TextAsset payload/string-table cell
3	resources.assets:158	event	With a perfect throw, I managed to confuse the closest one, leaving me unharmed, though I lost the swim ring in the process.			needs-review	resources.assets:path_id=158:m_Script[sharkmen_swimbelt_success].text[3]	type=TextAsset; name=journals; dump=resources.assets/TextAsset/158__journals.txt	Fins emerged from the water, roaming alarmingly close.<br>Under the surface, I could se... | Fins emerged from the water, roaming alarmingly close. | Under the surface, I could see that these were no ordinary sharks. They had arms… fingers. || Arms and Fingers | 276 | sharkmen_swimbelt_attack	add/update source-text entry in translations/source_queue.tsv	medium: needs narrative context and speaker/event validation	TextAsset payload/string-table cell
3	resources.assets:158	event	With no way around, I decided to trust the waves. Luckily, by morning, there were no holes in the sea.			needs-review	resources.assets:path_id=158:m_Script[vortex_sleep_good].text[3]	type=TextAsset; name=journals; dump=resources.assets/TextAsset/158__journals.txt	A loud noise shattered my sleep, followed by a heavy pull on the boat that I felt in my... | A loud noise shattered my sleep, followed by a heavy pull on the boat that I felt in my... | A whirlpool emerged not far away, making its presence known. || Whirlpool | 269 | vortex_sleep_bad	add/update source-text entry in translations/source_queue.tsv	medium: needs narrative context and speaker/event validation	TextAsset payload/string-table cell
3	resources.assets:158	event	Without even trying to comprehend what I saw, I started flickering my flashlight at it, hoping the light would save me from that stare…			needs-review	resources.assets:path_id=158:m_Script[monsterfish_flashlight_good].text[2]	type=TextAsset; name=journals; dump=resources.assets/TextAsset/158__journals.txt	monsterfish_flashlight_good | My surroundings went dead silent as it stared into my eyes with its hollow gaze.<br>Wit... | My surroundings went dead silent as it stared into my eyes with its hollow gaze. || It seems whatever that thing was, it didn’t like bright lights. | Death Stare | 286	add/update source-text entry in translations/source_queue.tsv	medium: needs narrative context and speaker/event validation	TextAsset payload/string-table cell
3	resources.assets:158	event	Without even trying to comprehend what I saw, I started flickering my flashlight at it, hoping the light would save me from that stare…			needs-review	resources.assets:path_id=158:m_Script[monsterfish_flashlight_bad].text[2]	type=TextAsset; name=journals; dump=resources.assets/TextAsset/158__journals.txt	monsterfish_flashlight_bad | My surroundings went dead silent as it stared into my eyes with its hollow gaze.<br>Wit... | My surroundings went dead silent as it stared into my eyes with its hollow gaze. || It bothered it enough to make me lose the light in fear… | Death Stare | 279	add/update source-text entry in translations/source_queue.tsv	medium: needs narrative context and speaker/event validation	TextAsset payload/string-table cell
3	resources.assets:158	event	Wounding it only bought me one more day. But it demands atonement.			needs-review	resources.assets:path_id=158:m_Script[kraken_anchor_success].text[3]	type=TextAsset; name=journals; dump=resources.assets/TextAsset/158__journals.txt	My chest still pounds with the blood I have left. I have encountered the dread from bel... | My chest still pounds with the blood I have left. I have encountered the dread from below. | It looked me in the eyes, judging… as if it already knew my deepest, darkest secrets. || It wants… my heart. | Break | 272	add/update source-text entry in translations/source_queue.tsv	medium: needs narrative context and speaker/event validation	TextAsset payload/string-table cell
3	resources.assets:159	unknown	Domain Dedication.			needs-review	resources.assets:path_id=159:m_Script[5].To the extent possible under law[0]	type=TextAsset; name=LICENSE; dump=resources.assets/TextAsset/159__LICENSE.txt	related or neighboring rights to the files in this directory and its | subdirectories. This work is published from: Germany. | The work is made available under the terms of the Creative Commons CC0 Public || For more information please visit: | https://creativecommons.org/publicdomain/zero/1.0/ | LICENSE	needs context before choosing dictionary/runtime/plugin fix	medium: needs narrative context and speaker/event validation	TextAsset payload/string-table cell
3	resources.assets:159	unknown	For more information please visit:			needs-review	resources.assets:path_id=159:m_Script[6].To the extent possible under law[0]	type=TextAsset; name=LICENSE; dump=resources.assets/TextAsset/159__LICENSE.txt	subdirectories. This work is published from: Germany. | The work is made available under the terms of the Creative Commons CC0 Public | Domain Dedication. || https://creativecommons.org/publicdomain/zero/1.0/ | LICENSE	needs context before choosing dictionary/runtime/plugin fix	medium: needs narrative context and speaker/event validation	TextAsset payload/string-table cell
3	resources.assets:159	unknown	related or neighboring rights to the files in this directory and its			needs-review	resources.assets:path_id=159:m_Script[2].To the extent possible under law[0]	type=TextAsset; name=LICENSE; dump=resources.assets/TextAsset/159__LICENSE.txt	subdirectories. This work is published from: Germany. | The work is made available under the terms of the Creative Commons CC0 Public | Domain Dedication.	needs context before choosing dictionary/runtime/plugin fix	medium: needs narrative context and speaker/event validation	TextAsset payload/string-table cell
3	resources.assets:159	unknown	subdirectories. This work is published from: Germany.			needs-review	resources.assets:path_id=159:m_Script[3].To the extent possible under law[0]	type=TextAsset; name=LICENSE; dump=resources.assets/TextAsset/159__LICENSE.txt	related or neighboring rights to the files in this directory and its || The work is made available under the terms of the Creative Commons CC0 Public | Domain Dedication. | For more information please visit:	needs context before choosing dictionary/runtime/plugin fix	medium: needs narrative context and speaker/event validation	TextAsset payload/string-table cell
3	resources.assets:159	unknown	The work is made available under the terms of the Creative Commons CC0 Public			needs-review	resources.assets:path_id=159:m_Script[4].To the extent possible under law[0]	type=TextAsset; name=LICENSE; dump=resources.assets/TextAsset/159__LICENSE.txt	related or neighboring rights to the files in this directory and its | subdirectories. This work is published from: Germany. || Domain Dedication. | For more information please visit: | https://creativecommons.org/publicdomain/zero/1.0/	needs context before choosing dictionary/runtime/plugin fix	medium: needs narrative context and speaker/event validation	TextAsset payload/string-table cell
3	resources.assets:160	dialogue	Day One Texts			needs-review	resources.assets:path_id=160:m_Script[Day One Texts].ID[0]	type=TextAsset; name=dialogues; dump=resources.assets/TextAsset/160__dialogues.txt	… | … | … Whatever. We need to protect ourselves. So I brought this. Take it. || day_one_01_01 | Y’know.. I’m really bummed about the ship and the crew.. They were family to me, you ge... | I-… I can’t see the others.. This is bad. Did they actually…? No, it can’t be..	add/update source-text entry in translations/source_queue.tsv	medium: needs narrative context and speaker/event validation	TextAsset payload/string-table cell
3	resources.assets:160	dialogue	Early Days Dialogues			needs-review	resources.assets:path_id=160:m_Script[Early Days Dialogues].ID[0]	type=TextAsset; name=dialogues; dump=resources.assets/TextAsset/160__dialogues.txt	This boat looks pretty empty, bud. We should’ve brought more stuff with us, shouldn’t we? | I’m worried about the lack of.. stuff.. on the boat. W- We’re going to have a tough tim... | Not many resources on the boat. We are in for some rough days ahead. || early_days_01_01 | Say what ya’ will, but nothing beats the taste of sea air in the morning. Clears the mi... | At least t- the sea has a calming sound.. It clears my mind.. Makes it easier to sleep,...	add/update source-text entry in translations/source_queue.tsv	medium: needs narrative context and speaker/event validation	TextAsset payload/string-table cell
3	resources.assets:160	dialogue	Late Days Dialogues			needs-review	resources.assets:path_id=160:m_Script[Late Days Dialogues].ID[0]	type=TextAsset; name=dialogues; dump=resources.assets/TextAsset/160__dialogues.txt	Every time I light this pipe, I think of her… | I- I think the sea has moods. She was sad yesterday. I could feel it. | This gun is not for threats, by the way.. It is for warnings. || late_days_01_01 | Next time we get stranded, I’m bringin’ a deck of cards.. And a looooot of beer. | D- Don’t worry, I’m not seasick. I’m just… emotionally wavy today.	add/update source-text entry in translations/source_queue.tsv	medium: needs narrative context and speaker/event validation	TextAsset payload/string-table cell
3	resources.assets:160	dialogue	Nothing To Say			needs-review	resources.assets:path_id=160:m_Script[Nothing To Say].ID[0]	type=TextAsset; name=dialogues; dump=resources.assets/TextAsset/160__dialogues.txt	This is a test text. If you see this, friend, that means that you… see this text. Test ... | This.. is a test text. You should not be able to see this. But if you do, well, testy t... | … Are you testing something? Why would you want to access this text? Testy test. || nothing_01 | I have nothing to say today, buddy. What’s up? | Well... I- I don’t have anything to say today…	add/update source-text entry in translations/source_queue.tsv	medium: needs narrative context and speaker/event validation	TextAsset payload/string-table cell
3	resources.assets:160	dialogue	Reaction To Environment			needs-review	resources.assets:path_id=160:m_Script[Reaction To Environment].ID[0]	type=TextAsset; name=dialogues; dump=resources.assets/TextAsset/160__dialogues.txt	The fish I see at night… they’re way bigger than usual.. We should try fishing at night... | … How big are the biggest..? | Yesterday, I saw one swim by that was about your size. || feels_sick_01_01 | Buddy, I’ll be honest.. I don’t feel so well… I’m on the verge of throwing up, actually. | I- I don’t feel so well… I think I am getting seasick. But I’ll manage, don’t worry..	add/update source-text entry in translations/source_queue.tsv	medium: needs narrative context and speaker/event validation	TextAsset payload/string-table cell
3	resources.assets:160	dialogue	Start Item			needs-review	resources.assets:path_id=160:m_Script[Start Item].ID[0]	type=TextAsset; name=dialogues; dump=resources.assets/TextAsset/160__dialogues.txt	Hmm… My beard looks nice today. That’s all I can say. | … I- I don’t feel like chatting today… Sorry… | … Sorry, I’m busy thinking to myself today. || start_01 | Hey, glad you went with me, buddy! With my strength, we can sail this thing for years! | T- Thank you for saving me.. Feeling the sinking was terrifying.. But we’re here now, o...	add/update source-text entry in translations/source_queue.tsv	medium: needs narrative context and speaker/event validation	TextAsset payload/string-table cell
3	resources.assets:160	dialogue	Tries To Help			needs-review	resources.assets:path_id=160:m_Script[Tries To Help].ID[0]	type=TextAsset; name=dialogues; dump=resources.assets/TextAsset/160__dialogues.txt	What kind of bird wants to smoke, huh? | S- So naturally, I scraped up whatever dirt I could find and planted it. Look at her.. ... | I was practicing. || help_explore_map_01 | You know what, bud! Let’s try using that map of yours. Maybe we find something useful o... | Oh, I know..! Let’s try using that map we have so we can find something that could help...	add/update source-text entry in translations/source_queue.tsv	medium: needs narrative context and speaker/event validation	TextAsset payload/string-table cell
3	resources.assets:163	unknown	LineBreaking Leading Characters			needs-review	resources.assets:path_id=163:m_Name	type=TextAsset; name=LineBreaking Leading Characters; dump=resources.assets/TextAsset/163__LineBreaking_Leading_Characters.txt	"([｛〔〈《「『【〘〖〝‘“｟«$—…‥〳〴〵\［（{£¥""々〇＄￥￦ #"	needs context before choosing dictionary/runtime/plugin fix	medium: needs narrative context and speaker/event validation	UnityPy typetree string
3	resources.assets:164	unknown	1. Copyright and Related Rights. A Work made available under CC0 may be			needs-review	resources.assets:path_id=164:m_Script.line[40][0]	type=TextAsset; name=COPYING; dump=resources.assets/TextAsset/164__COPYING.txt	"elects to apply CC0 to the Work and publicly distribute the Work under its | terms, with knowledge of his or her Copyright and Related Rights in the | Work and the meaning and intended legal effect of CC0 on those rights. || protected by copyright and related or neighboring rights (""Copyright and | Related Rights""). Copyright and Related Rights include, but are not | limited to, the following:"	needs context before choosing dictionary/runtime/plugin fix	medium: needs narrative context and speaker/event validation	TextAsset payload/string-table cell
3	resources.assets:164	unknown	2. Waiver. To the greatest extent permitted by, but not in contravention			needs-review	resources.assets:path_id=164:m_Script.line[63][0]	type=TextAsset; name=COPYING; dump=resources.assets/TextAsset/164__COPYING.txt	vii. other similar, equivalent or corresponding rights throughout the | world based on applicable law or treaty, and any national | implementations thereof. || of, applicable law, Affirmer hereby overtly, fully, permanently, | irrevocably and unconditionally waives, abandons, and surrenders all of | Affirmer's Copyright and Related Rights and associated claims and causes	needs context before choosing dictionary/runtime/plugin fix	medium: needs narrative context and speaker/event validation	TextAsset payload/string-table cell
3	resources.assets:164	unknown	3. Public License Fallback. Should any part of the Waiver for any reason			needs-review	resources.assets:path_id=164:m_Script.line[80][0]	type=TextAsset; name=COPYING; dump=resources.assets/TextAsset/164__COPYING.txt	revocation, rescission, cancellation, termination, or any other legal or | equitable action to disrupt the quiet enjoyment of the Work by the public | as contemplated by Affirmer's express Statement of Purpose. || be judged legally invalid or ineffective under applicable law, then the | Waiver shall be preserved to the maximum extent permitted taking into | account Affirmer's express Statement of Purpose. In addition, to the	needs context before choosing dictionary/runtime/plugin fix	medium: needs narrative context and speaker/event validation	TextAsset payload/string-table cell
3	resources.assets:164	unknown	4. Limitations and Disclaimers.			needs-review	resources.assets:path_id=164:m_Script.line[102][0]	type=TextAsset; name=COPYING; dump=resources.assets/TextAsset/164__COPYING.txt	Rights in the Work or (ii) assert any associated claims and causes of | action with respect to the Work, in either case contrary to Affirmer's | express Statement of Purpose. || a. No trademark or patent rights held by Affirmer are waived, abandoned, | surrendered, licensed or otherwise affected by this document. | b. Affirmer offers the Work as-is and makes no representations or	needs context before choosing dictionary/runtime/plugin fix	medium: needs narrative context and speaker/event validation	TextAsset payload/string-table cell
3	resources.assets:164	unknown	a. No trademark or patent rights held by Affirmer are waived, abandoned,			needs-review	resources.assets:path_id=164:m_Script.line[104][0]	type=TextAsset; name=COPYING; dump=resources.assets/TextAsset/164__COPYING.txt	action with respect to the Work, in either case contrary to Affirmer's | express Statement of Purpose. | 4. Limitations and Disclaimers. || surrendered, licensed or otherwise affected by this document. | b. Affirmer offers the Work as-is and makes no representations or | warranties of any kind concerning the Work, express, implied,	needs context before choosing dictionary/runtime/plugin fix	medium: needs narrative context and speaker/event validation	TextAsset payload/string-table cell
3	resources.assets:164	unknown	account Affirmer's express Statement of Purpose. In addition, to the			needs-review	resources.assets:path_id=164:m_Script.line[83][0]	type=TextAsset; name=COPYING; dump=resources.assets/TextAsset/164__COPYING.txt	3. Public License Fallback. Should any part of the Waiver for any reason | be judged legally invalid or ineffective under applicable law, then the | Waiver shall be preserved to the maximum extent permitted taking into || extent the Waiver is so judged Affirmer hereby grants to each affected | person a royalty-free, non transferable, non sublicensable, non exclusive, | irrevocable and unconditional license to exercise Affirmer's Copyright and	needs context before choosing dictionary/runtime/plugin fix	medium: needs narrative context and speaker/event validation	TextAsset payload/string-table cell
3	resources.assets:164	unknown	action with respect to the Work, in either case contrary to Affirmer's			needs-review	resources.assets:path_id=164:m_Script.line[99][0]	type=TextAsset; name=COPYING; dump=resources.assets/TextAsset/164__COPYING.txt	of the License, and in such case Affirmer hereby affirms that he or she | will not (i) exercise any of his or her remaining Copyright and Related | Rights in the Work or (ii) assert any associated claims and causes of || express Statement of Purpose. | 4. Limitations and Disclaimers. | a. No trademark or patent rights held by Affirmer are waived, abandoned,	needs context before choosing dictionary/runtime/plugin fix	medium: needs narrative context and speaker/event validation	TextAsset payload/string-table cell
3	resources.assets:164	unknown	Affirmer's Copyright and Related Rights and associated claims and causes			needs-review	resources.assets:path_id=164:m_Script.line[66][0]	type=TextAsset; name=COPYING; dump=resources.assets/TextAsset/164__COPYING.txt	2. Waiver. To the greatest extent permitted by, but not in contravention | of, applicable law, Affirmer hereby overtly, fully, permanently, | irrevocably and unconditionally waives, abandons, and surrenders all of || of action, whether now known or unknown (including existing as well as | future claims and causes of action), in the Work (i) in all territories | worldwide, (ii) for the maximum duration provided by applicable law or	needs context before choosing dictionary/runtime/plugin fix	medium: needs narrative context and speaker/event validation	TextAsset payload/string-table cell
3	resources.assets:164	unknown	and for any purposes, including without limitation commercial purposes.			needs-review	resources.assets:path_id=164:m_Script.line[26][0]	type=TextAsset; name=COPYING; dump=resources.assets/TextAsset/164__COPYING.txt	"scientific works (""Commons"") that the public can reliably and without fear | of later claims of infringement build upon, modify, incorporate in other | works, reuse and redistribute as freely as possible in any form whatsoever || These owners may contribute to the Commons to promote the ideal of a free | culture and the further production of creative, cultural and scientific | works, or to gain reputation or greater distribution for their Work in"	needs context before choosing dictionary/runtime/plugin fix	medium: needs narrative context and speaker/event validation	TextAsset payload/string-table cell
3	resources.assets:164	unknown	"and subsequent owner(s) (each and all, an ""owner"") of an original work of"			needs-review	resources.assets:path_id=164:m_Script.line[18][0]	type=TextAsset; name=COPYING; dump=resources.assets/TextAsset/164__COPYING.txt	"Statement of Purpose | The laws of most jurisdictions throughout the world automatically confer | exclusive Copyright and Related Rights (defined below) upon the creator || authorship and/or a database (each, a ""Work""). | Certain owners wish to permanently relinquish those rights to a Work for | the purpose of contributing to a commons of creative, cultural and"	needs context before choosing dictionary/runtime/plugin fix	medium: needs narrative context and speaker/event validation	TextAsset payload/string-table cell
3	resources.assets:164	unknown	applied by Affirmer to the Work. Should any part of the License for any			needs-review	resources.assets:path_id=164:m_Script.line[93][0]	type=TextAsset; name=COPYING; dump=resources.assets/TextAsset/164__COPYING.txt	"of copies, and (iv) for any purpose whatsoever, including without | limitation commercial, advertising or promotional purposes (the | License""). The License shall be deemed effective as of the date CC0 was || reason be judged legally invalid or ineffective under applicable law, such | partial invalidity or ineffectiveness shall not invalidate the remainder | of the License, and in such case Affirmer hereby affirms that he or she"	needs context before choosing dictionary/runtime/plugin fix	medium: needs narrative context and speaker/event validation	TextAsset payload/string-table cell
3	resources.assets:164	unknown	as contemplated by Affirmer's express Statement of Purpose.			needs-review	resources.assets:path_id=164:m_Script.line[78][0]	type=TextAsset; name=COPYING; dump=resources.assets/TextAsset/164__COPYING.txt	successors, fully intending that such Waiver shall not be subject to | revocation, rescission, cancellation, termination, or any other legal or | equitable action to disrupt the quiet enjoyment of the Work by the public || 3. Public License Fallback. Should any part of the Waiver for any reason | be judged legally invalid or ineffective under applicable law, then the | Waiver shall be preserved to the maximum extent permitted taking into	needs context before choosing dictionary/runtime/plugin fix	medium: needs narrative context and speaker/event validation	TextAsset payload/string-table cell
3	resources.assets:164	unknown	"associating CC0 with a Work (the ""Affirmer""), to the extent that he or she"			needs-review	resources.assets:path_id=164:m_Script.line[34][0]	type=TextAsset; name=COPYING; dump=resources.assets/TextAsset/164__COPYING.txt	part through the use and efforts of others. | For these and/or other purposes and motivations, and without any | expectation of additional consideration or compensation, the person || is an owner of Copyright and Related Rights in the Work, voluntarily | elects to apply CC0 to the Work and publicly distribute the Work under its | terms, with knowledge of his or her Copyright and Related Rights in the	needs context before choosing dictionary/runtime/plugin fix	medium: needs narrative context and speaker/event validation	TextAsset payload/string-table cell
3	resources.assets:164	unknown	ATTORNEY-CLIENT RELATIONSHIP. CREATIVE COMMONS PROVIDES THIS			needs-review	resources.assets:path_id=164:m_Script.line[7][0]	type=TextAsset; name=COPYING; dump=resources.assets/TextAsset/164__COPYING.txt	"CC0 1.0 Universal | CREATIVE COMMONS CORPORATION IS NOT A LAW FIRM AND DOES NOT PROVIDE | LEGAL SERVICES. DISTRIBUTION OF THIS DOCUMENT DOES NOT CREATE AN || INFORMATION ON AN ""AS-IS"" BASIS. CREATIVE COMMONS MAKES NO WARRANTIES | REGARDING THE USE OF THIS DOCUMENT OR THE INFORMATION OR WORKS | PROVIDED HEREUNDER, AND DISCLAIMS LIABILITY FOR DAMAGES RESULTING FROM"	needs context before choosing dictionary/runtime/plugin fix	medium: needs narrative context and speaker/event validation	TextAsset payload/string-table cell
3	resources.assets:164	unknown	"authorship and/or a database (each, a ""Work"")."			needs-review	resources.assets:path_id=164:m_Script.line[19][0]	type=TextAsset; name=COPYING; dump=resources.assets/TextAsset/164__COPYING.txt	"The laws of most jurisdictions throughout the world automatically confer | exclusive Copyright and Related Rights (defined below) upon the creator | and subsequent owner(s) (each and all, an ""owner"") of an original work of || Certain owners wish to permanently relinquish those rights to a Work for | the purpose of contributing to a commons of creative, cultural and | scientific works (""Commons"") that the public can reliably and without fear"	needs context before choosing dictionary/runtime/plugin fix	medium: needs narrative context and speaker/event validation	TextAsset payload/string-table cell
3	resources.assets:164	unknown	b. Affirmer offers the Work as-is and makes no representations or			needs-review	resources.assets:path_id=164:m_Script.line[106][0]	type=TextAsset; name=COPYING; dump=resources.assets/TextAsset/164__COPYING.txt	4. Limitations and Disclaimers. | a. No trademark or patent rights held by Affirmer are waived, abandoned, | surrendered, licensed or otherwise affected by this document. || warranties of any kind concerning the Work, express, implied, | statutory or otherwise, including without limitation warranties of | title, merchantability, fitness for a particular purpose, non	needs context before choosing dictionary/runtime/plugin fix	medium: needs narrative context and speaker/event validation	TextAsset payload/string-table cell
3	resources.assets:164	unknown	be judged legally invalid or ineffective under applicable law, then the			needs-review	resources.assets:path_id=164:m_Script.line[81][0]	type=TextAsset; name=COPYING; dump=resources.assets/TextAsset/164__COPYING.txt	equitable action to disrupt the quiet enjoyment of the Work by the public | as contemplated by Affirmer's express Statement of Purpose. | 3. Public License Fallback. Should any part of the Waiver for any reason || Waiver shall be preserved to the maximum extent permitted taking into | account Affirmer's express Statement of Purpose. In addition, to the | extent the Waiver is so judged Affirmer hereby grants to each affected	needs context before choosing dictionary/runtime/plugin fix	medium: needs narrative context and speaker/event validation	TextAsset payload/string-table cell
3	resources.assets:164	unknown	c. Affirmer disclaims responsibility for clearing rights of other persons			needs-review	resources.assets:path_id=164:m_Script.line[113][0]	type=TextAsset; name=COPYING; dump=resources.assets/TextAsset/164__COPYING.txt	infringement, or the absence of latent or other defects, accuracy, or | the present or absence of errors, whether or not discoverable, all to | the greatest extent permissible under applicable law. || that may apply to the Work or any use thereof, including without | limitation any person's Copyright and Related Rights in the Work. | Further, Affirmer disclaims responsibility for obtaining any necessary	needs context before choosing dictionary/runtime/plugin fix	medium: needs narrative context and speaker/event validation	TextAsset payload/string-table cell
3	resources.assets:164	unknown	CC0 1.0 Universal			needs-review	resources.assets:path_id=164:m_Script.line[3][0]	type=TextAsset; name=COPYING; dump=resources.assets/TextAsset/164__COPYING.txt	Creative Commons Legal Code || CREATIVE COMMONS CORPORATION IS NOT A LAW FIRM AND DOES NOT PROVIDE | LEGAL SERVICES. DISTRIBUTION OF THIS DOCUMENT DOES NOT CREATE AN | ATTORNEY-CLIENT RELATIONSHIP. CREATIVE COMMONS PROVIDES THIS	needs context before choosing dictionary/runtime/plugin fix	medium: needs narrative context and speaker/event validation	TextAsset payload/string-table cell
3	resources.assets:164	unknown	Certain owners wish to permanently relinquish those rights to a Work for			needs-review	resources.assets:path_id=164:m_Script.line[21][0]	type=TextAsset; name=COPYING; dump=resources.assets/TextAsset/164__COPYING.txt	"exclusive Copyright and Related Rights (defined below) upon the creator | and subsequent owner(s) (each and all, an ""owner"") of an original work of | authorship and/or a database (each, a ""Work""). || the purpose of contributing to a commons of creative, cultural and | scientific works (""Commons"") that the public can reliably and without fear | of later claims of infringement build upon, modify, incorporate in other"	needs context before choosing dictionary/runtime/plugin fix	medium: needs narrative context and speaker/event validation	TextAsset payload/string-table cell
3	resources.assets:164	unknown	communicate, and translate a Work;			needs-review	resources.assets:path_id=164:m_Script.line[46][0]	type=TextAsset; name=COPYING; dump=resources.assets/TextAsset/164__COPYING.txt	"Related Rights""). Copyright and Related Rights include, but are not | limited to, the following: | i. the right to reproduce, adapt, distribute, perform, display, || ii. moral rights retained by the original author(s) and/or performer(s); | iii. publicity and privacy rights pertaining to a person's image or | likeness depicted in a Work;"	needs context before choosing dictionary/runtime/plugin fix	medium: needs narrative context and speaker/event validation	TextAsset payload/string-table cell
3	resources.assets:164	unknown	consents, permissions or other rights required for any use of the			needs-review	resources.assets:path_id=164:m_Script.line[117][0]	type=TextAsset; name=COPYING; dump=resources.assets/TextAsset/164__COPYING.txt	that may apply to the Work or any use thereof, including without | limitation any person's Copyright and Related Rights in the Work. | Further, Affirmer disclaims responsibility for obtaining any necessary || Work. | d. Affirmer understands and acknowledges that Creative Commons is not a | party to this document and has no duty or obligation with respect to	needs context before choosing dictionary/runtime/plugin fix	medium: needs narrative context and speaker/event validation	TextAsset payload/string-table cell
3	resources.assets:164	unknown	CREATIVE COMMONS CORPORATION IS NOT A LAW FIRM AND DOES NOT PROVIDE			needs-review	resources.assets:path_id=164:m_Script.line[5][0]	type=TextAsset; name=COPYING; dump=resources.assets/TextAsset/164__COPYING.txt	"Creative Commons Legal Code | CC0 1.0 Universal || LEGAL SERVICES. DISTRIBUTION OF THIS DOCUMENT DOES NOT CREATE AN | ATTORNEY-CLIENT RELATIONSHIP. CREATIVE COMMONS PROVIDES THIS | INFORMATION ON AN ""AS-IS"" BASIS. CREATIVE COMMONS MAKES NO WARRANTIES"	needs context before choosing dictionary/runtime/plugin fix	medium: needs narrative context and speaker/event validation	TextAsset payload/string-table cell
3	resources.assets:164	unknown	Creative Commons Legal Code			needs-review	resources.assets:path_id=164:m_Script.line[1][0]	type=TextAsset; name=COPYING; dump=resources.assets/TextAsset/164__COPYING.txt	CC0 1.0 Universal | CREATIVE COMMONS CORPORATION IS NOT A LAW FIRM AND DOES NOT PROVIDE | LEGAL SERVICES. DISTRIBUTION OF THIS DOCUMENT DOES NOT CREATE AN	needs context before choosing dictionary/runtime/plugin fix	medium: needs narrative context and speaker/event validation	TextAsset payload/string-table cell
3	resources.assets:164	unknown	culture and the further production of creative, cultural and scientific			needs-review	resources.assets:path_id=164:m_Script.line[28][0]	type=TextAsset; name=COPYING; dump=resources.assets/TextAsset/164__COPYING.txt	works, reuse and redistribute as freely as possible in any form whatsoever | and for any purposes, including without limitation commercial purposes. | These owners may contribute to the Commons to promote the ideal of a free || works, or to gain reputation or greater distribution for their Work in | part through the use and efforts of others. | For these and/or other purposes and motivations, and without any	needs context before choosing dictionary/runtime/plugin fix	medium: needs narrative context and speaker/event validation	TextAsset payload/string-table cell
3	resources.assets:164	unknown	d. Affirmer understands and acknowledges that Creative Commons is not a			needs-review	resources.assets:path_id=164:m_Script.line[119][0]	type=TextAsset; name=COPYING; dump=resources.assets/TextAsset/164__COPYING.txt	Further, Affirmer disclaims responsibility for obtaining any necessary | consents, permissions or other rights required for any use of the | Work. || party to this document and has no duty or obligation with respect to | this CC0 or use of the Work. | COPYING	needs context before choosing dictionary/runtime/plugin fix	medium: needs narrative context and speaker/event validation	TextAsset payload/string-table cell
3	resources.assets:164	unknown	directive); and			needs-review	resources.assets:path_id=164:m_Script.line[58][0]	type=TextAsset; name=COPYING; dump=resources.assets/TextAsset/164__COPYING.txt	European Parliament and of the Council of 11 March 1996 on the legal | protection of databases, and under any national implementation | thereof, including any amended or successor version of such || vii. other similar, equivalent or corresponding rights throughout the | world based on applicable law or treaty, and any national | implementations thereof.	needs context before choosing dictionary/runtime/plugin fix	medium: needs narrative context and speaker/event validation	TextAsset payload/string-table cell
3	resources.assets:164	unknown	elects to apply CC0 to the Work and publicly distribute the Work under its			needs-review	resources.assets:path_id=164:m_Script.line[36][0]	type=TextAsset; name=COPYING; dump=resources.assets/TextAsset/164__COPYING.txt	"expectation of additional consideration or compensation, the person | associating CC0 with a Work (the ""Affirmer""), to the extent that he or she | is an owner of Copyright and Related Rights in the Work, voluntarily || terms, with knowledge of his or her Copyright and Related Rights in the | Work and the meaning and intended legal effect of CC0 on those rights. | 1. Copyright and Related Rights. A Work made available under CC0 may be"	needs context before choosing dictionary/runtime/plugin fix	medium: needs narrative context and speaker/event validation	TextAsset payload/string-table cell
3	resources.assets:164	unknown	equitable action to disrupt the quiet enjoyment of the Work by the public			needs-review	resources.assets:path_id=164:m_Script.line[77][0]	type=TextAsset; name=COPYING; dump=resources.assets/TextAsset/164__COPYING.txt	member of the public at large and to the detriment of Affirmer's heirs and | successors, fully intending that such Waiver shall not be subject to | revocation, rescission, cancellation, termination, or any other legal or || as contemplated by Affirmer's express Statement of Purpose. | 3. Public License Fallback. Should any part of the Waiver for any reason | be judged legally invalid or ineffective under applicable law, then the	needs context before choosing dictionary/runtime/plugin fix	medium: needs narrative context and speaker/event validation	TextAsset payload/string-table cell
3	resources.assets:164	unknown	European Parliament and of the Council of 11 March 1996 on the legal			needs-review	resources.assets:path_id=164:m_Script.line[55][0]	type=TextAsset; name=COPYING; dump=resources.assets/TextAsset/164__COPYING.txt	v. rights protecting the extraction, dissemination, use and reuse of data | in a Work; | vi. database rights (such as those arising under Directive 96/9/EC of the || protection of databases, and under any national implementation | thereof, including any amended or successor version of such | directive); and	needs context before choosing dictionary/runtime/plugin fix	medium: needs narrative context and speaker/event validation	TextAsset payload/string-table cell
3	resources.assets:164	unknown	exclusive Copyright and Related Rights (defined below) upon the creator			needs-review	resources.assets:path_id=164:m_Script.line[17][0]	type=TextAsset; name=COPYING; dump=resources.assets/TextAsset/164__COPYING.txt	"HEREUNDER. | Statement of Purpose | The laws of most jurisdictions throughout the world automatically confer || and subsequent owner(s) (each and all, an ""owner"") of an original work of | authorship and/or a database (each, a ""Work""). | Certain owners wish to permanently relinquish those rights to a Work for"	needs context before choosing dictionary/runtime/plugin fix	medium: needs narrative context and speaker/event validation	TextAsset payload/string-table cell
3	resources.assets:164	unknown	expectation of additional consideration or compensation, the person			needs-review	resources.assets:path_id=164:m_Script.line[33][0]	type=TextAsset; name=COPYING; dump=resources.assets/TextAsset/164__COPYING.txt	"works, or to gain reputation or greater distribution for their Work in | part through the use and efforts of others. | For these and/or other purposes and motivations, and without any || associating CC0 with a Work (the ""Affirmer""), to the extent that he or she | is an owner of Copyright and Related Rights in the Work, voluntarily | elects to apply CC0 to the Work and publicly distribute the Work under its"	needs context before choosing dictionary/runtime/plugin fix	medium: needs narrative context and speaker/event validation	TextAsset payload/string-table cell
3	resources.assets:164	unknown	express Statement of Purpose.			needs-review	resources.assets:path_id=164:m_Script.line[100][0]	type=TextAsset; name=COPYING; dump=resources.assets/TextAsset/164__COPYING.txt	will not (i) exercise any of his or her remaining Copyright and Related | Rights in the Work or (ii) assert any associated claims and causes of | action with respect to the Work, in either case contrary to Affirmer's || 4. Limitations and Disclaimers. | a. No trademark or patent rights held by Affirmer are waived, abandoned, | surrendered, licensed or otherwise affected by this document.	needs context before choosing dictionary/runtime/plugin fix	medium: needs narrative context and speaker/event validation	TextAsset payload/string-table cell
3	resources.assets:164	unknown	extent the Waiver is so judged Affirmer hereby grants to each affected			needs-review	resources.assets:path_id=164:m_Script.line[84][0]	type=TextAsset; name=COPYING; dump=resources.assets/TextAsset/164__COPYING.txt	be judged legally invalid or ineffective under applicable law, then the | Waiver shall be preserved to the maximum extent permitted taking into | account Affirmer's express Statement of Purpose. In addition, to the || person a royalty-free, non transferable, non sublicensable, non exclusive, | irrevocable and unconditional license to exercise Affirmer's Copyright and | Related Rights in the Work (i) in all territories worldwide, (ii) for the	needs context before choosing dictionary/runtime/plugin fix	medium: needs narrative context and speaker/event validation	TextAsset payload/string-table cell
3	resources.assets:164	unknown	For these and/or other purposes and motivations, and without any			needs-review	resources.assets:path_id=164:m_Script.line[32][0]	type=TextAsset; name=COPYING; dump=resources.assets/TextAsset/164__COPYING.txt	"culture and the further production of creative, cultural and scientific | works, or to gain reputation or greater distribution for their Work in | part through the use and efforts of others. || expectation of additional consideration or compensation, the person | associating CC0 with a Work (the ""Affirmer""), to the extent that he or she | is an owner of Copyright and Related Rights in the Work, voluntarily"	needs context before choosing dictionary/runtime/plugin fix	medium: needs narrative context and speaker/event validation	TextAsset payload/string-table cell
3	resources.assets:164	unknown	Further, Affirmer disclaims responsibility for obtaining any necessary			needs-review	resources.assets:path_id=164:m_Script.line[116][0]	type=TextAsset; name=COPYING; dump=resources.assets/TextAsset/164__COPYING.txt	c. Affirmer disclaims responsibility for clearing rights of other persons | that may apply to the Work or any use thereof, including without | limitation any person's Copyright and Related Rights in the Work. || consents, permissions or other rights required for any use of the | Work. | d. Affirmer understands and acknowledges that Creative Commons is not a	needs context before choosing dictionary/runtime/plugin fix	medium: needs narrative context and speaker/event validation	TextAsset payload/string-table cell
3	resources.assets:164	unknown	future claims and causes of action), in the Work (i) in all territories			needs-review	resources.assets:path_id=164:m_Script.line[68][0]	type=TextAsset; name=COPYING; dump=resources.assets/TextAsset/164__COPYING.txt	irrevocably and unconditionally waives, abandons, and surrenders all of | Affirmer's Copyright and Related Rights and associated claims and causes | of action, whether now known or unknown (including existing as well as || worldwide, (ii) for the maximum duration provided by applicable law or | treaty (including future time extensions), (iii) in any current or future | medium and for any number of copies, and (iv) for any purpose whatsoever,	needs context before choosing dictionary/runtime/plugin fix	medium: needs narrative context and speaker/event validation	TextAsset payload/string-table cell
3	resources.assets:164	unknown	i. the right to reproduce, adapt, distribute, perform, display,			needs-review	resources.assets:path_id=164:m_Script.line[45][0]	type=TextAsset; name=COPYING; dump=resources.assets/TextAsset/164__COPYING.txt	"protected by copyright and related or neighboring rights (""Copyright and | Related Rights""). Copyright and Related Rights include, but are not | limited to, the following: || communicate, and translate a Work; | ii. moral rights retained by the original author(s) and/or performer(s); | iii. publicity and privacy rights pertaining to a person's image or"	needs context before choosing dictionary/runtime/plugin fix	medium: needs narrative context and speaker/event validation	TextAsset payload/string-table cell
3	resources.assets:164	unknown	ii. moral rights retained by the original author(s) and/or performer(s);			needs-review	resources.assets:path_id=164:m_Script.line[47][0]	type=TextAsset; name=COPYING; dump=resources.assets/TextAsset/164__COPYING.txt	limited to, the following: | i. the right to reproduce, adapt, distribute, perform, display, | communicate, and translate a Work; || iii. publicity and privacy rights pertaining to a person's image or | likeness depicted in a Work; | iv. rights protecting against unfair competition in regards to a Work,	needs context before choosing dictionary/runtime/plugin fix	medium: needs narrative context and speaker/event validation	TextAsset payload/string-table cell
3	resources.assets:164	unknown	iii. publicity and privacy rights pertaining to a person's image or			needs-review	resources.assets:path_id=164:m_Script.line[48][0]	type=TextAsset; name=COPYING; dump=resources.assets/TextAsset/164__COPYING.txt	i. the right to reproduce, adapt, distribute, perform, display, | communicate, and translate a Work; | ii. moral rights retained by the original author(s) and/or performer(s); || likeness depicted in a Work; | iv. rights protecting against unfair competition in regards to a Work, | subject to the limitations in paragraph 4(a), below;	needs context before choosing dictionary/runtime/plugin fix	medium: needs narrative context and speaker/event validation	TextAsset payload/string-table cell
3	resources.assets:164	unknown	implementations thereof.			needs-review	resources.assets:path_id=164:m_Script.line[61][0]	type=TextAsset; name=COPYING; dump=resources.assets/TextAsset/164__COPYING.txt	directive); and | vii. other similar, equivalent or corresponding rights throughout the | world based on applicable law or treaty, and any national || 2. Waiver. To the greatest extent permitted by, but not in contravention | of, applicable law, Affirmer hereby overtly, fully, permanently, | irrevocably and unconditionally waives, abandons, and surrenders all of	needs context before choosing dictionary/runtime/plugin fix	medium: needs narrative context and speaker/event validation	TextAsset payload/string-table cell
3	resources.assets:164	unknown	in a Work;			needs-review	resources.assets:path_id=164:m_Script.line[53][0]	type=TextAsset; name=COPYING; dump=resources.assets/TextAsset/164__COPYING.txt	iv. rights protecting against unfair competition in regards to a Work, | subject to the limitations in paragraph 4(a), below; | v. rights protecting the extraction, dissemination, use and reuse of data || vi. database rights (such as those arising under Directive 96/9/EC of the | European Parliament and of the Council of 11 March 1996 on the legal | protection of databases, and under any national implementation	needs context before choosing dictionary/runtime/plugin fix	medium: needs narrative context and speaker/event validation	TextAsset payload/string-table cell
3	resources.assets:164	unknown	including without limitation commercial, advertising or promotional			needs-review	resources.assets:path_id=164:m_Script.line[72][0]	type=TextAsset; name=COPYING; dump=resources.assets/TextAsset/164__COPYING.txt	"worldwide, (ii) for the maximum duration provided by applicable law or | treaty (including future time extensions), (iii) in any current or future | medium and for any number of copies, and (iv) for any purpose whatsoever, || purposes (the ""Waiver""). Affirmer makes the Waiver for the benefit of each | member of the public at large and to the detriment of Affirmer's heirs and | successors, fully intending that such Waiver shall not be subject to"	needs context before choosing dictionary/runtime/plugin fix	medium: needs narrative context and speaker/event validation	TextAsset payload/string-table cell
3	resources.assets:164	unknown	"INFORMATION ON AN ""AS-IS"" BASIS. CREATIVE COMMONS MAKES NO WARRANTIES"			needs-review	resources.assets:path_id=164:m_Script.line[8][0]	type=TextAsset; name=COPYING; dump=resources.assets/TextAsset/164__COPYING.txt	CREATIVE COMMONS CORPORATION IS NOT A LAW FIRM AND DOES NOT PROVIDE | LEGAL SERVICES. DISTRIBUTION OF THIS DOCUMENT DOES NOT CREATE AN | ATTORNEY-CLIENT RELATIONSHIP. CREATIVE COMMONS PROVIDES THIS || REGARDING THE USE OF THIS DOCUMENT OR THE INFORMATION OR WORKS | PROVIDED HEREUNDER, AND DISCLAIMS LIABILITY FOR DAMAGES RESULTING FROM | THE USE OF THIS DOCUMENT OR THE INFORMATION OR WORKS PROVIDED	needs context before choosing dictionary/runtime/plugin fix	medium: needs narrative context and speaker/event validation	TextAsset payload/string-table cell
3	resources.assets:164	unknown	infringement, or the absence of latent or other defects, accuracy, or			needs-review	resources.assets:path_id=164:m_Script.line[110][0]	type=TextAsset; name=COPYING; dump=resources.assets/TextAsset/164__COPYING.txt	warranties of any kind concerning the Work, express, implied, | statutory or otherwise, including without limitation warranties of | title, merchantability, fitness for a particular purpose, non || the present or absence of errors, whether or not discoverable, all to | the greatest extent permissible under applicable law. | c. Affirmer disclaims responsibility for clearing rights of other persons	needs context before choosing dictionary/runtime/plugin fix	medium: needs narrative context and speaker/event validation	TextAsset payload/string-table cell
3	resources.assets:164	ui	irrevocable and unconditional license to exercise Affirmer's Copyright and			needs-review	resources.assets:path_id=164:m_Script.line[86][0]	type=TextAsset; name=COPYING; dump=resources.assets/TextAsset/164__COPYING.txt	account Affirmer's express Statement of Purpose. In addition, to the | extent the Waiver is so judged Affirmer hereby grants to each affected | person a royalty-free, non transferable, non sublicensable, non exclusive, || Related Rights in the Work (i) in all territories worldwide, (ii) for the | maximum duration provided by applicable law or treaty (including future | time extensions), (iii) in any current or future medium and for any number	add/update source-text entry in translations/source_queue.tsv	medium: visible layout/clipping risk	TextAsset payload/string-table cell
3	resources.assets:164	ui	irrevocably and unconditionally waives, abandons, and surrenders all of			needs-review	resources.assets:path_id=164:m_Script.line[65][0]	type=TextAsset; name=COPYING; dump=resources.assets/TextAsset/164__COPYING.txt	implementations thereof. | 2. Waiver. To the greatest extent permitted by, but not in contravention | of, applicable law, Affirmer hereby overtly, fully, permanently, || Affirmer's Copyright and Related Rights and associated claims and causes | of action, whether now known or unknown (including existing as well as | future claims and causes of action), in the Work (i) in all territories	add/update source-text entry in translations/source_queue.tsv	medium: visible layout/clipping risk	TextAsset payload/string-table cell
3	resources.assets:164	unknown	is an owner of Copyright and Related Rights in the Work, voluntarily			needs-review	resources.assets:path_id=164:m_Script.line[35][0]	type=TextAsset; name=COPYING; dump=resources.assets/TextAsset/164__COPYING.txt	"For these and/or other purposes and motivations, and without any | expectation of additional consideration or compensation, the person | associating CC0 with a Work (the ""Affirmer""), to the extent that he or she || elects to apply CC0 to the Work and publicly distribute the Work under its | terms, with knowledge of his or her Copyright and Related Rights in the | Work and the meaning and intended legal effect of CC0 on those rights."	needs context before choosing dictionary/runtime/plugin fix	medium: needs narrative context and speaker/event validation	TextAsset payload/string-table cell
3	resources.assets:164	unknown	iv. rights protecting against unfair competition in regards to a Work,			needs-review	resources.assets:path_id=164:m_Script.line[50][0]	type=TextAsset; name=COPYING; dump=resources.assets/TextAsset/164__COPYING.txt	ii. moral rights retained by the original author(s) and/or performer(s); | iii. publicity and privacy rights pertaining to a person's image or | likeness depicted in a Work; || subject to the limitations in paragraph 4(a), below; | v. rights protecting the extraction, dissemination, use and reuse of data | in a Work;	needs context before choosing dictionary/runtime/plugin fix	medium: needs narrative context and speaker/event validation	TextAsset payload/string-table cell
3	resources.assets:164	unknown	LEGAL SERVICES. DISTRIBUTION OF THIS DOCUMENT DOES NOT CREATE AN			needs-review	resources.assets:path_id=164:m_Script.line[6][0]	type=TextAsset; name=COPYING; dump=resources.assets/TextAsset/164__COPYING.txt	"Creative Commons Legal Code | CC0 1.0 Universal | CREATIVE COMMONS CORPORATION IS NOT A LAW FIRM AND DOES NOT PROVIDE || ATTORNEY-CLIENT RELATIONSHIP. CREATIVE COMMONS PROVIDES THIS | INFORMATION ON AN ""AS-IS"" BASIS. CREATIVE COMMONS MAKES NO WARRANTIES | REGARDING THE USE OF THIS DOCUMENT OR THE INFORMATION OR WORKS"	needs context before choosing dictionary/runtime/plugin fix	medium: needs narrative context and speaker/event validation	TextAsset payload/string-table cell
3	resources.assets:164	unknown	"License""). The License shall be deemed effective as of the date CC0 was"			needs-review	resources.assets:path_id=164:m_Script.line[92][0]	type=TextAsset; name=COPYING; dump=resources.assets/TextAsset/164__COPYING.txt	time extensions), (iii) in any current or future medium and for any number | of copies, and (iv) for any purpose whatsoever, including without | limitation commercial, advertising or promotional purposes (the || applied by Affirmer to the Work. Should any part of the License for any | reason be judged legally invalid or ineffective under applicable law, such | partial invalidity or ineffectiveness shall not invalidate the remainder	needs context before choosing dictionary/runtime/plugin fix	medium: needs narrative context and speaker/event validation	TextAsset payload/string-table cell
3	resources.assets:164	unknown	likeness depicted in a Work;			needs-review	resources.assets:path_id=164:m_Script.line[49][0]	type=TextAsset; name=COPYING; dump=resources.assets/TextAsset/164__COPYING.txt	communicate, and translate a Work; | ii. moral rights retained by the original author(s) and/or performer(s); | iii. publicity and privacy rights pertaining to a person's image or || iv. rights protecting against unfair competition in regards to a Work, | subject to the limitations in paragraph 4(a), below; | v. rights protecting the extraction, dissemination, use and reuse of data	needs context before choosing dictionary/runtime/plugin fix	medium: needs narrative context and speaker/event validation	TextAsset payload/string-table cell
3	resources.assets:164	unknown	limitation any person's Copyright and Related Rights in the Work.			needs-review	resources.assets:path_id=164:m_Script.line[115][0]	type=TextAsset; name=COPYING; dump=resources.assets/TextAsset/164__COPYING.txt	the greatest extent permissible under applicable law. | c. Affirmer disclaims responsibility for clearing rights of other persons | that may apply to the Work or any use thereof, including without || Further, Affirmer disclaims responsibility for obtaining any necessary | consents, permissions or other rights required for any use of the | Work.	needs context before choosing dictionary/runtime/plugin fix	medium: needs narrative context and speaker/event validation	TextAsset payload/string-table cell
3	resources.assets:164	unknown	limitation commercial, advertising or promotional purposes (the			needs-review	resources.assets:path_id=164:m_Script.line[91][0]	type=TextAsset; name=COPYING; dump=resources.assets/TextAsset/164__COPYING.txt	"maximum duration provided by applicable law or treaty (including future | time extensions), (iii) in any current or future medium and for any number | of copies, and (iv) for any purpose whatsoever, including without || License""). The License shall be deemed effective as of the date CC0 was | applied by Affirmer to the Work. Should any part of the License for any | reason be judged legally invalid or ineffective under applicable law, such"	needs context before choosing dictionary/runtime/plugin fix	medium: needs narrative context and speaker/event validation	TextAsset payload/string-table cell
3	resources.assets:164	unknown	limited to, the following:			needs-review	resources.assets:path_id=164:m_Script.line[43][0]	type=TextAsset; name=COPYING; dump=resources.assets/TextAsset/164__COPYING.txt	"1. Copyright and Related Rights. A Work made available under CC0 may be | protected by copyright and related or neighboring rights (""Copyright and | Related Rights""). Copyright and Related Rights include, but are not || i. the right to reproduce, adapt, distribute, perform, display, | communicate, and translate a Work; | ii. moral rights retained by the original author(s) and/or performer(s);"	needs context before choosing dictionary/runtime/plugin fix	medium: needs narrative context and speaker/event validation	TextAsset payload/string-table cell
3	resources.assets:164	unknown	maximum duration provided by applicable law or treaty (including future			needs-review	resources.assets:path_id=164:m_Script.line[88][0]	type=TextAsset; name=COPYING; dump=resources.assets/TextAsset/164__COPYING.txt	person a royalty-free, non transferable, non sublicensable, non exclusive, | irrevocable and unconditional license to exercise Affirmer's Copyright and | Related Rights in the Work (i) in all territories worldwide, (ii) for the || time extensions), (iii) in any current or future medium and for any number | of copies, and (iv) for any purpose whatsoever, including without | limitation commercial, advertising or promotional purposes (the	needs context before choosing dictionary/runtime/plugin fix	medium: needs narrative context and speaker/event validation	TextAsset payload/string-table cell
3	resources.assets:164	unknown	medium and for any number of copies, and (iv) for any purpose whatsoever,			needs-review	resources.assets:path_id=164:m_Script.line[71][0]	type=TextAsset; name=COPYING; dump=resources.assets/TextAsset/164__COPYING.txt	"future claims and causes of action), in the Work (i) in all territories | worldwide, (ii) for the maximum duration provided by applicable law or | treaty (including future time extensions), (iii) in any current or future || including without limitation commercial, advertising or promotional | purposes (the ""Waiver""). Affirmer makes the Waiver for the benefit of each | member of the public at large and to the detriment of Affirmer's heirs and"	needs context before choosing dictionary/runtime/plugin fix	medium: needs narrative context and speaker/event validation	TextAsset payload/string-table cell
3	resources.assets:164	unknown	member of the public at large and to the detriment of Affirmer's heirs and			needs-review	resources.assets:path_id=164:m_Script.line[74][0]	type=TextAsset; name=COPYING; dump=resources.assets/TextAsset/164__COPYING.txt	"medium and for any number of copies, and (iv) for any purpose whatsoever, | including without limitation commercial, advertising or promotional | purposes (the ""Waiver""). Affirmer makes the Waiver for the benefit of each || successors, fully intending that such Waiver shall not be subject to | revocation, rescission, cancellation, termination, or any other legal or | equitable action to disrupt the quiet enjoyment of the Work by the public"	needs context before choosing dictionary/runtime/plugin fix	medium: needs narrative context and speaker/event validation	TextAsset payload/string-table cell
3	resources.assets:164	unknown	of action, whether now known or unknown (including existing as well as			needs-review	resources.assets:path_id=164:m_Script.line[67][0]	type=TextAsset; name=COPYING; dump=resources.assets/TextAsset/164__COPYING.txt	of, applicable law, Affirmer hereby overtly, fully, permanently, | irrevocably and unconditionally waives, abandons, and surrenders all of | Affirmer's Copyright and Related Rights and associated claims and causes || future claims and causes of action), in the Work (i) in all territories | worldwide, (ii) for the maximum duration provided by applicable law or | treaty (including future time extensions), (iii) in any current or future	needs context before choosing dictionary/runtime/plugin fix	medium: needs narrative context and speaker/event validation	TextAsset payload/string-table cell
3	resources.assets:164	unknown	of copies, and (iv) for any purpose whatsoever, including without			needs-review	resources.assets:path_id=164:m_Script.line[90][0]	type=TextAsset; name=COPYING; dump=resources.assets/TextAsset/164__COPYING.txt	"Related Rights in the Work (i) in all territories worldwide, (ii) for the | maximum duration provided by applicable law or treaty (including future | time extensions), (iii) in any current or future medium and for any number || limitation commercial, advertising or promotional purposes (the | License""). The License shall be deemed effective as of the date CC0 was | applied by Affirmer to the Work. Should any part of the License for any"	needs context before choosing dictionary/runtime/plugin fix	medium: needs narrative context and speaker/event validation	TextAsset payload/string-table cell
3	resources.assets:164	unknown	of later claims of infringement build upon, modify, incorporate in other			needs-review	resources.assets:path_id=164:m_Script.line[24][0]	type=TextAsset; name=COPYING; dump=resources.assets/TextAsset/164__COPYING.txt	"Certain owners wish to permanently relinquish those rights to a Work for | the purpose of contributing to a commons of creative, cultural and | scientific works (""Commons"") that the public can reliably and without fear || works, reuse and redistribute as freely as possible in any form whatsoever | and for any purposes, including without limitation commercial purposes. | These owners may contribute to the Commons to promote the ideal of a free"	needs context before choosing dictionary/runtime/plugin fix	medium: needs narrative context and speaker/event validation	TextAsset payload/string-table cell
3	resources.assets:164	unknown	of the License, and in such case Affirmer hereby affirms that he or she			needs-review	resources.assets:path_id=164:m_Script.line[96][0]	type=TextAsset; name=COPYING; dump=resources.assets/TextAsset/164__COPYING.txt	applied by Affirmer to the Work. Should any part of the License for any | reason be judged legally invalid or ineffective under applicable law, such | partial invalidity or ineffectiveness shall not invalidate the remainder || will not (i) exercise any of his or her remaining Copyright and Related | Rights in the Work or (ii) assert any associated claims and causes of | action with respect to the Work, in either case contrary to Affirmer's	needs context before choosing dictionary/runtime/plugin fix	medium: needs narrative context and speaker/event validation	TextAsset payload/string-table cell
3	resources.assets:164	unknown	of, applicable law, Affirmer hereby overtly, fully, permanently,			needs-review	resources.assets:path_id=164:m_Script.line[64][0]	type=TextAsset; name=COPYING; dump=resources.assets/TextAsset/164__COPYING.txt	world based on applicable law or treaty, and any national | implementations thereof. | 2. Waiver. To the greatest extent permitted by, but not in contravention || irrevocably and unconditionally waives, abandons, and surrenders all of | Affirmer's Copyright and Related Rights and associated claims and causes | of action, whether now known or unknown (including existing as well as	needs context before choosing dictionary/runtime/plugin fix	medium: needs narrative context and speaker/event validation	TextAsset payload/string-table cell
3	resources.assets:164	unknown	part through the use and efforts of others.			needs-review	resources.assets:path_id=164:m_Script.line[30][0]	type=TextAsset; name=COPYING; dump=resources.assets/TextAsset/164__COPYING.txt	"These owners may contribute to the Commons to promote the ideal of a free | culture and the further production of creative, cultural and scientific | works, or to gain reputation or greater distribution for their Work in || For these and/or other purposes and motivations, and without any | expectation of additional consideration or compensation, the person | associating CC0 with a Work (the ""Affirmer""), to the extent that he or she"	needs context before choosing dictionary/runtime/plugin fix	medium: needs narrative context and speaker/event validation	TextAsset payload/string-table cell
3	resources.assets:164	unknown	partial invalidity or ineffectiveness shall not invalidate the remainder			needs-review	resources.assets:path_id=164:m_Script.line[95][0]	type=TextAsset; name=COPYING; dump=resources.assets/TextAsset/164__COPYING.txt	"License""). The License shall be deemed effective as of the date CC0 was | applied by Affirmer to the Work. Should any part of the License for any | reason be judged legally invalid or ineffective under applicable law, such || of the License, and in such case Affirmer hereby affirms that he or she | will not (i) exercise any of his or her remaining Copyright and Related | Rights in the Work or (ii) assert any associated claims and causes of"	needs context before choosing dictionary/runtime/plugin fix	medium: needs narrative context and speaker/event validation	TextAsset payload/string-table cell
3	resources.assets:164	unknown	party to this document and has no duty or obligation with respect to			needs-review	resources.assets:path_id=164:m_Script.line[120][0]	type=TextAsset; name=COPYING; dump=resources.assets/TextAsset/164__COPYING.txt	consents, permissions or other rights required for any use of the | Work. | d. Affirmer understands and acknowledges that Creative Commons is not a || this CC0 or use of the Work. | COPYING	needs context before choosing dictionary/runtime/plugin fix	medium: needs narrative context and speaker/event validation	TextAsset payload/string-table cell
3	resources.assets:164	unknown	person a royalty-free, non transferable, non sublicensable, non exclusive,			needs-review	resources.assets:path_id=164:m_Script.line[85][0]	type=TextAsset; name=COPYING; dump=resources.assets/TextAsset/164__COPYING.txt	Waiver shall be preserved to the maximum extent permitted taking into | account Affirmer's express Statement of Purpose. In addition, to the | extent the Waiver is so judged Affirmer hereby grants to each affected || irrevocable and unconditional license to exercise Affirmer's Copyright and | Related Rights in the Work (i) in all territories worldwide, (ii) for the | maximum duration provided by applicable law or treaty (including future	needs context before choosing dictionary/runtime/plugin fix	medium: needs narrative context and speaker/event validation	TextAsset payload/string-table cell
3	resources.assets:164	unknown	"protected by copyright and related or neighboring rights (""Copyright and"			needs-review	resources.assets:path_id=164:m_Script.line[41][0]	type=TextAsset; name=COPYING; dump=resources.assets/TextAsset/164__COPYING.txt	"terms, with knowledge of his or her Copyright and Related Rights in the | Work and the meaning and intended legal effect of CC0 on those rights. | 1. Copyright and Related Rights. A Work made available under CC0 may be || Related Rights""). Copyright and Related Rights include, but are not | limited to, the following: | i. the right to reproduce, adapt, distribute, perform, display,"	needs context before choosing dictionary/runtime/plugin fix	medium: needs narrative context and speaker/event validation	TextAsset payload/string-table cell
3	resources.assets:164	unknown	protection of databases, and under any national implementation			needs-review	resources.assets:path_id=164:m_Script.line[56][0]	type=TextAsset; name=COPYING; dump=resources.assets/TextAsset/164__COPYING.txt	in a Work; | vi. database rights (such as those arising under Directive 96/9/EC of the | European Parliament and of the Council of 11 March 1996 on the legal || thereof, including any amended or successor version of such | directive); and | vii. other similar, equivalent or corresponding rights throughout the	needs context before choosing dictionary/runtime/plugin fix	medium: needs narrative context and speaker/event validation	TextAsset payload/string-table cell
3	resources.assets:164	result/search	PROVIDED HEREUNDER, AND DISCLAIMS LIABILITY FOR DAMAGES RESULTING FROM			needs-review	resources.assets:path_id=164:m_Script.line[10][0]	type=TextAsset; name=COPYING; dump=resources.assets/TextAsset/164__COPYING.txt	"ATTORNEY-CLIENT RELATIONSHIP. CREATIVE COMMONS PROVIDES THIS | INFORMATION ON AN ""AS-IS"" BASIS. CREATIVE COMMONS MAKES NO WARRANTIES | REGARDING THE USE OF THIS DOCUMENT OR THE INFORMATION OR WORKS || THE USE OF THIS DOCUMENT OR THE INFORMATION OR WORKS PROVIDED | HEREUNDER. | Statement of Purpose"	add/update source-text entry in translations/source_queue.tsv	medium: visible layout/clipping risk	TextAsset payload/string-table cell
3	resources.assets:164	unknown	"purposes (the ""Waiver""). Affirmer makes the Waiver for the benefit of each"			needs-review	resources.assets:path_id=164:m_Script.line[73][0]	type=TextAsset; name=COPYING; dump=resources.assets/TextAsset/164__COPYING.txt	treaty (including future time extensions), (iii) in any current or future | medium and for any number of copies, and (iv) for any purpose whatsoever, | including without limitation commercial, advertising or promotional || member of the public at large and to the detriment of Affirmer's heirs and | successors, fully intending that such Waiver shall not be subject to | revocation, rescission, cancellation, termination, or any other legal or	needs context before choosing dictionary/runtime/plugin fix	medium: needs narrative context and speaker/event validation	TextAsset payload/string-table cell
3	resources.assets:164	unknown	reason be judged legally invalid or ineffective under applicable law, such			needs-review	resources.assets:path_id=164:m_Script.line[94][0]	type=TextAsset; name=COPYING; dump=resources.assets/TextAsset/164__COPYING.txt	"limitation commercial, advertising or promotional purposes (the | License""). The License shall be deemed effective as of the date CC0 was | applied by Affirmer to the Work. Should any part of the License for any || partial invalidity or ineffectiveness shall not invalidate the remainder | of the License, and in such case Affirmer hereby affirms that he or she | will not (i) exercise any of his or her remaining Copyright and Related"	needs context before choosing dictionary/runtime/plugin fix	medium: needs narrative context and speaker/event validation	TextAsset payload/string-table cell
3	resources.assets:164	unknown	REGARDING THE USE OF THIS DOCUMENT OR THE INFORMATION OR WORKS			needs-review	resources.assets:path_id=164:m_Script.line[9][0]	type=TextAsset; name=COPYING; dump=resources.assets/TextAsset/164__COPYING.txt	"LEGAL SERVICES. DISTRIBUTION OF THIS DOCUMENT DOES NOT CREATE AN | ATTORNEY-CLIENT RELATIONSHIP. CREATIVE COMMONS PROVIDES THIS | INFORMATION ON AN ""AS-IS"" BASIS. CREATIVE COMMONS MAKES NO WARRANTIES || PROVIDED HEREUNDER, AND DISCLAIMS LIABILITY FOR DAMAGES RESULTING FROM | THE USE OF THIS DOCUMENT OR THE INFORMATION OR WORKS PROVIDED | HEREUNDER."	needs context before choosing dictionary/runtime/plugin fix	medium: needs narrative context and speaker/event validation	TextAsset payload/string-table cell
3	resources.assets:164	unknown	Related Rights in the Work (i) in all territories worldwide, (ii) for the			needs-review	resources.assets:path_id=164:m_Script.line[87][0]	type=TextAsset; name=COPYING; dump=resources.assets/TextAsset/164__COPYING.txt	extent the Waiver is so judged Affirmer hereby grants to each affected | person a royalty-free, non transferable, non sublicensable, non exclusive, | irrevocable and unconditional license to exercise Affirmer's Copyright and || maximum duration provided by applicable law or treaty (including future | time extensions), (iii) in any current or future medium and for any number | of copies, and (iv) for any purpose whatsoever, including without	needs context before choosing dictionary/runtime/plugin fix	medium: needs narrative context and speaker/event validation	TextAsset payload/string-table cell
3	resources.assets:164	unknown	"Related Rights""). Copyright and Related Rights include, but are not"			needs-review	resources.assets:path_id=164:m_Script.line[42][0]	type=TextAsset; name=COPYING; dump=resources.assets/TextAsset/164__COPYING.txt	"Work and the meaning and intended legal effect of CC0 on those rights. | 1. Copyright and Related Rights. A Work made available under CC0 may be | protected by copyright and related or neighboring rights (""Copyright and || limited to, the following: | i. the right to reproduce, adapt, distribute, perform, display, | communicate, and translate a Work;"	needs context before choosing dictionary/runtime/plugin fix	medium: needs narrative context and speaker/event validation	TextAsset payload/string-table cell
3	resources.assets:164	unknown	revocation, rescission, cancellation, termination, or any other legal or			needs-review	resources.assets:path_id=164:m_Script.line[76][0]	type=TextAsset; name=COPYING; dump=resources.assets/TextAsset/164__COPYING.txt	"purposes (the ""Waiver""). Affirmer makes the Waiver for the benefit of each | member of the public at large and to the detriment of Affirmer's heirs and | successors, fully intending that such Waiver shall not be subject to || equitable action to disrupt the quiet enjoyment of the Work by the public | as contemplated by Affirmer's express Statement of Purpose. | 3. Public License Fallback. Should any part of the Waiver for any reason"	needs context before choosing dictionary/runtime/plugin fix	medium: needs narrative context and speaker/event validation	TextAsset payload/string-table cell
3	resources.assets:164	unknown	Rights in the Work or (ii) assert any associated claims and causes of			needs-review	resources.assets:path_id=164:m_Script.line[98][0]	type=TextAsset; name=COPYING; dump=resources.assets/TextAsset/164__COPYING.txt	partial invalidity or ineffectiveness shall not invalidate the remainder | of the License, and in such case Affirmer hereby affirms that he or she | will not (i) exercise any of his or her remaining Copyright and Related || action with respect to the Work, in either case contrary to Affirmer's | express Statement of Purpose. | 4. Limitations and Disclaimers.	needs context before choosing dictionary/runtime/plugin fix	medium: needs narrative context and speaker/event validation	TextAsset payload/string-table cell
3	resources.assets:164	unknown	"scientific works (""Commons"") that the public can reliably and without fear"			needs-review	resources.assets:path_id=164:m_Script.line[23][0]	type=TextAsset; name=COPYING; dump=resources.assets/TextAsset/164__COPYING.txt	"authorship and/or a database (each, a ""Work""). | Certain owners wish to permanently relinquish those rights to a Work for | the purpose of contributing to a commons of creative, cultural and || of later claims of infringement build upon, modify, incorporate in other | works, reuse and redistribute as freely as possible in any form whatsoever | and for any purposes, including without limitation commercial purposes."	needs context before choosing dictionary/runtime/plugin fix	medium: needs narrative context and speaker/event validation	TextAsset payload/string-table cell
3	resources.assets:164	unknown	Statement of Purpose			needs-review	resources.assets:path_id=164:m_Script.line[14][0]	type=TextAsset; name=COPYING; dump=resources.assets/TextAsset/164__COPYING.txt	"PROVIDED HEREUNDER, AND DISCLAIMS LIABILITY FOR DAMAGES RESULTING FROM | THE USE OF THIS DOCUMENT OR THE INFORMATION OR WORKS PROVIDED | HEREUNDER. || The laws of most jurisdictions throughout the world automatically confer | exclusive Copyright and Related Rights (defined below) upon the creator | and subsequent owner(s) (each and all, an ""owner"") of an original work of"	needs context before choosing dictionary/runtime/plugin fix	medium: needs narrative context and speaker/event validation	TextAsset payload/string-table cell
3	resources.assets:164	unknown	statutory or otherwise, including without limitation warranties of			needs-review	resources.assets:path_id=164:m_Script.line[108][0]	type=TextAsset; name=COPYING; dump=resources.assets/TextAsset/164__COPYING.txt	surrendered, licensed or otherwise affected by this document. | b. Affirmer offers the Work as-is and makes no representations or | warranties of any kind concerning the Work, express, implied, || title, merchantability, fitness for a particular purpose, non | infringement, or the absence of latent or other defects, accuracy, or | the present or absence of errors, whether or not discoverable, all to	needs context before choosing dictionary/runtime/plugin fix	medium: needs narrative context and speaker/event validation	TextAsset payload/string-table cell
3	resources.assets:164	unknown	subject to the limitations in paragraph 4(a), below;			needs-review	resources.assets:path_id=164:m_Script.line[51][0]	type=TextAsset; name=COPYING; dump=resources.assets/TextAsset/164__COPYING.txt	iii. publicity and privacy rights pertaining to a person's image or | likeness depicted in a Work; | iv. rights protecting against unfair competition in regards to a Work, || v. rights protecting the extraction, dissemination, use and reuse of data | in a Work; | vi. database rights (such as those arising under Directive 96/9/EC of the	needs context before choosing dictionary/runtime/plugin fix	medium: needs narrative context and speaker/event validation	TextAsset payload/string-table cell
3	resources.assets:164	unknown	successors, fully intending that such Waiver shall not be subject to			needs-review	resources.assets:path_id=164:m_Script.line[75][0]	type=TextAsset; name=COPYING; dump=resources.assets/TextAsset/164__COPYING.txt	"including without limitation commercial, advertising or promotional | purposes (the ""Waiver""). Affirmer makes the Waiver for the benefit of each | member of the public at large and to the detriment of Affirmer's heirs and || revocation, rescission, cancellation, termination, or any other legal or | equitable action to disrupt the quiet enjoyment of the Work by the public | as contemplated by Affirmer's express Statement of Purpose."	needs context before choosing dictionary/runtime/plugin fix	medium: needs narrative context and speaker/event validation	TextAsset payload/string-table cell
3	resources.assets:164	unknown	surrendered, licensed or otherwise affected by this document.			needs-review	resources.assets:path_id=164:m_Script.line[105][0]	type=TextAsset; name=COPYING; dump=resources.assets/TextAsset/164__COPYING.txt	express Statement of Purpose. | 4. Limitations and Disclaimers. | a. No trademark or patent rights held by Affirmer are waived, abandoned, || b. Affirmer offers the Work as-is and makes no representations or | warranties of any kind concerning the Work, express, implied, | statutory or otherwise, including without limitation warranties of	needs context before choosing dictionary/runtime/plugin fix	medium: needs narrative context and speaker/event validation	TextAsset payload/string-table cell
3	resources.assets:164	unknown	terms, with knowledge of his or her Copyright and Related Rights in the			needs-review	resources.assets:path_id=164:m_Script.line[37][0]	type=TextAsset; name=COPYING; dump=resources.assets/TextAsset/164__COPYING.txt	"associating CC0 with a Work (the ""Affirmer""), to the extent that he or she | is an owner of Copyright and Related Rights in the Work, voluntarily | elects to apply CC0 to the Work and publicly distribute the Work under its || Work and the meaning and intended legal effect of CC0 on those rights. | 1. Copyright and Related Rights. A Work made available under CC0 may be | protected by copyright and related or neighboring rights (""Copyright and"	needs context before choosing dictionary/runtime/plugin fix	medium: needs narrative context and speaker/event validation	TextAsset payload/string-table cell
3	resources.assets:164	unknown	that may apply to the Work or any use thereof, including without			needs-review	resources.assets:path_id=164:m_Script.line[114][0]	type=TextAsset; name=COPYING; dump=resources.assets/TextAsset/164__COPYING.txt	the present or absence of errors, whether or not discoverable, all to | the greatest extent permissible under applicable law. | c. Affirmer disclaims responsibility for clearing rights of other persons || limitation any person's Copyright and Related Rights in the Work. | Further, Affirmer disclaims responsibility for obtaining any necessary | consents, permissions or other rights required for any use of the	needs context before choosing dictionary/runtime/plugin fix	medium: needs narrative context and speaker/event validation	TextAsset payload/string-table cell
3	resources.assets:164	unknown	the greatest extent permissible under applicable law.			needs-review	resources.assets:path_id=164:m_Script.line[112][0]	type=TextAsset; name=COPYING; dump=resources.assets/TextAsset/164__COPYING.txt	title, merchantability, fitness for a particular purpose, non | infringement, or the absence of latent or other defects, accuracy, or | the present or absence of errors, whether or not discoverable, all to || c. Affirmer disclaims responsibility for clearing rights of other persons | that may apply to the Work or any use thereof, including without | limitation any person's Copyright and Related Rights in the Work.	needs context before choosing dictionary/runtime/plugin fix	medium: needs narrative context and speaker/event validation	TextAsset payload/string-table cell
3	resources.assets:164	unknown	The laws of most jurisdictions throughout the world automatically confer			needs-review	resources.assets:path_id=164:m_Script.line[16][0]	type=TextAsset; name=COPYING; dump=resources.assets/TextAsset/164__COPYING.txt	"THE USE OF THIS DOCUMENT OR THE INFORMATION OR WORKS PROVIDED | HEREUNDER. | Statement of Purpose || exclusive Copyright and Related Rights (defined below) upon the creator | and subsequent owner(s) (each and all, an ""owner"") of an original work of | authorship and/or a database (each, a ""Work"")."	needs context before choosing dictionary/runtime/plugin fix	medium: needs narrative context and speaker/event validation	TextAsset payload/string-table cell
3	resources.assets:164	unknown	the present or absence of errors, whether or not discoverable, all to			needs-review	resources.assets:path_id=164:m_Script.line[111][0]	type=TextAsset; name=COPYING; dump=resources.assets/TextAsset/164__COPYING.txt	statutory or otherwise, including without limitation warranties of | title, merchantability, fitness for a particular purpose, non | infringement, or the absence of latent or other defects, accuracy, or || the greatest extent permissible under applicable law. | c. Affirmer disclaims responsibility for clearing rights of other persons | that may apply to the Work or any use thereof, including without	needs context before choosing dictionary/runtime/plugin fix	medium: needs narrative context and speaker/event validation	TextAsset payload/string-table cell
3	resources.assets:164	unknown	the purpose of contributing to a commons of creative, cultural and			needs-review	resources.assets:path_id=164:m_Script.line[22][0]	type=TextAsset; name=COPYING; dump=resources.assets/TextAsset/164__COPYING.txt	"and subsequent owner(s) (each and all, an ""owner"") of an original work of | authorship and/or a database (each, a ""Work""). | Certain owners wish to permanently relinquish those rights to a Work for || scientific works (""Commons"") that the public can reliably and without fear | of later claims of infringement build upon, modify, incorporate in other | works, reuse and redistribute as freely as possible in any form whatsoever"	needs context before choosing dictionary/runtime/plugin fix	medium: needs narrative context and speaker/event validation	TextAsset payload/string-table cell
3	resources.assets:164	unknown	THE USE OF THIS DOCUMENT OR THE INFORMATION OR WORKS PROVIDED			needs-review	resources.assets:path_id=164:m_Script.line[11][0]	type=TextAsset; name=COPYING; dump=resources.assets/TextAsset/164__COPYING.txt	"INFORMATION ON AN ""AS-IS"" BASIS. CREATIVE COMMONS MAKES NO WARRANTIES | REGARDING THE USE OF THIS DOCUMENT OR THE INFORMATION OR WORKS | PROVIDED HEREUNDER, AND DISCLAIMS LIABILITY FOR DAMAGES RESULTING FROM || HEREUNDER. | Statement of Purpose | The laws of most jurisdictions throughout the world automatically confer"	needs context before choosing dictionary/runtime/plugin fix	medium: needs narrative context and speaker/event validation	TextAsset payload/string-table cell
3	resources.assets:164	unknown	thereof, including any amended or successor version of such			needs-review	resources.assets:path_id=164:m_Script.line[57][0]	type=TextAsset; name=COPYING; dump=resources.assets/TextAsset/164__COPYING.txt	vi. database rights (such as those arising under Directive 96/9/EC of the | European Parliament and of the Council of 11 March 1996 on the legal | protection of databases, and under any national implementation || directive); and | vii. other similar, equivalent or corresponding rights throughout the | world based on applicable law or treaty, and any national	needs context before choosing dictionary/runtime/plugin fix	medium: needs narrative context and speaker/event validation	TextAsset payload/string-table cell
3	resources.assets:164	unknown	These owners may contribute to the Commons to promote the ideal of a free			needs-review	resources.assets:path_id=164:m_Script.line[27][0]	type=TextAsset; name=COPYING; dump=resources.assets/TextAsset/164__COPYING.txt	of later claims of infringement build upon, modify, incorporate in other | works, reuse and redistribute as freely as possible in any form whatsoever | and for any purposes, including without limitation commercial purposes. || culture and the further production of creative, cultural and scientific | works, or to gain reputation or greater distribution for their Work in | part through the use and efforts of others.	needs context before choosing dictionary/runtime/plugin fix	medium: needs narrative context and speaker/event validation	TextAsset payload/string-table cell
3	resources.assets:164	unknown	this CC0 or use of the Work.			needs-review	resources.assets:path_id=164:m_Script.line[121][0]	type=TextAsset; name=COPYING; dump=resources.assets/TextAsset/164__COPYING.txt	Work. | d. Affirmer understands and acknowledges that Creative Commons is not a | party to this document and has no duty or obligation with respect to || COPYING	needs context before choosing dictionary/runtime/plugin fix	medium: needs narrative context and speaker/event validation	TextAsset payload/string-table cell
3	resources.assets:164	unknown	time extensions), (iii) in any current or future medium and for any number			needs-review	resources.assets:path_id=164:m_Script.line[89][0]	type=TextAsset; name=COPYING; dump=resources.assets/TextAsset/164__COPYING.txt	"irrevocable and unconditional license to exercise Affirmer's Copyright and | Related Rights in the Work (i) in all territories worldwide, (ii) for the | maximum duration provided by applicable law or treaty (including future || of copies, and (iv) for any purpose whatsoever, including without | limitation commercial, advertising or promotional purposes (the | License""). The License shall be deemed effective as of the date CC0 was"	needs context before choosing dictionary/runtime/plugin fix	medium: needs narrative context and speaker/event validation	TextAsset payload/string-table cell
3	resources.assets:164	unknown	title, merchantability, fitness for a particular purpose, non			needs-review	resources.assets:path_id=164:m_Script.line[109][0]	type=TextAsset; name=COPYING; dump=resources.assets/TextAsset/164__COPYING.txt	b. Affirmer offers the Work as-is and makes no representations or | warranties of any kind concerning the Work, express, implied, | statutory or otherwise, including without limitation warranties of || infringement, or the absence of latent or other defects, accuracy, or | the present or absence of errors, whether or not discoverable, all to | the greatest extent permissible under applicable law.	needs context before choosing dictionary/runtime/plugin fix	medium: needs narrative context and speaker/event validation	TextAsset payload/string-table cell
3	resources.assets:164	unknown	treaty (including future time extensions), (iii) in any current or future			needs-review	resources.assets:path_id=164:m_Script.line[70][0]	type=TextAsset; name=COPYING; dump=resources.assets/TextAsset/164__COPYING.txt	"of action, whether now known or unknown (including existing as well as | future claims and causes of action), in the Work (i) in all territories | worldwide, (ii) for the maximum duration provided by applicable law or || medium and for any number of copies, and (iv) for any purpose whatsoever, | including without limitation commercial, advertising or promotional | purposes (the ""Waiver""). Affirmer makes the Waiver for the benefit of each"	needs context before choosing dictionary/runtime/plugin fix	medium: needs narrative context and speaker/event validation	TextAsset payload/string-table cell
3	resources.assets:164	unknown	v. rights protecting the extraction, dissemination, use and reuse of data			needs-review	resources.assets:path_id=164:m_Script.line[52][0]	type=TextAsset; name=COPYING; dump=resources.assets/TextAsset/164__COPYING.txt	likeness depicted in a Work; | iv. rights protecting against unfair competition in regards to a Work, | subject to the limitations in paragraph 4(a), below; || in a Work; | vi. database rights (such as those arising under Directive 96/9/EC of the | European Parliament and of the Council of 11 March 1996 on the legal	needs context before choosing dictionary/runtime/plugin fix	medium: needs narrative context and speaker/event validation	TextAsset payload/string-table cell
3	resources.assets:164	unknown	vii. other similar, equivalent or corresponding rights throughout the			needs-review	resources.assets:path_id=164:m_Script.line[59][0]	type=TextAsset; name=COPYING; dump=resources.assets/TextAsset/164__COPYING.txt	protection of databases, and under any national implementation | thereof, including any amended or successor version of such | directive); and || world based on applicable law or treaty, and any national | implementations thereof. | 2. Waiver. To the greatest extent permitted by, but not in contravention	needs context before choosing dictionary/runtime/plugin fix	medium: needs narrative context and speaker/event validation	TextAsset payload/string-table cell
3	resources.assets:164	unknown	Waiver shall be preserved to the maximum extent permitted taking into			needs-review	resources.assets:path_id=164:m_Script.line[82][0]	type=TextAsset; name=COPYING; dump=resources.assets/TextAsset/164__COPYING.txt	as contemplated by Affirmer's express Statement of Purpose. | 3. Public License Fallback. Should any part of the Waiver for any reason | be judged legally invalid or ineffective under applicable law, then the || account Affirmer's express Statement of Purpose. In addition, to the | extent the Waiver is so judged Affirmer hereby grants to each affected | person a royalty-free, non transferable, non sublicensable, non exclusive,	needs context before choosing dictionary/runtime/plugin fix	medium: needs narrative context and speaker/event validation	TextAsset payload/string-table cell
3	resources.assets:164	unknown	warranties of any kind concerning the Work, express, implied,			needs-review	resources.assets:path_id=164:m_Script.line[107][0]	type=TextAsset; name=COPYING; dump=resources.assets/TextAsset/164__COPYING.txt	a. No trademark or patent rights held by Affirmer are waived, abandoned, | surrendered, licensed or otherwise affected by this document. | b. Affirmer offers the Work as-is and makes no representations or || statutory or otherwise, including without limitation warranties of | title, merchantability, fitness for a particular purpose, non | infringement, or the absence of latent or other defects, accuracy, or	needs context before choosing dictionary/runtime/plugin fix	medium: needs narrative context and speaker/event validation	TextAsset payload/string-table cell
3	resources.assets:164	unknown	will not (i) exercise any of his or her remaining Copyright and Related			needs-review	resources.assets:path_id=164:m_Script.line[97][0]	type=TextAsset; name=COPYING; dump=resources.assets/TextAsset/164__COPYING.txt	reason be judged legally invalid or ineffective under applicable law, such | partial invalidity or ineffectiveness shall not invalidate the remainder | of the License, and in such case Affirmer hereby affirms that he or she || Rights in the Work or (ii) assert any associated claims and causes of | action with respect to the Work, in either case contrary to Affirmer's | express Statement of Purpose.	needs context before choosing dictionary/runtime/plugin fix	medium: needs narrative context and speaker/event validation	TextAsset payload/string-table cell
3	resources.assets:164	unknown	Work and the meaning and intended legal effect of CC0 on those rights.			needs-review	resources.assets:path_id=164:m_Script.line[38][0]	type=TextAsset; name=COPYING; dump=resources.assets/TextAsset/164__COPYING.txt	"is an owner of Copyright and Related Rights in the Work, voluntarily | elects to apply CC0 to the Work and publicly distribute the Work under its | terms, with knowledge of his or her Copyright and Related Rights in the || 1. Copyright and Related Rights. A Work made available under CC0 may be | protected by copyright and related or neighboring rights (""Copyright and | Related Rights""). Copyright and Related Rights include, but are not"	needs context before choosing dictionary/runtime/plugin fix	medium: needs narrative context and speaker/event validation	TextAsset payload/string-table cell
3	resources.assets:164	unknown	works, or to gain reputation or greater distribution for their Work in			needs-review	resources.assets:path_id=164:m_Script.line[29][0]	type=TextAsset; name=COPYING; dump=resources.assets/TextAsset/164__COPYING.txt	and for any purposes, including without limitation commercial purposes. | These owners may contribute to the Commons to promote the ideal of a free | culture and the further production of creative, cultural and scientific || part through the use and efforts of others. | For these and/or other purposes and motivations, and without any | expectation of additional consideration or compensation, the person	needs context before choosing dictionary/runtime/plugin fix	medium: needs narrative context and speaker/event validation	TextAsset payload/string-table cell
3	resources.assets:164	unknown	works, reuse and redistribute as freely as possible in any form whatsoever			needs-review	resources.assets:path_id=164:m_Script.line[25][0]	type=TextAsset; name=COPYING; dump=resources.assets/TextAsset/164__COPYING.txt	"the purpose of contributing to a commons of creative, cultural and | scientific works (""Commons"") that the public can reliably and without fear | of later claims of infringement build upon, modify, incorporate in other || and for any purposes, including without limitation commercial purposes. | These owners may contribute to the Commons to promote the ideal of a free | culture and the further production of creative, cultural and scientific"	needs context before choosing dictionary/runtime/plugin fix	medium: needs narrative context and speaker/event validation	TextAsset payload/string-table cell
3	resources.assets:164	unknown	world based on applicable law or treaty, and any national			needs-review	resources.assets:path_id=164:m_Script.line[60][0]	type=TextAsset; name=COPYING; dump=resources.assets/TextAsset/164__COPYING.txt	thereof, including any amended or successor version of such | directive); and | vii. other similar, equivalent or corresponding rights throughout the || implementations thereof. | 2. Waiver. To the greatest extent permitted by, but not in contravention | of, applicable law, Affirmer hereby overtly, fully, permanently,	needs context before choosing dictionary/runtime/plugin fix	medium: needs narrative context and speaker/event validation	TextAsset payload/string-table cell
3	resources.assets:164	unknown	worldwide, (ii) for the maximum duration provided by applicable law or			needs-review	resources.assets:path_id=164:m_Script.line[69][0]	type=TextAsset; name=COPYING; dump=resources.assets/TextAsset/164__COPYING.txt	Affirmer's Copyright and Related Rights and associated claims and causes | of action, whether now known or unknown (including existing as well as | future claims and causes of action), in the Work (i) in all territories || treaty (including future time extensions), (iii) in any current or future | medium and for any number of copies, and (iv) for any purpose whatsoever, | including without limitation commercial, advertising or promotional	needs context before choosing dictionary/runtime/plugin fix	medium: needs narrative context and speaker/event validation	TextAsset payload/string-table cell
3	resources.assets:165	unknown	LineBreaking Following Characters			needs-review	resources.assets:path_id=165:m_Name	type=TextAsset; name=LineBreaking Following Characters; dump=resources.assets/TextAsset/165__LineBreaking_Following_Characters.txt	)]｝〕〉》」』】〙〗〟’”｠»ヽヾーァィゥェォッャュョヮヵヶぁぃぅぇぉっゃゅょゎゕゖㇰㇱㇲㇳㇴㇵㇶㇷㇸㇹㇺㇻㇼㇽㇾㇿ々〻‐゠–〜?!‼⁇⁈⁉・、%,.:;。！？］）：；＝}...	needs context before choosing dictionary/runtime/plugin fix	medium: needs narrative context and speaker/event validation	UnityPy typetree string
4	level1:1556	unknown	Scenario Mode			new-v1.1.3	level1:path_id=1556:raw_length_prefixed@192396	type=MonoBehaviour; name=txt; script=Unity.TextMeshPro:TMPro.TextMeshProUGUI; gameobject=txt; dump=level1/MonoBehaviour/1556__txt.json		needs context before choosing dictionary/runtime/plugin fix	low/medium: verify in clean v1.1.3	MonoBehaviour length-prefixed string; script=unknown:2177; length=13
4	level1:1610	unknown	Restore Defaults			new-v1.1.3	level1:path_id=1610:raw_length_prefixed@221836	type=MonoBehaviour; name=txt; script=Unity.TextMeshPro:TMPro.TextMeshProUGUI; gameobject=txt; dump=level1/MonoBehaviour/1610__txt.json		needs context before choosing dictionary/runtime/plugin fix	low/medium: verify in clean v1.1.3	MonoBehaviour length-prefixed string; script=unknown:2177; length=16
4	level1:1644	unknown	(While ON: Press 'F' to Fast-Forward time during the beginning of night events.)			new-v1.1.3	level1:path_id=1644:raw_length_prefixed@240284	type=MonoBehaviour; name=SettingDesc; script=Unity.TextMeshPro:TMPro.TextMeshProUGUI; gameobject=SettingDesc; dump=level1/MonoBehaviour/1644__SettingDesc.json		needs context before choosing dictionary/runtime/plugin fix	low/medium: verify in clean v1.1.3	MonoBehaviour length-prefixed string; script=unknown:2177; length=80
4	level1:492	unknown	Restore			new-v1.1.3	level1:path_id=492:m_Name	type=GameObject; name=Restore; dump=level1/GameObject/492__Restore.json		needs context before choosing dictionary/runtime/plugin fix	low/medium: verify in clean v1.1.3	UnityPy typetree string
4	level1:no_path	unknown	(While ON: Press 'F' to Fast-Forward time during the beginning of night events.)			new-v1.1.3	level1:raw_ascii@240284	type=raw_bytes	Screen Resolution | Day 0 | Instant Clicking || Settings | Make yourself visible... | Make too many friends...	needs context before choosing dictionary/runtime/plugin fix	low/medium: verify in clean v1.1.3	raw byte fallback candidate; inspect neighbouring Unity object if promoted
4	level1:no_path	unknown	Restore			new-v1.1.3	level1:raw_ascii@86524	type=raw_bytes	Item | Item Checkmark | InputField (TMP) || PausedTitle | Text (TMP) | Handle Slide Area	needs context before choosing dictionary/runtime/plugin fix	low/medium: verify in clean v1.1.3	raw byte fallback candidate; inspect neighbouring Unity object if promoted
4	level1:no_path	unknown	Restore Defaults			new-v1.1.3	level1:raw_ascii@221836	type=raw_bytes	Claimed by the sea. | SELECT DIFFICULTY | Reverts automatically in: 10 || Volume SFX | Back to Menu | Keep new resolution?	needs context before choosing dictionary/runtime/plugin fix	low/medium: verify in clean v1.1.3	raw byte fallback candidate; inspect neighbouring Unity object if promoted
4	level1:no_path	unknown	Scenario Mode			new-v1.1.3	level1:raw_ascii@192396	type=raw_bytes	Keep empty for random seed... | If your night does get interrupted, use an item you brought to handle the situation. If... | s your only option. || Super Energy | Use the daytime to spend your energy on fishing, eating, doing small tasks, or chatting... | When you run out of energy, end the day and try to sleep hoping nothing disrupts your r...	needs context before choosing dictionary/runtime/plugin fix	low/medium: verify in clean v1.1.3	raw byte fallback candidate; inspect neighbouring Unity object if promoted
4	level1:no_path	unknown	ScenarioMode			new-v1.1.3	level1:raw_ascii@57292	type=raw_bytes	Library/unity default resources | LoreNoClick | Directional Light || Text (TMP) | Text (TMP) | Point Light (1)	needs context before choosing dictionary/runtime/plugin fix	low/medium: verify in clean v1.1.3	raw byte fallback candidate; inspect neighbouring Unity object if promoted
4	level2:2356	unknown	Restore			new-v1.1.3	level2:path_id=2356:m_Name	type=GameObject; name=Restore; dump=level2/GameObject/2356__Restore.json		needs context before choosing dictionary/runtime/plugin fix	low/medium: verify in clean v1.1.3	UnityPy typetree string
4	level2:7169	unknown	Restore Defaults			new-v1.1.3	level2:path_id=7169:raw_length_prefixed@1118380	type=MonoBehaviour; name=txt; script=Unity.TextMeshPro:TMPro.TextMeshProUGUI; gameobject=txt; dump=level2/MonoBehaviour/7169__txt.json		needs context before choosing dictionary/runtime/plugin fix	low/medium: verify in clean v1.1.3	MonoBehaviour length-prefixed string; script=unknown:2177; length=16
4	level2:7192	unknown	(While ON: Press 'F' to Fast-Forward time during the beginning of night events.)			new-v1.1.3	level2:path_id=7192:raw_length_prefixed@1131020	type=MonoBehaviour; name=SettingDesc; script=Unity.TextMeshPro:TMPro.TextMeshProUGUI; gameobject=SettingDesc; dump=level2/MonoBehaviour/7192__SettingDesc.json		needs context before choosing dictionary/runtime/plugin fix	low/medium: verify in clean v1.1.3	MonoBehaviour length-prefixed string; script=unknown:2177; length=80
4	level2:no_path	unknown	Restore			new-v1.1.3	level2:raw_ascii@336716	type=raw_bytes	mixamorig:LeftArm | mixamorig:RightFoot | mixamorig:RightHandThumb2 || mixamorig:LeftHandIndex2 | mixamorig:RightHandThumb1 | mixamorig:LeftUpLeg	needs context before choosing dictionary/runtime/plugin fix	low/medium: verify in clean v1.1.3	raw byte fallback candidate; inspect neighbouring Unity object if promoted
4	level3:1341	unknown	Restore			new-v1.1.3	level3:path_id=1341:m_Name	type=GameObject; name=Restore; dump=level3/GameObject/1341__Restore.json		needs context before choosing dictionary/runtime/plugin fix	low/medium: verify in clean v1.1.3	UnityPy typetree string
4	level3:4406	unknown	Restore Defaults			new-v1.1.3	level3:path_id=4406:raw_length_prefixed@848956	type=MonoBehaviour; name=txt; script=Unity.TextMeshPro:TMPro.TextMeshProUGUI; gameobject=txt; dump=level3/MonoBehaviour/4406__txt.json		needs context before choosing dictionary/runtime/plugin fix	low/medium: verify in clean v1.1.3	MonoBehaviour length-prefixed string; script=unknown:2177; length=16
4	level3:4429	unknown	(While ON: Press 'F' to Fast-Forward time during the beginning of night events.)			new-v1.1.3	level3:path_id=4429:raw_length_prefixed@861596	type=MonoBehaviour; name=SettingDesc; script=Unity.TextMeshPro:TMPro.TextMeshProUGUI; gameobject=SettingDesc; dump=level3/MonoBehaviour/4429__SettingDesc.json		needs context before choosing dictionary/runtime/plugin fix	low/medium: verify in clean v1.1.3	MonoBehaviour length-prefixed string; script=unknown:2177; length=80
4	level3:no_path	unknown	(While ON: Press 'F' to Fast-Forward time during the beginning of night events.)			new-v1.1.3	level3:raw_ascii@861596	type=raw_bytes	Screen Resolution | Forced Night Result | Settings || Day 0 | Instant Clicking | Mouse Sensitivity	needs context before choosing dictionary/runtime/plugin fix	low/medium: verify in clean v1.1.3	raw byte fallback candidate; inspect neighbouring Unity object if promoted
4	level3:no_path	unknown	Restore			new-v1.1.3	level3:raw_ascii@211148	type=raw_bytes	mixamorig:RightHandThumb2 | mixamorig:RightShoulder | mixamorig:Spine2 || mixamorig:LeftUpLeg | mixamorig:RightLeg | mixamorig:LeftArm	needs context before choosing dictionary/runtime/plugin fix	low/medium: verify in clean v1.1.3	raw byte fallback candidate; inspect neighbouring Unity object if promoted
4	level3:no_path	unknown	Restore Defaults			new-v1.1.3	level3:raw_ascii@848956	type=raw_bytes	Send | Keep new resolution? | Back to Menu || Volume SFX | Reverts automatically in: 10 | Volume Music	needs context before choosing dictionary/runtime/plugin fix	low/medium: verify in clean v1.1.3	raw byte fallback candidate; inspect neighbouring Unity object if promoted
4	level4:10311	unknown	Sure.. why not?			new-v1.1.3	level4:path_id=10311:raw_length_prefixed@2124508	type=MonoBehaviour; name=FriendText_man; script=Unity.TextMeshPro:TMPro.TextMeshProUGUI; gameobject=FriendText_man; dump=level4/MonoBehaviour/10311__FriendText_man.json		needs context before choosing dictionary/runtime/plugin fix	low/medium: verify in clean v1.1.3	MonoBehaviour length-prefixed string; script=unknown:2177; length=15
4	level4:10312	ui	Send Frederik Instead?			new-v1.1.3	level4:path_id=10312:raw_length_prefixed@2125036	type=MonoBehaviour; name=Text (TMP); script=Unity.TextMeshPro:TMPro.TextMeshProUGUI; gameobject=Text (TMP); dump=level4/MonoBehaviour/10312__Text_TMP.json		add/update source-text entry in translations/source_queue.tsv	medium: visible layout/clipping risk	MonoBehaviour length-prefixed string; script=unknown:2177; length=22
4	level4:10316	ui	Send Row Instead?			new-v1.1.3	level4:path_id=10316:raw_length_prefixed@2127164	type=MonoBehaviour; name=Text (TMP); script=Unity.TextMeshPro:TMPro.TextMeshProUGUI; gameobject=Text (TMP); dump=level4/MonoBehaviour/10316__Text_TMP.json		add/update source-text entry in translations/source_queue.tsv	medium: visible layout/clipping risk	MonoBehaviour length-prefixed string; script=unknown:2177; length=17
4	level4:10326	ui	Send Laurel Instead?			new-v1.1.3	level4:path_id=10326:raw_length_prefixed@2132604	type=MonoBehaviour; name=Text (TMP); script=Unity.TextMeshPro:TMPro.TextMeshProUGUI; gameobject=Text (TMP); dump=level4/MonoBehaviour/10326__Text_TMP.json		add/update source-text entry in translations/source_queue.tsv	medium: visible layout/clipping risk	MonoBehaviour length-prefixed string; script=unknown:2177; length=20
4	level4:10345	unknown	Are you.. sure?			new-v1.1.3	level4:path_id=10345:raw_length_prefixed@2142812	type=MonoBehaviour; name=FriendText; script=Unity.TextMeshPro:TMPro.TextMeshProUGUI; gameobject=FriendText; dump=level4/MonoBehaviour/10345__FriendText.json		needs context before choosing dictionary/runtime/plugin fix	low/medium: verify in clean v1.1.3	MonoBehaviour length-prefixed string; script=unknown:2177; length=15
4	level4:10350	unknown	... Just wait here.			new-v1.1.3	level4:path_id=10350:raw_length_prefixed@2145484	type=MonoBehaviour; name=FriendText_who; script=Unity.TextMeshPro:TMPro.TextMeshProUGUI; gameobject=FriendText_who; dump=level4/MonoBehaviour/10350__FriendText_who.json		needs context before choosing dictionary/runtime/plugin fix	low/medium: verify in clean v1.1.3	MonoBehaviour length-prefixed string; script=unknown:2177; length=19
4	level4:10362	unknown	Restore Defaults			new-v1.1.3	level4:path_id=10362:raw_length_prefixed@2151916	type=MonoBehaviour; name=txt; script=Unity.TextMeshPro:TMPro.TextMeshProUGUI; gameobject=txt; dump=level4/MonoBehaviour/10362__txt.json		needs context before choosing dictionary/runtime/plugin fix	low/medium: verify in clean v1.1.3	MonoBehaviour length-prefixed string; script=unknown:2177; length=16
4	level4:10385	unknown	(While ON: Press 'F' to Fast-Forward time during the beginning of night events.)			new-v1.1.3	level4:path_id=10385:raw_length_prefixed@2164556	type=MonoBehaviour; name=SettingDesc; script=Unity.TextMeshPro:TMPro.TextMeshProUGUI; gameobject=SettingDesc; dump=level4/MonoBehaviour/10385__SettingDesc.json		needs context before choosing dictionary/runtime/plugin fix	low/medium: verify in clean v1.1.3	MonoBehaviour length-prefixed string; script=unknown:2177; length=80
4	level4:10489	unknown	SendFriend			new-v1.1.3	level4:path_id=10489:raw_length_prefixed@2184688	type=MonoBehaviour; name=GoBackToSleep; script=UnityEngine.UI:UnityEngine.UI.Button; gameobject=GoBackToSleep; dump=level4/MonoBehaviour/10489__GoBackToSleep.json		needs context before choosing dictionary/runtime/plugin fix	low/medium: verify in clean v1.1.3	MonoBehaviour length-prefixed string; script=unknown:890; length=10
4	level4:10581	unknown	SendFriend			new-v1.1.3	level4:path_id=10581:raw_length_prefixed@2196768	type=MonoBehaviour; name=GoBackToSleep; script=UnityEngine.UI:UnityEngine.UI.Button; gameobject=GoBackToSleep; dump=level4/MonoBehaviour/10581__GoBackToSleep.json		needs context before choosing dictionary/runtime/plugin fix	low/medium: verify in clean v1.1.3	MonoBehaviour length-prefixed string; script=unknown:890; length=10
4	level4:10682	unknown	SendFriend			new-v1.1.3	level4:path_id=10682:raw_length_prefixed@2208800	type=MonoBehaviour; name=GoBackToSleep; script=UnityEngine.UI:UnityEngine.UI.Button; gameobject=GoBackToSleep; dump=level4/MonoBehaviour/10682__GoBackToSleep.json		needs context before choosing dictionary/runtime/plugin fix	low/medium: verify in clean v1.1.3	MonoBehaviour length-prefixed string; script=unknown:890; length=10
4	level4:3196	unknown	Restore			new-v1.1.3	level4:path_id=3196:m_Name	type=GameObject; name=Restore; dump=level4/GameObject/3196__Restore.json		needs context before choosing dictionary/runtime/plugin fix	low/medium: verify in clean v1.1.3	UnityPy typetree string
4	level5:1764	unknown	Restore Defaults			new-v1.1.3	level5:path_id=1764:raw_length_prefixed@284428	type=MonoBehaviour; name=txt; script=Unity.TextMeshPro:TMPro.TextMeshProUGUI; gameobject=txt; dump=level5/MonoBehaviour/1764__txt.json		needs context before choosing dictionary/runtime/plugin fix	low/medium: verify in clean v1.1.3	MonoBehaviour length-prefixed string; script=unknown:2177; length=16
4	level5:1787	unknown	(While ON: Press 'F' to Fast-Forward time during the beginning of night events.)			new-v1.1.3	level5:path_id=1787:raw_length_prefixed@297068	type=MonoBehaviour; name=SettingDesc; script=Unity.TextMeshPro:TMPro.TextMeshProUGUI; gameobject=SettingDesc; dump=level5/MonoBehaviour/1787__SettingDesc.json		needs context before choosing dictionary/runtime/plugin fix	low/medium: verify in clean v1.1.3	MonoBehaviour length-prefixed string; script=unknown:2177; length=80
4	level5:520	unknown	Restore			new-v1.1.3	level5:path_id=520:m_Name	type=GameObject; name=Restore; dump=level5/GameObject/520__Restore.json		needs context before choosing dictionary/runtime/plugin fix	low/medium: verify in clean v1.1.3	UnityPy typetree string
4	level5:no_path	unknown	(While ON: Press 'F' to Fast-Forward time during the beginning of night events.)			new-v1.1.3	level5:raw_ascii@297068	type=raw_bytes	Screen Resolution | Forced Night Result | Settings || Day 0 | Instant Clicking | Mouse Sensitivity	needs context before choosing dictionary/runtime/plugin fix	low/medium: verify in clean v1.1.3	raw byte fallback candidate; inspect neighbouring Unity object if promoted
4	level5:no_path	unknown	Restore			new-v1.1.3	level5:raw_ascii@84844	type=raw_bytes	Handle Slide Area | mixamorig:RightUpLeg | PausedTitle || Fill Area | mixamorig:LeftFoot | Item Label	needs context before choosing dictionary/runtime/plugin fix	low/medium: verify in clean v1.1.3	raw byte fallback candidate; inspect neighbouring Unity object if promoted
4	level5:no_path	unknown	Restore Defaults			new-v1.1.3	level5:raw_ascii@284428	type=raw_bytes	Continue | Keep new resolution? | Back to Menu || Volume SFX | Reverts automatically in: 10 | Volume Music	needs context before choosing dictionary/runtime/plugin fix	low/medium: verify in clean v1.1.3	raw byte fallback candidate; inspect neighbouring Unity object if promoted
4	resources.assets:158	event	After several hours, I started to worry. Maybe I should have gone with her?			new-v1.1.3	resources.assets:path_id=158:m_Script[island_kill_woman].text[2]	type=TextAsset; name=journals; dump=resources.assets/TextAsset/158__journals.txt	island_kill_woman | I found a lonely, minuscule island, so I decided to wake up Laurel and send her to expl... | I found a lonely, minuscule island, so I decided to wake up Laurel and send her to expl... || She never came back. I had to leave… Staying here would only ensure that at least one o... | Midnight Tour | 289	add/update source-text entry in translations/source_queue.tsv	medium: needs narrative context and speaker/event validation	TextAsset payload/string-table cell
4	resources.assets:158	event	After several hours, I started to worry. Maybe I should have gone with him?			new-v1.1.3	resources.assets:path_id=158:m_Script[island_kill_man].text[2]	type=TextAsset; name=journals; dump=resources.assets/TextAsset/158__journals.txt	island_kill_man | I found a lonely, minuscule island, so I decided to wake up Frederik and send him to ex... | I found a lonely, minuscule island, so I decided to wake up Frederik and send him to ex... || He never came back. I had to leave… Staying here would only ensure that at least one of... | Midnight Tour | 290	add/update source-text entry in translations/source_queue.tsv	medium: needs narrative context and speaker/event validation	TextAsset payload/string-table cell
4	resources.assets:158	event	After several hours, I started to worry. Maybe I should have gone with him?			new-v1.1.3	resources.assets:path_id=158:m_Script[island_kill_row].text[2]	type=TextAsset; name=journals; dump=resources.assets/TextAsset/158__journals.txt	island_kill_row | I found a lonely, minuscule island, so I decided to wake up Row and send him to explore... | I found a lonely, minuscule island, so I decided to wake up Row and send him to explore... || He never came back. I had to leave… Staying here would only ensure that at least one of... | Midnight Tour | 285	add/update source-text entry in translations/source_queue.tsv	medium: needs narrative context and speaker/event validation	TextAsset payload/string-table cell
4	resources.assets:158	event	He never came back. I had to leave… Staying here would only ensure that at least one of us survived. Hopefully.			new-v1.1.3	resources.assets:path_id=158:m_Script[island_kill_man].text[3]	type=TextAsset; name=journals; dump=resources.assets/TextAsset/158__journals.txt	I found a lonely, minuscule island, so I decided to wake up Frederik and send him to ex... | I found a lonely, minuscule island, so I decided to wake up Frederik and send him to ex... | After several hours, I started to worry. Maybe I should have gone with him? || Midnight Tour | 290 | island_kill_woman	add/update source-text entry in translations/source_queue.tsv	medium: needs narrative context and speaker/event validation	TextAsset payload/string-table cell
4	resources.assets:158	event	He never came back. I had to leave… Staying here would only ensure that at least one of us survived. Hopefully.			new-v1.1.3	resources.assets:path_id=158:m_Script[island_kill_row].text[3]	type=TextAsset; name=journals; dump=resources.assets/TextAsset/158__journals.txt	I found a lonely, minuscule island, so I decided to wake up Row and send him to explore... | I found a lonely, minuscule island, so I decided to wake up Row and send him to explore... | After several hours, I started to worry. Maybe I should have gone with him? || Midnight Tour | 285 | island_sent_man	add/update source-text entry in translations/source_queue.tsv	medium: needs narrative context and speaker/event validation	TextAsset payload/string-table cell
4	resources.assets:158	event	I found a lonely, minuscule island, so I decided to wake up Frederik and send him to explore it.			new-v1.1.3	resources.assets:path_id=158:m_Script[island_kill_man].text[1]	type=TextAsset; name=journals; dump=resources.assets/TextAsset/158__journals.txt	267 | island_kill_man | I found a lonely, minuscule island, so I decided to wake up Frederik and send him to ex... || After several hours, I started to worry. Maybe I should have gone with him? | He never came back. I had to leave… Staying here would only ensure that at least one of... | Midnight Tour	add/update source-text entry in translations/source_queue.tsv	medium: needs narrative context and speaker/event validation	TextAsset payload/string-table cell
4	resources.assets:158	event	I found a lonely, minuscule island, so I decided to wake up Frederik and send him to explore it.			new-v1.1.3	resources.assets:path_id=158:m_Script[island_sent_man].text[1]	type=TextAsset; name=journals; dump=resources.assets/TextAsset/158__journals.txt	285 | island_sent_man | I found a lonely, minuscule island, so I decided to wake up Frederik and send him to ex... || It took him a while to get back to the boat, so I was hoping he wouldn't return empty-h... | I was right. It's not much, but it was definitely worth the short trip. | Midnight Tour	add/update source-text entry in translations/source_queue.tsv	medium: needs narrative context and speaker/event validation	TextAsset payload/string-table cell
4	resources.assets:158	event	I found a lonely, minuscule island, so I decided to wake up Frederik and send him to explore it.<br>After several hours, I started to worry. Maybe I should have gone with him?<br>He never came back. I had to leave… Staying here would only ensure that at least one of us survived. Hopefully.			new-v1.1.3	resources.assets:path_id=158:m_Script[island_kill_man].text[0]	type=TextAsset; name=journals; dump=resources.assets/TextAsset/158__journals.txt	Curiosity | 267 | island_kill_man || I found a lonely, minuscule island, so I decided to wake up Frederik and send him to ex... | After several hours, I started to worry. Maybe I should have gone with him? | He never came back. I had to leave… Staying here would only ensure that at least one of...	add/update source-text entry in translations/source_queue.tsv	medium: needs narrative context and speaker/event validation	TextAsset payload/string-table cell
4	resources.assets:158	event	I found a lonely, minuscule island, so I decided to wake up Frederik and send him to explore it.<br>It took him a while to get back to the boat, so I was hoping he wouldn't return empty-handed.<br>I was right. It's not much, but it was definitely worth the short trip.			new-v1.1.3	resources.assets:path_id=158:m_Script[island_sent_man].text[0]	type=TextAsset; name=journals; dump=resources.assets/TextAsset/158__journals.txt	Midnight Tour | 285 | island_sent_man || I found a lonely, minuscule island, so I decided to wake up Frederik and send him to ex... | It took him a while to get back to the boat, so I was hoping he wouldn't return empty-h... | I was right. It's not much, but it was definitely worth the short trip.	add/update source-text entry in translations/source_queue.tsv	medium: needs narrative context and speaker/event validation	TextAsset payload/string-table cell
4	resources.assets:158	event	I found a lonely, minuscule island, so I decided to wake up Laurel and send her to explore it.			new-v1.1.3	resources.assets:path_id=158:m_Script[island_kill_woman].text[1]	type=TextAsset; name=journals; dump=resources.assets/TextAsset/158__journals.txt	290 | island_kill_woman | I found a lonely, minuscule island, so I decided to wake up Laurel and send her to expl... || After several hours, I started to worry. Maybe I should have gone with her? | She never came back. I had to leave… Staying here would only ensure that at least one o... | Midnight Tour	add/update source-text entry in translations/source_queue.tsv	medium: needs narrative context and speaker/event validation	TextAsset payload/string-table cell
4	resources.assets:158	event	I found a lonely, minuscule island, so I decided to wake up Laurel and send her to explore it.			new-v1.1.3	resources.assets:path_id=158:m_Script[island_sent_woman].text[1]	type=TextAsset; name=journals; dump=resources.assets/TextAsset/158__journals.txt	268 | island_sent_woman | I found a lonely, minuscule island, so I decided to wake up Laurel and send her to expl... || It took her a while to get back to the boat, so I was hoping she wouldn't return empty-... | I was right. It's not much, but it was definitely worth the short trip. | Midnight Tour	add/update source-text entry in translations/source_queue.tsv	medium: needs narrative context and speaker/event validation	TextAsset payload/string-table cell
4	resources.assets:158	event	I found a lonely, minuscule island, so I decided to wake up Laurel and send her to explore it.<br>After several hours, I started to worry. Maybe I should have gone with her?<br>She never came back. I had to leave… Staying here would only ensure that at least one of us survived. Hopefully.			new-v1.1.3	resources.assets:path_id=158:m_Script[island_kill_woman].text[0]	type=TextAsset; name=journals; dump=resources.assets/TextAsset/158__journals.txt	Midnight Tour | 290 | island_kill_woman || I found a lonely, minuscule island, so I decided to wake up Laurel and send her to expl... | After several hours, I started to worry. Maybe I should have gone with her? | She never came back. I had to leave… Staying here would only ensure that at least one o...	add/update source-text entry in translations/source_queue.tsv	medium: needs narrative context and speaker/event validation	TextAsset payload/string-table cell
4	resources.assets:158	event	I found a lonely, minuscule island, so I decided to wake up Laurel and send her to explore it.<br>It took her a while to get back to the boat, so I was hoping she wouldn't return empty-handed.<br>I was right. It's not much, but it was definitely worth the short trip.			new-v1.1.3	resources.assets:path_id=158:m_Script[island_sent_woman].text[0]	type=TextAsset; name=journals; dump=resources.assets/TextAsset/158__journals.txt	Midnight Tour | 268 | island_sent_woman || I found a lonely, minuscule island, so I decided to wake up Laurel and send her to expl... | It took her a while to get back to the boat, so I was hoping she wouldn't return empty-... | I was right. It's not much, but it was definitely worth the short trip.	add/update source-text entry in translations/source_queue.tsv	medium: needs narrative context and speaker/event validation	TextAsset payload/string-table cell
4	resources.assets:158	event	I found a lonely, minuscule island, so I decided to wake up Row and send him to explore it.			new-v1.1.3	resources.assets:path_id=158:m_Script[island_kill_row].text[1]	type=TextAsset; name=journals; dump=resources.assets/TextAsset/158__journals.txt	289 | island_kill_row | I found a lonely, minuscule island, so I decided to wake up Row and send him to explore... || After several hours, I started to worry. Maybe I should have gone with him? | He never came back. I had to leave… Staying here would only ensure that at least one of... | Midnight Tour	add/update source-text entry in translations/source_queue.tsv	medium: needs narrative context and speaker/event validation	TextAsset payload/string-table cell
4	resources.assets:158	event	I found a lonely, minuscule island, so I decided to wake up Row and send him to explore it.			new-v1.1.3	resources.assets:path_id=158:m_Script[island_sent_row].text[1]	type=TextAsset; name=journals; dump=resources.assets/TextAsset/158__journals.txt	267 | island_sent_row | I found a lonely, minuscule island, so I decided to wake up Row and send him to explore... || It took him a while to get back to the boat, so I was hoping he wouldn't return empty-h... | I was right. It's not much, but it was definitely worth the short trip. | Midnight Tour	add/update source-text entry in translations/source_queue.tsv	medium: needs narrative context and speaker/event validation	TextAsset payload/string-table cell
4	resources.assets:158	event	I found a lonely, minuscule island, so I decided to wake up Row and send him to explore it.<br>After several hours, I started to worry. Maybe I should have gone with him?<br>He never came back. I had to leave… Staying here would only ensure that at least one of us survived. Hopefully.			new-v1.1.3	resources.assets:path_id=158:m_Script[island_kill_row].text[0]	type=TextAsset; name=journals; dump=resources.assets/TextAsset/158__journals.txt	Midnight Tour | 289 | island_kill_row || I found a lonely, minuscule island, so I decided to wake up Row and send him to explore... | After several hours, I started to worry. Maybe I should have gone with him? | He never came back. I had to leave… Staying here would only ensure that at least one of...	add/update source-text entry in translations/source_queue.tsv	medium: needs narrative context and speaker/event validation	TextAsset payload/string-table cell
4	resources.assets:158	event	I found a lonely, minuscule island, so I decided to wake up Row and send him to explore it.<br>It took him a while to get back to the boat, so I was hoping he wouldn't return empty-handed.<br>I was right. It's not much, but it was definitely worth the short trip.			new-v1.1.3	resources.assets:path_id=158:m_Script[island_sent_row].text[0]	type=TextAsset; name=journals; dump=resources.assets/TextAsset/158__journals.txt	Midnight Tour | 267 | island_sent_row || I found a lonely, minuscule island, so I decided to wake up Row and send him to explore... | It took him a while to get back to the boat, so I was hoping he wouldn't return empty-h... | I was right. It's not much, but it was definitely worth the short trip.	add/update source-text entry in translations/source_queue.tsv	medium: needs narrative context and speaker/event validation	TextAsset payload/string-table cell
4	resources.assets:158	event	I was right. It's not much, but it was definitely worth the short trip.			new-v1.1.3	resources.assets:path_id=158:m_Script[island_sent_man].text[3]	type=TextAsset; name=journals; dump=resources.assets/TextAsset/158__journals.txt	I found a lonely, minuscule island, so I decided to wake up Frederik and send him to ex... | I found a lonely, minuscule island, so I decided to wake up Frederik and send him to ex... | It took him a while to get back to the boat, so I was hoping he wouldn't return empty-h... || Midnight Tour | 268 | island_sent_woman	add/update source-text entry in translations/source_queue.tsv	medium: needs narrative context and speaker/event validation	TextAsset payload/string-table cell
4	resources.assets:158	event	I was right. It's not much, but it was definitely worth the short trip.			new-v1.1.3	resources.assets:path_id=158:m_Script[island_sent_woman].text[3]	type=TextAsset; name=journals; dump=resources.assets/TextAsset/158__journals.txt	I found a lonely, minuscule island, so I decided to wake up Laurel and send her to expl... | I found a lonely, minuscule island, so I decided to wake up Laurel and send her to expl... | It took her a while to get back to the boat, so I was hoping she wouldn't return empty-... || Midnight Tour | 267 | island_sent_row	add/update source-text entry in translations/source_queue.tsv	medium: needs narrative context and speaker/event validation	TextAsset payload/string-table cell
4	resources.assets:158	event	I was right. It's not much, but it was definitely worth the short trip.			new-v1.1.3	resources.assets:path_id=158:m_Script[island_sent_row].text[3]	type=TextAsset; name=journals; dump=resources.assets/TextAsset/158__journals.txt	I found a lonely, minuscule island, so I decided to wake up Row and send him to explore... | I found a lonely, minuscule island, so I decided to wake up Row and send him to explore... | It took him a while to get back to the boat, so I was hoping he wouldn't return empty-h... || Midnight Tour | 263 | journals	add/update source-text entry in translations/source_queue.tsv	medium: needs narrative context and speaker/event validation	TextAsset payload/string-table cell
4	resources.assets:158	event	It took her a while to get back to the boat, so I was hoping she wouldn't return empty-handed.			new-v1.1.3	resources.assets:path_id=158:m_Script[island_sent_woman].text[2]	type=TextAsset; name=journals; dump=resources.assets/TextAsset/158__journals.txt	island_sent_woman | I found a lonely, minuscule island, so I decided to wake up Laurel and send her to expl... | I found a lonely, minuscule island, so I decided to wake up Laurel and send her to expl... || I was right. It's not much, but it was definitely worth the short trip. | Midnight Tour | 267	add/update source-text entry in translations/source_queue.tsv	medium: needs narrative context and speaker/event validation	TextAsset payload/string-table cell
4	resources.assets:158	event	It took him a while to get back to the boat, so I was hoping he wouldn't return empty-handed.			new-v1.1.3	resources.assets:path_id=158:m_Script[island_sent_man].text[2]	type=TextAsset; name=journals; dump=resources.assets/TextAsset/158__journals.txt	island_sent_man | I found a lonely, minuscule island, so I decided to wake up Frederik and send him to ex... | I found a lonely, minuscule island, so I decided to wake up Frederik and send him to ex... || I was right. It's not much, but it was definitely worth the short trip. | Midnight Tour | 268	add/update source-text entry in translations/source_queue.tsv	medium: needs narrative context and speaker/event validation	TextAsset payload/string-table cell
4	resources.assets:158	event	It took him a while to get back to the boat, so I was hoping he wouldn't return empty-handed.			new-v1.1.3	resources.assets:path_id=158:m_Script[island_sent_row].text[2]	type=TextAsset; name=journals; dump=resources.assets/TextAsset/158__journals.txt	island_sent_row | I found a lonely, minuscule island, so I decided to wake up Row and send him to explore... | I found a lonely, minuscule island, so I decided to wake up Row and send him to explore... || I was right. It's not much, but it was definitely worth the short trip. | Midnight Tour | 263	add/update source-text entry in translations/source_queue.tsv	medium: needs narrative context and speaker/event validation	TextAsset payload/string-table cell
4	resources.assets:158	event	She never came back. I had to leave… Staying here would only ensure that at least one of us survived. Hopefully.			new-v1.1.3	resources.assets:path_id=158:m_Script[island_kill_woman].text[3]	type=TextAsset; name=journals; dump=resources.assets/TextAsset/158__journals.txt	I found a lonely, minuscule island, so I decided to wake up Laurel and send her to expl... | I found a lonely, minuscule island, so I decided to wake up Laurel and send her to expl... | After several hours, I started to worry. Maybe I should have gone with her? || Midnight Tour | 289 | island_kill_row	add/update source-text entry in translations/source_queue.tsv	medium: needs narrative context and speaker/event validation	TextAsset payload/string-table cell
4	sharedassets4.assets:no_path	unknown	?DD0A			new-v1.1.3	sharedassets4.assets:raw_ascii@3664715	type=raw_bytes	RollFriendSearch | EndNightEvent | DD A || ?DD8A | ww3A | RollFriendSearch	needs context before choosing dictionary/runtime/plugin fix	low/medium: verify in clean v1.1.3	raw byte fallback candidate; inspect neighbouring Unity object if promoted
5	globalgamemanagers.assets:2272	ui	CRTSettings			todo	globalgamemanagers.assets:path_id=2272:m_Name	type=MonoBehaviour; name=CRTSettings; script=Assembly-CSharp:RetroShadersPro.URP.CRTSettings; dump=globalgamemanagers.assets/MonoBehaviour/2272__CRTSettings.json	CRTSettings	add/update source-text entry in translations/source_queue.tsv	medium: visible layout/clipping risk	UnityPy typetree string
5	globalgamemanagers.assets:2272	ui	CRTSettings			todo	globalgamemanagers.assets:path_id=2272:raw_length_prefixed@1902288	type=MonoBehaviour; name=CRTSettings; script=Assembly-CSharp:RetroShadersPro.URP.CRTSettings; dump=globalgamemanagers.assets/MonoBehaviour/2272__CRTSettings.json	CRTSettings	add/update source-text entry in translations/source_queue.tsv	medium: visible layout/clipping risk	MonoBehaviour length-prefixed string; script=Assembly-CSharp:RetroShadersPro.URP.CRTSettings; length=11
5	known_v1_1_2_v0_1_2_ui_bugs:no_path	notification	Item Broken	Предмет сломан		todo	known_v1_1_2_v0_1_2_ui_bugs:	type=manual		translations/source_queue.tsv, then rebuild XUnity dictionary	medium: visible layout/clipping risk	Known bug: `Item Broken` remains untranslated.
5	known_v1_1_2_v0_1_2_ui_bugs:no_path	notification	Items Found	Найдено:		todo	known_v1_1_2_v0_1_2_ui_bugs:	type=manual		translations/source_queue.tsv, then rebuild XUnity dictionary	medium: visible layout/clipping risk	Known bug: left notification `Найдено пре...` is clipped; review shorter wording and target UI bounds.
5	known_v1_1_2_v0_1_2_ui_bugs:no_path	result/search	RESULT/SEARCH paper title			todo	known_v1_1_2_v0_1_2_ui_bugs:	type=manual		add/update source-text entry in translations/source_queue.tsv	medium: visible layout/clipping risk	Known v1.1.2/v0.1.2 bug: result/search paper overlaps with `ПОИСКА`; do not change global UI layout blindly.
5	known_v1_1_2_v0_1_2_ui_bugs:no_path	notification	Scuba set was damaged in the process.	Акваланг повреждён.		todo	known_v1_1_2_v0_1_2_ui_bugs:	type=manual		translations/source_queue.tsv, then rebuild XUnity dictionary	medium: visible layout/clipping risk	Known fix candidate: current `В процессе был поврежден акваланг.` is too long and has `е` instead of `ё`.
5	known_v1_1_2_v0_1_2_ui_bugs:no_path	notification	You found	Найдено:		todo	known_v1_1_2_v0_1_2_ui_bugs:	type=manual		translations/source_queue.tsv, then rebuild XUnity dictionary	medium: visible layout/clipping risk	Known fix candidate: `Вы нашли` should become `Найдено:` in result/notification context.
5	known_v1_1_2_v0_1_2_ui_bugs:no_path	result/search	Your search did not yield results.	Ничего не найдено.		todo	known_v1_1_2_v0_1_2_ui_bugs:	type=manual		translations/source_queue.tsv, then rebuild XUnity dictionary	medium: visible layout/clipping risk	Known fix candidate: current `Поиск ничего...`/`Поиск ничего не дал.` should become `Ничего не найдено.`
5	level1:1980	ui	OpenSettings			todo	level1:path_id=1980:raw_length_prefixed@303048	type=MonoBehaviour; name=Settings; script=UnityEngine.UI:UnityEngine.UI.Button; gameobject=Settings; dump=level1/MonoBehaviour/1980__Settings.json		add/update source-text entry in translations/source_queue.tsv	medium: visible layout/clipping risk	MonoBehaviour length-prefixed string; script=unknown:890; length=12
5	level1:2074	ui	You did not sleep very well.	Вы плохо поспали.		todo	level1:path_id=2074:raw_length_prefixed@335004	type=MonoBehaviour; name=GameController; script=Assembly-CSharp:game_controller; gameobject=GameController; dump=level1/MonoBehaviour/2074__GameController.json	Your friend is sleeping with the fishes. | You lost an item to the sea. | Something broke during the night. || You feel weak. | Help may be on the way...	translations/source_queue.tsv, then rebuild XUnity dictionary	medium: visible layout/clipping risk	MonoBehaviour length-prefixed string; script=unknown:1543; length=28
5	level1:2074	notification	You lost an item to the sea.	Предмет унесло в море.		todo	level1:path_id=2074:raw_length_prefixed@334932	type=MonoBehaviour; name=GameController; script=Assembly-CSharp:game_controller; gameobject=GameController; dump=level1/MonoBehaviour/2074__GameController.json	Dead by the Sea. | Your friend is sleeping with the fishes. || Something broke during the night. | You did not sleep very well. | You feel weak.	translations/source_queue.tsv, then rebuild XUnity dictionary	medium: visible layout/clipping risk	MonoBehaviour length-prefixed string; script=unknown:1543; length=28
5	level1:2074	ui	Your friend is sleeping with the fishes.	Ваш спутник спит с рыбами.		todo	level1:path_id=2074:raw_length_prefixed@334888	type=MonoBehaviour; name=GameController; script=Assembly-CSharp:game_controller; gameobject=GameController; dump=level1/MonoBehaviour/2074__GameController.json	Dead by the Sea. || You lost an item to the sea. | Something broke during the night. | You did not sleep very well.	translations/source_queue.tsv, then rebuild XUnity dictionary	medium: visible layout/clipping risk	MonoBehaviour length-prefixed string; script=unknown:1543; length=40
5	level1:no_path	ui	+Health Regenerates			todo	level1:raw_ascii@195275	type=raw_bytes	When you run out of energy, end the day and try to sleep hoping nothing disrupts your r... | Step 1: Grab and Run! | +Slower Hunger || I understand! | True Ending | Taken aboard.	add/update source-text entry in translations/source_queue.tsv	medium: visible layout/clipping risk	raw byte fallback candidate; inspect neighbouring Unity object if promoted
5	level1:no_path	ui	ClickToContinue			todo	level1:raw_ascii@70336	type=raw_bytes	Text (TMP) | Text (TMP) | Point Light (1) || Text (TMP) | Text (TMP) | Settings	add/update source-text entry in translations/source_queue.tsv	medium: visible layout/clipping risk	raw byte fallback candidate; inspect neighbouring Unity object if promoted
5	level1:no_path	notification	If your night does get interrupted, use an item you brought to handle the situation. If you have no answer, you can try going back to sleep. Sometimes, that			todo	level1:raw_ascii@187996	type=raw_bytes	Use Custom Seed? | (Development build) | Keep empty for random seed... || s your only option. | Scenario Mode | Super Energy	add/update source-text entry in translations/source_queue.tsv	medium: visible layout/clipping risk	raw byte fallback candidate; inspect neighbouring Unity object if promoted
5	level1:no_path	ui	OpenSettings			todo	level1:raw_ascii@303048	type=raw_bytes	Pay back your debts... | ClickedNewGame | Bring exploration tools... || UpdateMousesens | UpdateInstantClick | FPS Player	add/update source-text entry in translations/source_queue.tsv	medium: visible layout/clipping risk	raw byte fallback candidate; inspect neighbouring Unity object if promoted
5	level1:no_path	ui	SettingsFade			todo	level1:raw_ascii@79152	type=raw_bytes	Fill Area | Accept | Fill Area || Handle Slide Area | Text (TMP) | Text (TMP)	add/update source-text entry in translations/source_queue.tsv	medium: visible layout/clipping risk	raw byte fallback candidate; inspect neighbouring Unity object if promoted
5	level1:no_path	ui	When you run out of energy, end the day and try to sleep hoping nothing disrupts your rest.			todo	level1:raw_ascii@193579	type=raw_bytes	Scenario Mode | Super Energy | Use the daytime to spend your energy on fishing, eating, doing small tasks, or chatting... || Step 1: Grab and Run! | +Slower Hunger | +Health Regenerates	add/update source-text entry in translations/source_queue.tsv	medium: visible layout/clipping risk	raw byte fallback candidate; inspect neighbouring Unity object if promoted
5	level1:no_path	ui	You did not sleep very well.	Вы плохо поспали.		todo	level1:raw_ascii@335004	type=raw_bytes	Your friend is sleeping with the fishes. | You lost an item to the sea.! | Something broke during the night. || You feel weak. | Help may be on the way...	translations/source_queue.tsv, then rebuild XUnity dictionary	medium: visible layout/clipping risk	raw byte fallback candidate; inspect neighbouring Unity object if promoted
5	level1:no_path	notification	You lost an item to the sea.!			todo	level1:raw_ascii@334932	type=raw_bytes	I1V | Dead by the Sea. | Your friend is sleeping with the fishes. || Something broke during the night. | You did not sleep very well. | You feel weak.	add/update source-text entry in translations/source_queue.tsv	medium: visible layout/clipping risk	raw byte fallback candidate; inspect neighbouring Unity object if promoted
5	level1:no_path	ui	Your friend is sleeping with the fishes.	Ваш спутник спит с рыбами.		todo	level1:raw_ascii@334888	type=raw_bytes	Af>tn | I1V | Dead by the Sea. || You lost an item to the sea.! | Something broke during the night. | You did not sleep very well.	translations/source_queue.tsv, then rebuild XUnity dictionary	medium: visible layout/clipping risk	raw byte fallback candidate; inspect neighbouring Unity object if promoted
5	level2:7425	item	Fishing Net	Рыболовная сеть		todo	level2:path_id=7425:raw_length_prefixed@1157828	type=MonoBehaviour; name=net (1); script=Assembly-CSharp:ItemPickupable; gameobject=net (1); dump=level2/MonoBehaviour/7425__net_1.json		translations/source_queue.tsv, then rebuild XUnity dictionary	low/medium: verify in clean v1.1.3	MonoBehaviour length-prefixed string; script=unknown:386; length=11
5	level2:7477	item	Fishing Net	Рыболовная сеть		todo	level2:path_id=7477:raw_length_prefixed@1162100	type=MonoBehaviour; name=net (2); script=Assembly-CSharp:ItemPickupable; gameobject=net (2); dump=level2/MonoBehaviour/7477__net_2.json		translations/source_queue.tsv, then rebuild XUnity dictionary	low/medium: verify in clean v1.1.3	MonoBehaviour length-prefixed string; script=unknown:386; length=11
5	level2:7520	item	Fishing Net	Рыболовная сеть		todo	level2:path_id=7520:raw_length_prefixed@1165540	type=MonoBehaviour; name=net; script=Assembly-CSharp:ItemPickupable; gameobject=net; dump=level2/MonoBehaviour/7520__net.json		translations/source_queue.tsv, then rebuild XUnity dictionary	low/medium: verify in clean v1.1.3	MonoBehaviour length-prefixed string; script=unknown:386; length=11
5	level2:7567	item	Fishing Net	Рыболовная сеть		todo	level2:path_id=7567:raw_length_prefixed@1169876	type=MonoBehaviour; name=net (3); script=Assembly-CSharp:ItemPickupable; gameobject=net (3); dump=level2/MonoBehaviour/7567__net_3.json		translations/source_queue.tsv, then rebuild XUnity dictionary	low/medium: verify in clean v1.1.3	MonoBehaviour length-prefixed string; script=unknown:386; length=11
5	level2:7641	ui	OpenSettings			todo	level2:path_id=7641:raw_length_prefixed@1184824	type=MonoBehaviour; name=Settings; script=UnityEngine.UI:UnityEngine.UI.Button; gameobject=Settings; dump=level2/MonoBehaviour/7641__Settings.json		add/update source-text entry in translations/source_queue.tsv	medium: visible layout/clipping risk	MonoBehaviour length-prefixed string; script=unknown:890; length=12
5	level2:7712	ui	You did not sleep very well.	Вы плохо поспали.		todo	level2:path_id=7712:raw_length_prefixed@1210172	type=MonoBehaviour; name=GameController; script=Assembly-CSharp:game_controller; gameobject=GameController; dump=level2/MonoBehaviour/7712__GameController.json	Your friend is sleeping with the fishes. | You lost an item to the sea. | Something broke during the night. || You feel weak. | Help may be on the way...	translations/source_queue.tsv, then rebuild XUnity dictionary	medium: visible layout/clipping risk	MonoBehaviour length-prefixed string; script=unknown:1543; length=28
5	level2:7712	notification	You lost an item to the sea.	Предмет унесло в море.		todo	level2:path_id=7712:raw_length_prefixed@1210100	type=MonoBehaviour; name=GameController; script=Assembly-CSharp:game_controller; gameobject=GameController; dump=level2/MonoBehaviour/7712__GameController.json	Dead by the Sea. | Your friend is sleeping with the fishes. || Something broke during the night. | You did not sleep very well. | You feel weak.	translations/source_queue.tsv, then rebuild XUnity dictionary	medium: visible layout/clipping risk	MonoBehaviour length-prefixed string; script=unknown:1543; length=28
5	level2:7712	ui	Your friend is sleeping with the fishes.	Ваш спутник спит с рыбами.		todo	level2:path_id=7712:raw_length_prefixed@1210056	type=MonoBehaviour; name=GameController; script=Assembly-CSharp:game_controller; gameobject=GameController; dump=level2/MonoBehaviour/7712__GameController.json	Dead by the Sea. || You lost an item to the sea. | Something broke during the night. | You did not sleep very well.	translations/source_queue.tsv, then rebuild XUnity dictionary	medium: visible layout/clipping risk	MonoBehaviour length-prefixed string; script=unknown:1543; length=40
5	level2:no_path	ui	Baits			todo	level2:raw_ascii@218504	type=raw_bytes	umbrella (2) N | mixamorig:RightForeArm | mixamorig:RightShoulder || mixamorig:LeftHandThumb4 | bait (7) N | mixamorig:RightHandThumb2	add/update source-text entry in translations/source_queue.tsv	medium: visible layout/clipping risk	raw byte fallback candidate; inspect neighbouring Unity object if promoted
5	level2:no_path	ui	Baits			todo	level2:raw_ascii@280264	type=raw_bytes	mixamorig:RightHandIndex1 | mixamorig:RightHandThumb1 | mixamorig:RightHandThumb1 || mixamorig:RightHandIndex3 | mixamorig:RightShoulder | mixamorig:Neck	add/update source-text entry in translations/source_queue.tsv	medium: visible layout/clipping risk	raw byte fallback candidate; inspect neighbouring Unity object if promoted
5	level2:no_path	ui	Foods			todo	level2:raw_ascii@249752	type=raw_bytes	mixamorig:LeftHandIndex3 | mixamorig:LeftUpLeg | mixamorig:RightLeg || mixamorig:Spine | mixamorig:LeftHandIndex3 | PickupCursor	add/update source-text entry in translations/source_queue.tsv	medium: visible layout/clipping risk	raw byte fallback candidate; inspect neighbouring Unity object if promoted
5	level2:no_path	ui	Foods			todo	level2:raw_ascii@273736	type=raw_bytes	mixamorig:RightHandThumb1 | mixamorig:LeftUpLeg | mixamorig:RightHandIndex2 || mixamorig:RightForeArm | bait (6) N | mixamorig:RightHandIndex1	add/update source-text entry in translations/source_queue.tsv	medium: visible layout/clipping risk	raw byte fallback candidate; inspect neighbouring Unity object if promoted
5	level2:no_path	ui	SettingsFade			todo	level2:raw_ascii@285168	type=raw_bytes	mixamorig:Spine2 | mixamorig:LeftHandThumb4 | mixamorig:LeftArm || mixamorig:LeftUpLeg | mixamorig:LeftHand | mixamorig:LeftHandThumb3	add/update source-text entry in translations/source_queue.tsv	medium: visible layout/clipping risk	raw byte fallback candidate; inspect neighbouring Unity object if promoted
5	level3:269	notification	anchor (broken)			todo	level3:path_id=269:m_Name	type=GameObject; name=anchor (broken); dump=level3/GameObject/269__anchor_broken.json		add/update source-text entry in translations/source_queue.tsv	medium: visible layout/clipping risk	UnityPy typetree string
5	level3:274	notification	flashlight (broken)			todo	level3:path_id=274:m_Name	type=GameObject; name=flashlight (broken); dump=level3/GameObject/274__flashlight_broken.json		add/update source-text entry in translations/source_queue.tsv	medium: visible layout/clipping risk	UnityPy typetree string
5	level3:301	notification	telescope (broken)			todo	level3:path_id=301:m_Name	type=GameObject; name=telescope (broken); dump=level3/GameObject/301__telescope_broken.json		add/update source-text entry in translations/source_queue.tsv	medium: visible layout/clipping risk	UnityPy typetree string
5	level3:312	item	fish			todo	level3:path_id=312:m_Name	type=GameObject; name=fish; dump=level3/GameObject/312__fish.json		add/update source-text entry in translations/source_queue.tsv	low/medium: verify in clean v1.1.3	UnityPy typetree string
5	level3:33	item	Energy_Holder_5 (extra)			todo	level3:path_id=33:m_Name	type=GameObject; name=Energy_Holder_5 (extra); dump=level3/GameObject/33__Energy_Holder_5_extra.json		add/update source-text entry in translations/source_queue.tsv	low/medium: verify in clean v1.1.3	UnityPy typetree string
5	level3:34	notification	bucket (broken)			todo	level3:path_id=34:m_Name	type=GameObject; name=bucket (broken); dump=level3/GameObject/34__bucket_broken.json		add/update source-text entry in translations/source_queue.tsv	medium: visible layout/clipping risk	UnityPy typetree string
5	level3:413	notification	map (broken)			todo	level3:path_id=413:m_Name	type=GameObject; name=map (broken); dump=level3/GameObject/413__map_broken.json		add/update source-text entry in translations/source_queue.tsv	medium: visible layout/clipping risk	UnityPy typetree string
5	level3:4464	item	fish			todo	level3:path_id=4464:raw_length_prefixed@873296	type=MonoBehaviour; name=LootBoxChest; script=Assembly-CSharp:OpenChestController; gameobject=LootBoxChest; dump=level3/MonoBehaviour/4464__LootBoxChest.json		add/update source-text entry in translations/source_queue.tsv	low/medium: verify in clean v1.1.3	MonoBehaviour length-prefixed string; script=unknown:2050; length=4
5	level3:4547	ui	CloseJournal			todo	level3:path_id=4547:raw_length_prefixed@885024	type=MonoBehaviour; name=CloseButton; script=UnityEngine.UI:UnityEngine.UI.Button; gameobject=CloseButton; dump=level3/MonoBehaviour/4547__CloseButton.json		add/update source-text entry in translations/source_queue.tsv	medium: visible layout/clipping risk	MonoBehaviour length-prefixed string; script=unknown:890; length=12
5	level3:4679	ui	Healthy			todo	level3:path_id=4679:raw_length_prefixed@900812	type=MonoBehaviour; name=FriendManageUI; script=Assembly-CSharp:FriendHud; gameobject=FriendManageUI; dump=level3/MonoBehaviour/4679__FriendManageUI.json	Hungry | Hungry	add/update source-text entry in translations/source_queue.tsv	medium: visible layout/clipping risk	MonoBehaviour length-prefixed string; script=unknown:2132; length=7
5	level3:4830	ui	CloseWritingTask			todo	level3:path_id=4830:raw_length_prefixed@928228	type=MonoBehaviour; name=Button_Send; script=UnityEngine.UI:UnityEngine.UI.Button; gameobject=Button_Send; dump=level3/MonoBehaviour/4830__Button_Send.json		add/update source-text entry in translations/source_queue.tsv	medium: visible layout/clipping risk	MonoBehaviour length-prefixed string; script=unknown:890; length=16
5	level3:4906	ui	OpenSettings			todo	level3:path_id=4906:raw_length_prefixed@940376	type=MonoBehaviour; name=Settings; script=UnityEngine.UI:UnityEngine.UI.Button; gameobject=Settings; dump=level3/MonoBehaviour/4906__Settings.json		add/update source-text entry in translations/source_queue.tsv	medium: visible layout/clipping risk	MonoBehaviour length-prefixed string; script=unknown:890; length=12
5	level3:4967	ui	You did not sleep very well.	Вы плохо поспали.		todo	level3:path_id=4967:raw_length_prefixed@964616	type=MonoBehaviour; name=GameController; script=Assembly-CSharp:game_controller; gameobject=GameController; dump=level3/MonoBehaviour/4967__GameController.json	Your friend is sleeping with the fishes. | You lost an item to the sea. | Something broke during the night. || You feel weak. | Help may be on the way...	translations/source_queue.tsv, then rebuild XUnity dictionary	medium: visible layout/clipping risk	MonoBehaviour length-prefixed string; script=unknown:1543; length=28
5	level3:4967	notification	You lost an item to the sea.	Предмет унесло в море.		todo	level3:path_id=4967:raw_length_prefixed@964544	type=MonoBehaviour; name=GameController; script=Assembly-CSharp:game_controller; gameobject=GameController; dump=level3/MonoBehaviour/4967__GameController.json	Dead by the Sea. | Your friend is sleeping with the fishes. || Something broke during the night. | You did not sleep very well. | You feel weak.	translations/source_queue.tsv, then rebuild XUnity dictionary	medium: visible layout/clipping risk	MonoBehaviour length-prefixed string; script=unknown:1543; length=28
5	level3:4967	ui	Your friend is sleeping with the fishes.	Ваш спутник спит с рыбами.		todo	level3:path_id=4967:raw_length_prefixed@964500	type=MonoBehaviour; name=GameController; script=Assembly-CSharp:game_controller; gameobject=GameController; dump=level3/MonoBehaviour/4967__GameController.json	Dead by the Sea. || You lost an item to the sea. | Something broke during the night. | You did not sleep very well.	translations/source_queue.tsv, then rebuild XUnity dictionary	medium: visible layout/clipping risk	MonoBehaviour length-prefixed string; script=unknown:1543; length=40
5	level3:530	notification	swimming_belt (broken)			todo	level3:path_id=530:m_Name	type=GameObject; name=swimming_belt (broken); dump=level3/GameObject/530__swimming_belt_broken.json		add/update source-text entry in translations/source_queue.tsv	medium: visible layout/clipping risk	UnityPy typetree string
5	level3:536	item	energyicon (1)			todo	level3:path_id=536:m_Name	type=GameObject; name=energyicon (1); dump=level3/GameObject/536__energyicon_1.json		add/update source-text entry in translations/source_queue.tsv	low/medium: verify in clean v1.1.3	UnityPy typetree string
5	level3:564	item	Energy_Holder_4 (extra)			todo	level3:path_id=564:m_Name	type=GameObject; name=Energy_Holder_4 (extra); dump=level3/GameObject/564__Energy_Holder_4_extra.json		add/update source-text entry in translations/source_queue.tsv	low/medium: verify in clean v1.1.3	UnityPy typetree string
5	level3:565	ui	Sleep Button			todo	level3:path_id=565:m_Name	type=GameObject; name=Sleep Button; dump=level3/GameObject/565__Sleep_Button.json		add/update source-text entry in translations/source_queue.tsv	medium: visible layout/clipping risk	UnityPy typetree string
5	level3:677	notification	umbrella (broken)			todo	level3:path_id=677:m_Name	type=GameObject; name=umbrella (broken); dump=level3/GameObject/677__umbrella_broken.json		add/update source-text entry in translations/source_queue.tsv	medium: visible layout/clipping risk	UnityPy typetree string
5	level3:697	item	energyicon (2)			todo	level3:path_id=697:m_Name	type=GameObject; name=energyicon (2); dump=level3/GameObject/697__energyicon_2.json		add/update source-text entry in translations/source_queue.tsv	low/medium: verify in clean v1.1.3	UnityPy typetree string
5	level3:70	item	energyicon (1)			todo	level3:path_id=70:m_Name	type=GameObject; name=energyicon (1); dump=level3/GameObject/70__energyicon_1.json		add/update source-text entry in translations/source_queue.tsv	low/medium: verify in clean v1.1.3	UnityPy typetree string
5	level3:717	notification	hookgun (broken)			todo	level3:path_id=717:m_Name	type=GameObject; name=hookgun (broken); dump=level3/GameObject/717__hookgun_broken.json		add/update source-text entry in translations/source_queue.tsv	medium: visible layout/clipping risk	UnityPy typetree string
5	level3:758	item	Energy			todo	level3:path_id=758:m_Name	type=GameObject; name=Energy; dump=level3/GameObject/758__Energy.json		add/update source-text entry in translations/source_queue.tsv	low/medium: verify in clean v1.1.3	UnityPy typetree string
5	level3:810	item	energyicon (2)			todo	level3:path_id=810:m_Name	type=GameObject; name=energyicon (2); dump=level3/GameObject/810__energyicon_2.json		add/update source-text entry in translations/source_queue.tsv	low/medium: verify in clean v1.1.3	UnityPy typetree string
5	level3:840	ui	Health			todo	level3:path_id=840:m_Name	type=GameObject; name=Health; dump=level3/GameObject/840__Health.json		add/update source-text entry in translations/source_queue.tsv	medium: visible layout/clipping risk	UnityPy typetree string
5	level3:931	notification	compass (broken)			todo	level3:path_id=931:m_Name	type=GameObject; name=compass (broken); dump=level3/GameObject/931__compass_broken.json		add/update source-text entry in translations/source_queue.tsv	medium: visible layout/clipping risk	UnityPy typetree string
5	level3:973	notification	net (broken)			todo	level3:path_id=973:m_Name	type=GameObject; name=net (broken); dump=level3/GameObject/973__net_broken.json		add/update source-text entry in translations/source_queue.tsv	medium: visible layout/clipping risk	UnityPy typetree string
5	level3:984	notification	scuba_set (broken)			todo	level3:path_id=984:m_Name	type=GameObject; name=scuba_set (broken); dump=level3/GameObject/984__scuba_set_broken.json		add/update source-text entry in translations/source_queue.tsv	medium: visible layout/clipping risk	UnityPy typetree string
5	level3:no_path	ui	AlreadyHealthytext			todo	level3:raw_ascii@149520	type=raw_bytes	ItemText | paperEnd | EnergyCostShower || Particle System | Point Light | map (broken) N	add/update source-text entry in translations/source_queue.tsv	medium: visible layout/clipping risk	raw byte fallback candidate; inspect neighbouring Unity object if promoted
5	level3:no_path	notification	anchor (broken)			todo	level3:raw_ascii@141752	type=raw_bytes	Particle System | ducttape N | Text (TMP) || flashlight (broken) | Energy3 | ConfirmScubaSet	add/update source-text entry in translations/source_queue.tsv	medium: visible layout/clipping risk	raw byte fallback candidate; inspect neighbouring Unity object if promoted
5	level3:no_path	ui	Baits			todo	level3:raw_ascii@134808	type=raw_bytes	ScubaImage | THE BOAT | ResultsItems || Particle System | ItemText | Text (TMP)	add/update source-text entry in translations/source_queue.tsv	medium: visible layout/clipping risk	raw byte fallback candidate; inspect neighbouring Unity object if promoted
5	level3:no_path	notification	bucket (broken)			todo	level3:raw_ascii@126792	type=raw_bytes	Library/unity default resources | Cats N | Energy2 || LootBoxChest | energyicon (1) | ItemText	add/update source-text entry in translations/source_queue.tsv	medium: visible layout/clipping risk	raw byte fallback candidate; inspect neighbouring Unity object if promoted
5	level3:no_path	ui	ClickToContinue			todo	level3:raw_ascii@148048	type=raw_bytes	fish N | ItemText | ItemsHolder || ItemText | paperEnd | EnergyCostShower	add/update source-text entry in translations/source_queue.tsv	medium: visible layout/clipping risk	raw byte fallback candidate; inspect neighbouring Unity object if promoted
5	level3:no_path	ui	ClickToContinue			todo	level3:raw_ascii@152352	type=raw_bytes	Text (TMP) | ItemText | friendIcon (1) || Text (TMP) | FishedInfoHolder | Energy3	add/update source-text entry in translations/source_queue.tsv	medium: visible layout/clipping risk	raw byte fallback candidate; inspect neighbouring Unity object if promoted
5	level3:no_path	ui	CloseButton			todo	level3:raw_ascii@143388	type=raw_bytes	Energy3 | ConfirmScubaSet | bait (1) N || Text (TMP) | telescope (broken) | fish N	add/update source-text entry in translations/source_queue.tsv	medium: visible layout/clipping risk	raw byte fallback candidate; inspect neighbouring Unity object if promoted
5	level3:no_path	ui	CloseJournal			todo	level3:raw_ascii@880944	type=raw_bytes	Food | SearchAccepted | SearchDenied || Swim Ring | Food | Food	add/update source-text entry in translations/source_queue.tsv	medium: visible layout/clipping risk	raw byte fallback candidate; inspect neighbouring Unity object if promoted
5	level3:no_path	ui	CloseJournal			todo	level3:raw_ascii@885024	type=raw_bytes	Broken Anchor | Broken Flashlight | Bait || Broken Telescope | Energy Bar | Food	add/update source-text entry in translations/source_queue.tsv	medium: visible layout/clipping risk	raw byte fallback candidate; inspect neighbouring Unity object if promoted
5	level3:no_path	ui	CloseWritingTask			todo	level3:raw_ascii@928228	type=raw_bytes	What do you think? Should we do this? | Torn Fishnet | Harpoon Gun || Broken Scuba Set | Captain Whiskers | Captain Whiskers	add/update source-text entry in translations/source_queue.tsv	medium: visible layout/clipping risk	raw byte fallback candidate; inspect neighbouring Unity object if promoted
5	level3:no_path	notification	compass (broken) N			todo	level3:raw_ascii@184920	type=raw_bytes	Energy3 | ItemSlot2 | ItemsHolder || ItemsHolder | Energy3 | Energy1	add/update source-text entry in translations/source_queue.tsv	medium: visible layout/clipping risk	raw byte fallback candidate; inspect neighbouring Unity object if promoted
5	level3:no_path	notification	flashlight (broken)			todo	level3:raw_ascii@142136	type=raw_bytes	ducttape N | Text (TMP) | anchor (broken) || Energy3 | ConfirmScubaSet | bait (1) N	add/update source-text entry in translations/source_queue.tsv	medium: visible layout/clipping risk	raw byte fallback candidate; inspect neighbouring Unity object if promoted
5	level3:no_path	ui	Foods			todo	level3:raw_ascii@177448	type=raw_bytes	bait N | Energy1 | Particle System || JournalButton | Friend | ItemText	add/update source-text entry in translations/source_queue.tsv	medium: visible layout/clipping risk	raw byte fallback candidate; inspect neighbouring Unity object if promoted
5	level3:no_path	result/search	FoundFlower			todo	level3:raw_ascii@165448	type=raw_bytes	AllVisualItems | FriendManageUI | RandomDayBox || OptionMode | bait (2) N | umbrella (broken)	add/update source-text entry in translations/source_queue.tsv	medium: visible layout/clipping risk	raw byte fallback candidate; inspect neighbouring Unity object if promoted
5	level3:no_path	ui	Health			todo	level3:raw_ascii@178904	type=raw_bytes	JournalButton | Friend | ItemText || friendIcon | flaregun N | FRIEND	add/update source-text entry in translations/source_queue.tsv	medium: visible layout/clipping risk	raw byte fallback candidate; inspect neighbouring Unity object if promoted
5	level3:no_path	ui	Healthy			todo	level3:raw_ascii@900812	type=raw_bytes	Write Message | Hungry | Hungry || Sea Search | Bait | Food	add/update source-text entry in translations/source_queue.tsv	medium: visible layout/clipping risk	raw byte fallback candidate; inspect neighbouring Unity object if promoted
5	level3:no_path	notification	hookgun (broken) N			todo	level3:raw_ascii@170904	type=raw_bytes	Text (TMP) | energyicon (2) | Text (TMP) || Text (TMP) | Text (TMP) | Energy	add/update source-text entry in translations/source_queue.tsv	medium: visible layout/clipping risk	raw byte fallback candidate; inspect neighbouring Unity object if promoted
5	level3:no_path	notification	map (broken) N			todo	level3:raw_ascii@151192	type=raw_bytes	AlreadyHealthytext | Particle System | Point Light || Text (TMP) | ItemText | friendIcon (1)	add/update source-text entry in translations/source_queue.tsv	medium: visible layout/clipping risk	raw byte fallback candidate; inspect neighbouring Unity object if promoted
5	level3:no_path	notification	net (broken) N			todo	level3:raw_ascii@187656	type=raw_bytes	ItemsHolder | Energy3 | Energy1 || Text (TMP) | FishedVisuals | friendIcon (2)	add/update source-text entry in translations/source_queue.tsv	medium: visible layout/clipping risk	raw byte fallback candidate; inspect neighbouring Unity object if promoted
5	level3:no_path	ui	OpenSettings			todo	level3:raw_ascii@940376	type=raw_bytes	PickYesNoOption | UpdateInstantClick | UpdateMousesens || FPS Player | Main Camera | A3rp	add/update source-text entry in translations/source_queue.tsv	medium: visible layout/clipping risk	raw byte fallback candidate; inspect neighbouring Unity object if promoted
5	level3:no_path	ui	SettingsFade			todo	level3:raw_ascii@196272	type=raw_bytes	Text (TMP) | scubaTaskCamera | UseDuctTape || mixamorig:LeftForeArm | mixamorig:Spine | mixamorig:LeftFoot	add/update source-text entry in translations/source_queue.tsv	medium: visible layout/clipping risk	raw byte fallback candidate; inspect neighbouring Unity object if promoted
5	level3:no_path	ui	Sleep Button			todo	level3:raw_ascii@161204	type=raw_bytes	ScubaSearchHud | energyicon (1) | ScubaGoggles || Particle System | Continue | umbrella N	add/update source-text entry in translations/source_queue.tsv	medium: visible layout/clipping risk	raw byte fallback candidate; inspect neighbouring Unity object if promoted
5	level3:no_path	ui	TalkDialog			todo	level3:raw_ascii@191352	type=raw_bytes	Cats (2) N | Cats (1) N | ItemAndText || friendIcon | Point Light (1) | Text (TMP)	add/update source-text entry in translations/source_queue.tsv	medium: visible layout/clipping risk	raw byte fallback candidate; inspect neighbouring Unity object if promoted
5	level3:no_path	notification	telescope (broken)			todo	level3:raw_ascii@143880	type=raw_bytes	bait (1) N | CloseButton | Text (TMP) || fish N | ItemText | ItemsHolder	add/update source-text entry in translations/source_queue.tsv	medium: visible layout/clipping risk	raw byte fallback candidate; inspect neighbouring Unity object if promoted
5	level3:no_path	notification	umbrella (broken)			todo	level3:raw_ascii@168344	type=raw_bytes	FoundFlower | OptionMode | bait (2) N || Cancel | Text (TMP) | energyicon (2)	add/update source-text entry in translations/source_queue.tsv	medium: visible layout/clipping risk	raw byte fallback candidate; inspect neighbouring Unity object if promoted
5	level3:no_path	ui	You did not sleep very well.	Вы плохо поспали.		todo	level3:raw_ascii@964616	type=raw_bytes	Your friend is sleeping with the fishes. | You lost an item to the sea.! | Something broke during the night. || You feel weak. | Help may be on the way... | Drifting Barrel	translations/source_queue.tsv, then rebuild XUnity dictionary	medium: visible layout/clipping risk	raw byte fallback candidate; inspect neighbouring Unity object if promoted
5	level3:no_path	notification	You lost an item to the sea.!			todo	level3:raw_ascii@964544	type=raw_bytes	I1V | Dead by the Sea. | Your friend is sleeping with the fishes. || Something broke during the night. | You did not sleep very well. | You feel weak.	add/update source-text entry in translations/source_queue.tsv	medium: visible layout/clipping risk	raw byte fallback candidate; inspect neighbouring Unity object if promoted
5	level3:no_path	ui	Your friend is sleeping with the fishes.	Ваш спутник спит с рыбами.		todo	level3:raw_ascii@964500	type=raw_bytes	Af>tn | I1V | Dead by the Sea. || You lost an item to the sea.! | Something broke during the night. | You did not sleep very well.	translations/source_queue.tsv, then rebuild XUnity dictionary	medium: visible layout/clipping risk	raw byte fallback candidate; inspect neighbouring Unity object if promoted
5	level4:10312	ui	Send Frederik Instead?			todo	level4:path_id=10312:raw_length_prefixed@2125036	type=MonoBehaviour; name=Text (TMP); script=Unity.TextMeshPro:TMPro.TextMeshProUGUI; gameobject=Text (TMP); dump=level4/MonoBehaviour/10312__Text_TMP.json		add/update source-text entry in translations/source_queue.tsv	medium: visible layout/clipping risk	MonoBehaviour length-prefixed string; script=unknown:2177; length=22
5	level4:10316	ui	Send Row Instead?			todo	level4:path_id=10316:raw_length_prefixed@2127164	type=MonoBehaviour; name=Text (TMP); script=Unity.TextMeshPro:TMPro.TextMeshProUGUI; gameobject=Text (TMP); dump=level4/MonoBehaviour/10316__Text_TMP.json		add/update source-text entry in translations/source_queue.tsv	medium: visible layout/clipping risk	MonoBehaviour length-prefixed string; script=unknown:2177; length=17
5	level4:10326	ui	Send Laurel Instead?			todo	level4:path_id=10326:raw_length_prefixed@2132604	type=MonoBehaviour; name=Text (TMP); script=Unity.TextMeshPro:TMPro.TextMeshProUGUI; gameobject=Text (TMP); dump=level4/MonoBehaviour/10326__Text_TMP.json		add/update source-text entry in translations/source_queue.tsv	medium: visible layout/clipping risk	MonoBehaviour length-prefixed string; script=unknown:2177; length=20
5	level4:10612	ui	We should be asleep...			todo	level4:path_id=10612:raw_length_prefixed@2200804	type=MonoBehaviour; name=FriendText; script=Assembly-CSharp:addRandomText; gameobject=FriendText; dump=level4/MonoBehaviour/10612__FriendText.json	I cannot sleep. | You can't sleep either?	add/update source-text entry in translations/source_queue.tsv	medium: visible layout/clipping risk	MonoBehaviour length-prefixed string; script=unknown:2020; length=22
5	level4:10612	ui	You can't sleep either?			todo	level4:path_id=10612:raw_length_prefixed@2200776	type=MonoBehaviour; name=FriendText; script=Assembly-CSharp:addRandomText; gameobject=FriendText; dump=level4/MonoBehaviour/10612__FriendText.json	I cannot sleep. || We should be asleep...	add/update source-text entry in translations/source_queue.tsv	medium: visible layout/clipping risk	MonoBehaviour length-prefixed string; script=unknown:2020; length=23
5	level4:10729	ui	TryToSleep			todo	level4:path_id=10729:raw_length_prefixed@2214864	type=MonoBehaviour; name=GoBackToSleep; script=UnityEngine.UI:UnityEngine.UI.Button; gameobject=GoBackToSleep; dump=level4/MonoBehaviour/10729__GoBackToSleep.json		add/update source-text entry in translations/source_queue.tsv	medium: visible layout/clipping risk	MonoBehaviour length-prefixed string; script=unknown:890; length=10
5	level4:1105	ui	GoToSleepText (14)			todo	level4:path_id=1105:m_Name	type=GameObject; name=GoToSleepText (14); dump=level4/GameObject/1105__GoToSleepText_14.json		add/update source-text entry in translations/source_queue.tsv	medium: visible layout/clipping risk	UnityPy typetree string
5	level4:11057	ui	OpenSettings			todo	level4:path_id=11057:raw_length_prefixed@2263800	type=MonoBehaviour; name=Settings; script=UnityEngine.UI:UnityEngine.UI.Button; gameobject=Settings; dump=level4/MonoBehaviour/11057__Settings.json		add/update source-text entry in translations/source_queue.tsv	medium: visible layout/clipping risk	MonoBehaviour length-prefixed string; script=unknown:890; length=12
5	level4:11119	ui	You did not sleep very well.	Вы плохо поспали.		todo	level4:path_id=11119:raw_length_prefixed@2288596	type=MonoBehaviour; name=GameController; script=Assembly-CSharp:game_controller; gameobject=GameController; dump=level4/MonoBehaviour/11119__GameController.json	Your friend is sleeping with the fishes. | You lost an item to the sea. | Something broke during the night. || You feel weak. | Help may be on the way...	translations/source_queue.tsv, then rebuild XUnity dictionary	medium: visible layout/clipping risk	MonoBehaviour length-prefixed string; script=unknown:1543; length=28
5	level4:11119	notification	You lost an item to the sea.	Предмет унесло в море.		todo	level4:path_id=11119:raw_length_prefixed@2288524	type=MonoBehaviour; name=GameController; script=Assembly-CSharp:game_controller; gameobject=GameController; dump=level4/MonoBehaviour/11119__GameController.json	Dead by the Sea. | Your friend is sleeping with the fishes. || Something broke during the night. | You did not sleep very well. | You feel weak.	translations/source_queue.tsv, then rebuild XUnity dictionary	medium: visible layout/clipping risk	MonoBehaviour length-prefixed string; script=unknown:1543; length=28
5	level4:11119	ui	Your friend is sleeping with the fishes.	Ваш спутник спит с рыбами.		todo	level4:path_id=11119:raw_length_prefixed@2288480	type=MonoBehaviour; name=GameController; script=Assembly-CSharp:game_controller; gameobject=GameController; dump=level4/MonoBehaviour/11119__GameController.json	Dead by the Sea. || You lost an item to the sea. | Something broke during the night. | You did not sleep very well.	translations/source_queue.tsv, then rebuild XUnity dictionary	medium: visible layout/clipping risk	MonoBehaviour length-prefixed string; script=unknown:1543; length=40
5	level4:1288	notification	map (broken)			todo	level4:path_id=1288:m_Name	type=GameObject; name=map (broken); dump=level4/GameObject/1288__map_broken.json		add/update source-text entry in translations/source_queue.tsv	medium: visible layout/clipping risk	UnityPy typetree string
5	level4:1324	ui	GoToSleepText (7)			todo	level4:path_id=1324:m_Name	type=GameObject; name=GoToSleepText (7); dump=level4/GameObject/1324__GoToSleepText_7.json		add/update source-text entry in translations/source_queue.tsv	medium: visible layout/clipping risk	UnityPy typetree string
5	level4:1394	notification	umbrella (broken)			todo	level4:path_id=1394:m_Name	type=GameObject; name=umbrella (broken); dump=level4/GameObject/1394__umbrella_broken.json		add/update source-text entry in translations/source_queue.tsv	medium: visible layout/clipping risk	UnityPy typetree string
5	level4:1395	ui	GoToSleepText (12)			todo	level4:path_id=1395:m_Name	type=GameObject; name=GoToSleepText (12); dump=level4/GameObject/1395__GoToSleepText_12.json		add/update source-text entry in translations/source_queue.tsv	medium: visible layout/clipping risk	UnityPy typetree string
5	level4:1581	item	fishpivot (2)			todo	level4:path_id=1581:m_Name	type=GameObject; name=fishpivot (2); dump=level4/GameObject/1581__fishpivot_2.json		add/update source-text entry in translations/source_queue.tsv	low/medium: verify in clean v1.1.3	UnityPy typetree string
5	level4:1709	item	MonsterFishModel (7)			todo	level4:path_id=1709:m_Name	type=GameObject; name=MonsterFishModel (7); dump=level4/GameObject/1709__MonsterFishModel_7.json		add/update source-text entry in translations/source_queue.tsv	low/medium: verify in clean v1.1.3	UnityPy typetree string
5	level4:1783	notification	compass (broken)			todo	level4:path_id=1783:m_Name	type=GameObject; name=compass (broken); dump=level4/GameObject/1783__compass_broken.json		add/update source-text entry in translations/source_queue.tsv	medium: visible layout/clipping risk	UnityPy typetree string
5	level4:1797	item	fishie (5)			todo	level4:path_id=1797:m_Name	type=GameObject; name=fishie (5); dump=level4/GameObject/1797__fishie_5.json		add/update source-text entry in translations/source_queue.tsv	low/medium: verify in clean v1.1.3	UnityPy typetree string
5	level4:1804	ui	GoToSleepText (4)			todo	level4:path_id=1804:m_Name	type=GameObject; name=GoToSleepText (4); dump=level4/GameObject/1804__GoToSleepText_4.json		add/update source-text entry in translations/source_queue.tsv	medium: visible layout/clipping risk	UnityPy typetree string
5	level4:1813	item	fishie (7)			todo	level4:path_id=1813:m_Name	type=GameObject; name=fishie (7); dump=level4/GameObject/1813__fishie_7.json		add/update source-text entry in translations/source_queue.tsv	low/medium: verify in clean v1.1.3	UnityPy typetree string
5	level4:1838	notification	anchor (broken)			todo	level4:path_id=1838:m_Name	type=GameObject; name=anchor (broken); dump=level4/GameObject/1838__anchor_broken.json		add/update source-text entry in translations/source_queue.tsv	medium: visible layout/clipping risk	UnityPy typetree string
5	level4:1943	ui	GoToSleepText (6)			todo	level4:path_id=1943:m_Name	type=GameObject; name=GoToSleepText (6); dump=level4/GameObject/1943__GoToSleepText_6.json		add/update source-text entry in translations/source_queue.tsv	medium: visible layout/clipping risk	UnityPy typetree string
5	level4:1951	notification	flashlight (broken)			todo	level4:path_id=1951:m_Name	type=GameObject; name=flashlight (broken); dump=level4/GameObject/1951__flashlight_broken.json		add/update source-text entry in translations/source_queue.tsv	medium: visible layout/clipping risk	UnityPy typetree string
5	level4:1956	ui	GoToSleepText (15)			todo	level4:path_id=1956:m_Name	type=GameObject; name=GoToSleepText (15); dump=level4/GameObject/1956__GoToSleepText_15.json		add/update source-text entry in translations/source_queue.tsv	medium: visible layout/clipping risk	UnityPy typetree string
5	level4:1987	item	fishie (1)			todo	level4:path_id=1987:m_Name	type=GameObject; name=fishie (1); dump=level4/GameObject/1987__fishie_1.json		add/update source-text entry in translations/source_queue.tsv	low/medium: verify in clean v1.1.3	UnityPy typetree string
5	level4:2019	ui	GoToSleepText (11)			todo	level4:path_id=2019:m_Name	type=GameObject; name=GoToSleepText (11); dump=level4/GameObject/2019__GoToSleepText_11.json		add/update source-text entry in translations/source_queue.tsv	medium: visible layout/clipping risk	UnityPy typetree string
5	level4:2050	item	fishpivot (1)			todo	level4:path_id=2050:m_Name	type=GameObject; name=fishpivot (1); dump=level4/GameObject/2050__fishpivot_1.json		add/update source-text entry in translations/source_queue.tsv	low/medium: verify in clean v1.1.3	UnityPy typetree string
5	level4:2071	item	fishie (3)			todo	level4:path_id=2071:m_Name	type=GameObject; name=fishie (3); dump=level4/GameObject/2071__fishie_3.json		add/update source-text entry in translations/source_queue.tsv	low/medium: verify in clean v1.1.3	UnityPy typetree string
5	level4:2130	item	MonsterFishModel (3)			todo	level4:path_id=2130:m_Name	type=GameObject; name=MonsterFishModel (3); dump=level4/GameObject/2130__MonsterFishModel_3.json		add/update source-text entry in translations/source_queue.tsv	low/medium: verify in clean v1.1.3	UnityPy typetree string
5	level4:2241	ui	GoToSleepText (5)			todo	level4:path_id=2241:m_Name	type=GameObject; name=GoToSleepText (5); dump=level4/GameObject/2241__GoToSleepText_5.json		add/update source-text entry in translations/source_queue.tsv	medium: visible layout/clipping risk	UnityPy typetree string
5	level4:2350	notification	hookgun (broken)			todo	level4:path_id=2350:m_Name	type=GameObject; name=hookgun (broken); dump=level4/GameObject/2350__hookgun_broken.json		add/update source-text entry in translations/source_queue.tsv	medium: visible layout/clipping risk	UnityPy typetree string
5	level4:2401	ui	GoToSleepText (3)			todo	level4:path_id=2401:m_Name	type=GameObject; name=GoToSleepText (3); dump=level4/GameObject/2401__GoToSleepText_3.json		add/update source-text entry in translations/source_queue.tsv	medium: visible layout/clipping risk	UnityPy typetree string
5	level4:241	ui	GoToSleepText (13)			todo	level4:path_id=241:m_Name	type=GameObject; name=GoToSleepText (13); dump=level4/GameObject/241__GoToSleepText_13.json		add/update source-text entry in translations/source_queue.tsv	medium: visible layout/clipping risk	UnityPy typetree string
5	level4:252	ui	GoToSleepText (2)			todo	level4:path_id=252:m_Name	type=GameObject; name=GoToSleepText (2); dump=level4/GameObject/252__GoToSleepText_2.json		add/update source-text entry in translations/source_queue.tsv	medium: visible layout/clipping risk	UnityPy typetree string
5	level4:2601	item	fishpivot (1)			todo	level4:path_id=2601:m_Name	type=GameObject; name=fishpivot (1); dump=level4/GameObject/2601__fishpivot_1.json		add/update source-text entry in translations/source_queue.tsv	low/medium: verify in clean v1.1.3	UnityPy typetree string
5	level4:2664	item	fishie (4)			todo	level4:path_id=2664:m_Name	type=GameObject; name=fishie (4); dump=level4/GameObject/2664__fishie_4.json		add/update source-text entry in translations/source_queue.tsv	low/medium: verify in clean v1.1.3	UnityPy typetree string
5	level4:2684	notification	bucket (broken)			todo	level4:path_id=2684:m_Name	type=GameObject; name=bucket (broken); dump=level4/GameObject/2684__bucket_broken.json		add/update source-text entry in translations/source_queue.tsv	medium: visible layout/clipping risk	UnityPy typetree string
5	level4:2754	item	fishpivot (2)			todo	level4:path_id=2754:m_Name	type=GameObject; name=fishpivot (2); dump=level4/GameObject/2754__fishpivot_2.json		add/update source-text entry in translations/source_queue.tsv	low/medium: verify in clean v1.1.3	UnityPy typetree string
5	level4:2780	ui	GoToSleepText (9)			todo	level4:path_id=2780:m_Name	type=GameObject; name=GoToSleepText (9); dump=level4/GameObject/2780__GoToSleepText_9.json		add/update source-text entry in translations/source_queue.tsv	medium: visible layout/clipping risk	UnityPy typetree string
5	level4:321	ui	GoToSleepText (10)			todo	level4:path_id=321:m_Name	type=GameObject; name=GoToSleepText (10); dump=level4/GameObject/321__GoToSleepText_10.json		add/update source-text entry in translations/source_queue.tsv	medium: visible layout/clipping risk	UnityPy typetree string
5	level4:443	item	fishie (2)			todo	level4:path_id=443:m_Name	type=GameObject; name=fishie (2); dump=level4/GameObject/443__fishie_2.json		add/update source-text entry in translations/source_queue.tsv	low/medium: verify in clean v1.1.3	UnityPy typetree string
5	level4:481	item	MonsterFishModel (5)			todo	level4:path_id=481:m_Name	type=GameObject; name=MonsterFishModel (5); dump=level4/GameObject/481__MonsterFishModel_5.json		add/update source-text entry in translations/source_queue.tsv	low/medium: verify in clean v1.1.3	UnityPy typetree string
5	level4:534	notification	scuba_set (broken)			todo	level4:path_id=534:m_Name	type=GameObject; name=scuba_set (broken); dump=level4/GameObject/534__scuba_set_broken.json		add/update source-text entry in translations/source_queue.tsv	medium: visible layout/clipping risk	UnityPy typetree string
5	level4:539	item	MonsterFishModel (2)			todo	level4:path_id=539:m_Name	type=GameObject; name=MonsterFishModel (2); dump=level4/GameObject/539__MonsterFishModel_2.json		add/update source-text entry in translations/source_queue.tsv	low/medium: verify in clean v1.1.3	UnityPy typetree string
5	level4:619	item	fishie (6)			todo	level4:path_id=619:m_Name	type=GameObject; name=fishie (6); dump=level4/GameObject/619__fishie_6.json		add/update source-text entry in translations/source_queue.tsv	low/medium: verify in clean v1.1.3	UnityPy typetree string
5	level4:66	item	MonsterFishModel (4)			todo	level4:path_id=66:m_Name	type=GameObject; name=MonsterFishModel (4); dump=level4/GameObject/66__MonsterFishModel_4.json		add/update source-text entry in translations/source_queue.tsv	low/medium: verify in clean v1.1.3	UnityPy typetree string
5	level4:702	item	MonsterFishModel (8)			todo	level4:path_id=702:m_Name	type=GameObject; name=MonsterFishModel (8); dump=level4/GameObject/702__MonsterFishModel_8.json		add/update source-text entry in translations/source_queue.tsv	low/medium: verify in clean v1.1.3	UnityPy typetree string
5	level4:73	notification	swimming_belt (broken)			todo	level4:path_id=73:m_Name	type=GameObject; name=swimming_belt (broken); dump=level4/GameObject/73__swimming_belt_broken.json		add/update source-text entry in translations/source_queue.tsv	medium: visible layout/clipping risk	UnityPy typetree string
5	level4:746	item	fishpivot (3)			todo	level4:path_id=746:m_Name	type=GameObject; name=fishpivot (3); dump=level4/GameObject/746__fishpivot_3.json		add/update source-text entry in translations/source_queue.tsv	low/medium: verify in clean v1.1.3	UnityPy typetree string
5	level4:76	ui	GoToSleepText (8)			todo	level4:path_id=76:m_Name	type=GameObject; name=GoToSleepText (8); dump=level4/GameObject/76__GoToSleepText_8.json		add/update source-text entry in translations/source_queue.tsv	medium: visible layout/clipping risk	UnityPy typetree string
5	level4:830	item	MonsterFishModel (6)			todo	level4:path_id=830:m_Name	type=GameObject; name=MonsterFishModel (6); dump=level4/GameObject/830__MonsterFishModel_6.json		add/update source-text entry in translations/source_queue.tsv	low/medium: verify in clean v1.1.3	UnityPy typetree string
5	level4:833	notification	telescope (broken)			todo	level4:path_id=833:m_Name	type=GameObject; name=telescope (broken); dump=level4/GameObject/833__telescope_broken.json		add/update source-text entry in translations/source_queue.tsv	medium: visible layout/clipping risk	UnityPy typetree string
5	level4:894	item	MonsterFishModel (1)			todo	level4:path_id=894:m_Name	type=GameObject; name=MonsterFishModel (1); dump=level4/GameObject/894__MonsterFishModel_1.json		add/update source-text entry in translations/source_queue.tsv	low/medium: verify in clean v1.1.3	UnityPy typetree string
5	level4:901	notification	net (broken)			todo	level4:path_id=901:m_Name	type=GameObject; name=net (broken); dump=level4/GameObject/901__net_broken.json		add/update source-text entry in translations/source_queue.tsv	medium: visible layout/clipping risk	UnityPy typetree string
5	level4:961	ui	GoToSleepText (1)			todo	level4:path_id=961:m_Name	type=GameObject; name=GoToSleepText (1); dump=level4/GameObject/961__GoToSleepText_1.json		add/update source-text entry in translations/source_queue.tsv	medium: visible layout/clipping risk	UnityPy typetree string
5	level4:991	item	MonsterFishModel (9)			todo	level4:path_id=991:m_Name	type=GameObject; name=MonsterFishModel (9); dump=level4/GameObject/991__MonsterFishModel_9.json		add/update source-text entry in translations/source_queue.tsv	low/medium: verify in clean v1.1.3	UnityPy typetree string
5	level4:no_path	notification	anchor (broken)			todo	level4:raw_ascii@390600	type=raw_bytes	mixamorig:Head | mixamorig:Hips | mixamorig:RightToeBase || mixamorig:LeftHandThumb3 | TraderPaddleLeft | Point Light (4)	add/update source-text entry in translations/source_queue.tsv	medium: visible layout/clipping risk	raw byte fallback candidate; inspect neighbouring Unity object if promoted
5	level4:no_path	ui	Baits			todo	level4:raw_ascii@387608	type=raw_bytes	Point Light (2) | mixamorig:LeftUpLeg | mixamorig:RightLeg || mixamorig:RightHandThumb2 | mixamorig:RightHandThumb1 | fishie (5)	add/update source-text entry in translations/source_queue.tsv	medium: visible layout/clipping risk	raw byte fallback candidate; inspect neighbouring Unity object if promoted
5	level4:no_path	result/search	ChestFound			todo	level4:raw_ascii@428120	type=raw_bytes	Point Light (1) | mixamorig:RightHand | mixamorig:LeftHandThumb1 || LootBoxChest N | mixamorig:LeftArm | Trader3	add/update source-text entry in translations/source_queue.tsv	medium: visible layout/clipping risk	raw byte fallback candidate; inspect neighbouring Unity object if promoted
5	level4:no_path	notification	compass (broken) N			todo	level4:raw_ascii@387080	type=raw_bytes	itemReceived | mixamorig:RightHandIndex2 | mixamorig:Spine || ChooseItemHud | mixamorig:Spine2 | Point Light (2)	add/update source-text entry in translations/source_queue.tsv	medium: visible layout/clipping risk	raw byte fallback candidate; inspect neighbouring Unity object if promoted
5	level4:no_path	notification	flashlight (broken)			todo	level4:raw_ascii@398056	type=raw_bytes	toGive | Point Light (1) | THE BOAT || mixamorig:Hips | mixamorig:RightShoulder | TraderCanvas	add/update source-text entry in translations/source_queue.tsv	medium: visible layout/clipping risk	raw byte fallback candidate; inspect neighbouring Unity object if promoted
5	level4:no_path	ui	Foods			todo	level4:raw_ascii@412312	type=raw_bytes	toGive | mixamorig:LeftHandIndex1 | mixamorig:Hips || Point Light (1) | mixamorig:LeftHandThumb4 | TraderPaddleRight	add/update source-text entry in translations/source_queue.tsv	medium: visible layout/clipping risk	raw byte fallback candidate; inspect neighbouring Unity object if promoted
5	level4:no_path	result/search	FoundFlower			todo	level4:raw_ascii@302088	type=raw_bytes	mixamorig:LeftHand | mixamorig:LeftHandThumb2 | mixamorig:LeftHand || MonsterFishModel (5) | mixamorig:RightHandIndex3 | Text (TMP)	add/update source-text entry in translations/source_queue.tsv	medium: visible layout/clipping risk	raw byte fallback candidate; inspect neighbouring Unity object if promoted
5	level4:no_path	result/search	FoundLand			todo	level4:raw_ascii@339280	type=raw_bytes	mixamorig:LeftUpLeg | mixamorig:LeftHandThumb1 | mixamorig:RightHandIndex4 || mixamorig:RightFoot | mixamorig:RightForeArm | mixamorig:RightFoot	add/update source-text entry in translations/source_queue.tsv	medium: visible layout/clipping risk	raw byte fallback candidate; inspect neighbouring Unity object if promoted
5	level4:no_path	ui	FriendSleeping			todo	level4:raw_ascii@363924	type=raw_bytes	mixamorig:RightHandThumb3 | mixamorig:Hips | Point Light (1) || mixamorig:RightHandIndex4 | mixamorig:RightHandIndex4 | UseDuctTape	add/update source-text entry in translations/source_queue.tsv	medium: visible layout/clipping risk	raw byte fallback candidate; inspect neighbouring Unity object if promoted
5	level4:no_path	ui	GoBackToSleep			todo	level4:raw_ascii@298812	type=raw_bytes	Text (TMP) | bait N | mixamorig:Head || mixamorig:RightArm | mixamorig:LeftFoot | mixamorig:LeftForeArm	add/update source-text entry in translations/source_queue.tsv	medium: visible layout/clipping risk	raw byte fallback candidate; inspect neighbouring Unity object if promoted
5	level4:no_path	ui	GoBackToSleep			todo	level4:raw_ascii@324252	type=raw_bytes	mixamorig:Head | TraderBody | mixamorig:LeftUpLeg || mixamorig:Neck | mixamorig:RightHandIndex4 | mixamorig:RightLeg	add/update source-text entry in translations/source_queue.tsv	medium: visible layout/clipping risk	raw byte fallback candidate; inspect neighbouring Unity object if promoted
5	level4:no_path	ui	GoBackToSleep			todo	level4:raw_ascii@350236	type=raw_bytes	mixamorig:RightLeg | mixamorig:RightUpLeg | mixamorig:LeftHandIndex1 || toGive | mixamorig:RightToeBase | mixamorig:LeftHandThumb1	add/update source-text entry in translations/source_queue.tsv	medium: visible layout/clipping risk	raw byte fallback candidate; inspect neighbouring Unity object if promoted
5	level4:no_path	ui	GoBackToSleep			todo	level4:raw_ascii@362760	type=raw_bytes	mixamorig:RightFoot | mixamorig:RightHandIndex4 | mixamorig:LeftHandIndex3 || bait (2) N | Particle System (3) | mixamorig:RightHandIndex1	add/update source-text entry in translations/source_queue.tsv	medium: visible layout/clipping risk	raw byte fallback candidate; inspect neighbouring Unity object if promoted
5	level4:no_path	ui	GoToSleepText			todo	level4:raw_ascii@346468	type=raw_bytes	TraderLamp | Particle System | Point Light (2) || Point Light | mixamorig:LeftHandThumb2 | Point Light (2)	add/update source-text entry in translations/source_queue.tsv	medium: visible layout/clipping risk	raw byte fallback candidate; inspect neighbouring Unity object if promoted
5	level4:no_path	ui	GoToSleepText (1)			todo	level4:raw_ascii@333668	type=raw_bytes	mixamorig:Neck | Point Light | mixamorig:RightHandThumb2 || mixamorig:LeftUpLeg | mixamorig:LeftHandIndex4 | mixamorig:RightHandIndex3	add/update source-text entry in translations/source_queue.tsv	medium: visible layout/clipping risk	raw byte fallback candidate; inspect neighbouring Unity object if promoted
5	level4:no_path	ui	GoToSleepText (10)			todo	level4:raw_ascii@292452	type=raw_bytes	mixamorig:LeftHand | mixamorig:Neck | mixamorig:RightHandIndex2 || mixamorig:Spine2 | mixamorig:LeftHandIndex2 | mixamorig:RightHandIndex1	add/update source-text entry in translations/source_queue.tsv	medium: visible layout/clipping risk	raw byte fallback candidate; inspect neighbouring Unity object if promoted
5	level4:no_path	ui	GoToSleepText (11)			todo	level4:raw_ascii@402468	type=raw_bytes	mixamorig:LeftHandIndex2 | mixamorig:RightHandThumb1 | mixamorig:LeftHandIndex2 || mixamorig:LeftShoulder | Point Light (2) | mixamorig:Spine1	add/update source-text entry in translations/source_queue.tsv	medium: visible layout/clipping risk	raw byte fallback candidate; inspect neighbouring Unity object if promoted
5	level4:no_path	ui	GoToSleepText (12)			todo	level4:raw_ascii@361956	type=raw_bytes	mixamorig:RightForeArm | mixamorig:Hips | umbrella (broken) || mixamorig:LeftUpLeg | mixamorig:RightFoot | mixamorig:RightHandIndex4	add/update source-text entry in translations/source_queue.tsv	medium: visible layout/clipping risk	raw byte fallback candidate; inspect neighbouring Unity object if promoted
5	level4:no_path	ui	GoToSleepText (13)			todo	level4:raw_ascii@287316	type=raw_bytes	Trader2 | Point Light | Point Light (2) || mixamorig:LeftLeg | mixamorig:RightForeArm | mixamorig:LeftShoulder	add/update source-text entry in translations/source_queue.tsv	medium: visible layout/clipping risk	raw byte fallback candidate; inspect neighbouring Unity object if promoted
5	level4:no_path	ui	GoToSleepText (14)			todo	level4:raw_ascii@342932	type=raw_bytes	mixamorig:RightShoulder | mixamorig:LeftForeArm | mixamorig:RightHandIndex3 || Energy3 | mixamorig:RightHandIndex3 | Point Light	add/update source-text entry in translations/source_queue.tsv	medium: visible layout/clipping risk	raw byte fallback candidate; inspect neighbouring Unity object if promoted
5	level4:no_path	ui	GoToSleepText (15)			todo	level4:raw_ascii@398308	type=raw_bytes	mixamorig:Hips | mixamorig:RightShoulder | TraderCanvas || mixamorig:LeftHandIndex1 | Point Light (3) | Point Light	add/update source-text entry in translations/source_queue.tsv	medium: visible layout/clipping risk	raw byte fallback candidate; inspect neighbouring Unity object if promoted
5	level4:no_path	ui	GoToSleepText (2)			todo	level4:raw_ascii@288020	type=raw_bytes	mixamorig:RightForeArm | mixamorig:LeftShoulder | Point Light || Point Light | Point Light | mixamorig:Spine2	add/update source-text entry in translations/source_queue.tsv	medium: visible layout/clipping risk	raw byte fallback candidate; inspect neighbouring Unity object if promoted
5	level4:no_path	ui	GoToSleepText (3)			todo	level4:raw_ascii@427300	type=raw_bytes	mixamorig:LeftHandThumb4 | mixamorig:RightForeArm | SleepKiller || mixamorig:LeftHandIndex4 | Point Light (1) | mixamorig:RightHand	add/update source-text entry in translations/source_queue.tsv	medium: visible layout/clipping risk	raw byte fallback candidate; inspect neighbouring Unity object if promoted
5	level4:no_path	ui	GoToSleepText (4)			todo	level4:raw_ascii@388356	type=raw_bytes	mixamorig:Spine1 | mixamorig:LeftShoulder | mixamorig:RightArm || mixamorig:RightHandThumb4 | mixamorig:LeftHandIndex4 | Point Light	add/update source-text entry in translations/source_queue.tsv	medium: visible layout/clipping risk	raw byte fallback candidate; inspect neighbouring Unity object if promoted
5	level4:no_path	ui	GoToSleepText (5)			todo	level4:raw_ascii@416724	type=raw_bytes	mixamorig:LeftHandThumb2 | mixamorig:LeftHandThumb3 | Point Light (3) || mixamorig:LeftHand | mixamorig:LeftHandIndex1 | mixamorig:LeftToeBase	add/update source-text entry in translations/source_queue.tsv	medium: visible layout/clipping risk	raw byte fallback candidate; inspect neighbouring Unity object if promoted
5	level4:no_path	ui	GoToSleepText (6)			todo	level4:raw_ascii@397460	type=raw_bytes	mixamorig:Hips | mixamorig:Spine1 | Trader1 || mixamorig:LeftForeArm | toGive | Point Light (1)	add/update source-text entry in translations/source_queue.tsv	medium: visible layout/clipping risk	raw byte fallback candidate; inspect neighbouring Unity object if promoted
5	level4:no_path	ui	GoToSleepText (7)			todo	level4:raw_ascii@357316	type=raw_bytes	mixamorig:Spine1 | mixamorig:RightHandIndex4 | Text (TMP) || mixamorig:RightHandIndex1 | Particle System | Point Light	add/update source-text entry in translations/source_queue.tsv	medium: visible layout/clipping risk	raw byte fallback candidate; inspect neighbouring Unity object if promoted
5	level4:no_path	ui	GoToSleepText (8)			todo	level4:raw_ascii@276516	type=raw_bytes	mixamorig:Head | MonsterFishModel (4) | Spot Light || mixamorig:LeftHandIndex1 | mixamorig:RightFoot | SmallMonsterFish	add/update source-text entry in translations/source_queue.tsv	medium: visible layout/clipping risk	raw byte fallback candidate; inspect neighbouring Unity object if promoted
5	level4:no_path	notification	hookgun (broken) N			todo	level4:raw_ascii@424024	type=raw_bytes	mixamorig:Spine | Particle System | Point Light (2) || Point Light | Particle System (2) | mixamorig:RightHandThumb3	add/update source-text entry in translations/source_queue.tsv	medium: visible layout/clipping risk	raw byte fallback candidate; inspect neighbouring Unity object if promoted
5	level4:no_path	notification	map (broken) N			todo	level4:raw_ascii@355000	type=raw_bytes	mixamorig:LeftHandThumb1 | mixamorig:RightLeg | mixamorig:LeftArm || Point Light (3) | mixamorig:RightHandIndex1 | mixamorig:RightHand	add/update source-text entry in translations/source_queue.tsv	medium: visible layout/clipping risk	raw byte fallback candidate; inspect neighbouring Unity object if promoted
5	level4:no_path	notification	net (broken) N			todo	level4:raw_ascii@329768	type=raw_bytes	MonsterFishModel (1) | SleepButtonHolder | TraderPaddleLeft || mixamorig:LeftLeg | Text (TMP) | mixamorig:LeftLeg	add/update source-text entry in translations/source_queue.tsv	medium: visible layout/clipping risk	raw byte fallback candidate; inspect neighbouring Unity object if promoted
5	level4:no_path	result/search	PaperFound			todo	level4:raw_ascii@425676	type=raw_bytes	mixamorig:LeftHandThumb4 | mixamorig:LeftToeBase | Point Light || Text (TMP) | mixamorig:LeftToeBase | mixamorig:LeftUpLeg	add/update source-text entry in translations/source_queue.tsv	medium: visible layout/clipping risk	raw byte fallback candidate; inspect neighbouring Unity object if promoted
5	level4:no_path	ui	SleepButtonHolder			todo	level4:raw_ascii@329400	type=raw_bytes	mixamorig:RightUpLeg | mixamorig:LeftHandThumb3 | MonsterFishModel (1) || TraderPaddleLeft | net (broken) N | mixamorig:LeftLeg	add/update source-text entry in translations/source_queue.tsv	medium: visible layout/clipping risk	raw byte fallback candidate; inspect neighbouring Unity object if promoted
5	level4:no_path	ui	SleepingUnwell			todo	level4:raw_ascii@394256	type=raw_bytes	mixamorig:LeftShoulder | mixamorig:RightForeArm | mixamorig:Spine2 || mixamorig:LeftHandThumb1 | ChestModel | TraderHandRight	add/update source-text entry in translations/source_queue.tsv	medium: visible layout/clipping risk	raw byte fallback candidate; inspect neighbouring Unity object if promoted
5	level4:no_path	ui	SLEEPkiller			todo	level4:raw_ascii@289672	type=raw_bytes	mixamorig:LeftLeg | mixamorig:Spine2 | mixamorig:LeftHandIndex3 || Particle System | TraderLamp | Particle System (1)	add/update source-text entry in translations/source_queue.tsv	medium: visible layout/clipping risk	raw byte fallback candidate; inspect neighbouring Unity object if promoted
5	level4:no_path	ui	SleepKiller			todo	level4:raw_ascii@426816	type=raw_bytes	mixamorig:RightFoot | mixamorig:LeftHandThumb4 | mixamorig:RightForeArm || GoToSleepText (3) | mixamorig:LeftHandIndex4 | Point Light (1)	add/update source-text entry in translations/source_queue.tsv	medium: visible layout/clipping risk	raw byte fallback candidate; inspect neighbouring Unity object if promoted
5	level4:no_path	notification	telescope (broken)			todo	level4:raw_ascii@325176	type=raw_bytes	mixamorig:RightLeg | MonsterFishModel (6) | mixamorig:Spine || Point Light (2) | mixamorig:LeftShoulder | Point Light	add/update source-text entry in translations/source_queue.tsv	medium: visible layout/clipping risk	raw byte fallback candidate; inspect neighbouring Unity object if promoted
5	level4:no_path	notification	umbrella (broken)			todo	level4:raw_ascii@361896	type=raw_bytes	Point Light | mixamorig:RightForeArm | mixamorig:Hips || GoToSleepText (12) | mixamorig:LeftUpLeg | mixamorig:RightFoot	add/update source-text entry in translations/source_queue.tsv	medium: visible layout/clipping risk	raw byte fallback candidate; inspect neighbouring Unity object if promoted
5	level5:124	ui	sleep	СПАТЬ		todo	level5:path_id=124:m_Name	type=GameObject; name=sleep; dump=level5/GameObject/124__sleep.json		add/update source-text entry in translations/source_queue.tsv	medium: visible layout/clipping risk	UnityPy typetree string
5	level5:1816	result/search	Expected results.	Ожидаемые результаты.		todo	level5:path_id=1816:raw_length_prefixed@307568	type=MonoBehaviour; name=EndingController; script=Assembly-CSharp:EndingController; gameobject=EndingController; dump=level5/MonoBehaviour/1816__EndingController.json	Calculated risk. | Everything under control. | No impact noted. || Anticipated outcomes. | Critical financial hit. | Heavy financial setback.	translations/source_queue.tsv, then rebuild XUnity dictionary	medium: visible layout/clipping risk	MonoBehaviour length-prefixed string; script=unknown:935; length=17
5	level5:1889	ui	OpenSettings			todo	level5:path_id=1889:raw_length_prefixed@321880	type=MonoBehaviour; name=Settings; script=UnityEngine.UI:UnityEngine.UI.Button; gameobject=Settings; dump=level5/MonoBehaviour/1889__Settings.json		add/update source-text entry in translations/source_queue.tsv	medium: visible layout/clipping risk	MonoBehaviour length-prefixed string; script=unknown:890; length=12
5	level5:1950	ui	You did not sleep very well.	Вы плохо поспали.		todo	level5:path_id=1950:raw_length_prefixed@346412	type=MonoBehaviour; name=GameController; script=Assembly-CSharp:game_controller; gameobject=GameController; dump=level5/MonoBehaviour/1950__GameController.json	Your friend is sleeping with the fishes. | You lost an item to the sea. | Something broke during the night. || You feel weak. | Help may be on the way...	translations/source_queue.tsv, then rebuild XUnity dictionary	medium: visible layout/clipping risk	MonoBehaviour length-prefixed string; script=unknown:1543; length=28
5	level5:1950	notification	You lost an item to the sea.	Предмет унесло в море.		todo	level5:path_id=1950:raw_length_prefixed@346340	type=MonoBehaviour; name=GameController; script=Assembly-CSharp:game_controller; gameobject=GameController; dump=level5/MonoBehaviour/1950__GameController.json	Dead by the Sea. | Your friend is sleeping with the fishes. || Something broke during the night. | You did not sleep very well. | You feel weak.	translations/source_queue.tsv, then rebuild XUnity dictionary	medium: visible layout/clipping risk	MonoBehaviour length-prefixed string; script=unknown:1543; length=28
5	level5:1950	ui	Your friend is sleeping with the fishes.	Ваш спутник спит с рыбами.		todo	level5:path_id=1950:raw_length_prefixed@346296	type=MonoBehaviour; name=GameController; script=Assembly-CSharp:game_controller; gameobject=GameController; dump=level5/MonoBehaviour/1950__GameController.json	Dead by the Sea. || You lost an item to the sea. | Something broke during the night. | You did not sleep very well.	translations/source_queue.tsv, then rebuild XUnity dictionary	medium: visible layout/clipping risk	MonoBehaviour length-prefixed string; script=unknown:1543; length=40
5	level5:385	notification	broken_plank (1)			todo	level5:path_id=385:m_Name	type=GameObject; name=broken_plank (1); dump=level5/GameObject/385__broken_plank_1.json		add/update source-text entry in translations/source_queue.tsv	medium: visible layout/clipping risk	UnityPy typetree string
5	level5:386	notification	broken_plank (1)			todo	level5:path_id=386:m_Name	type=GameObject; name=broken_plank (1); dump=level5/GameObject/386__broken_plank_1.json		add/update source-text entry in translations/source_queue.tsv	medium: visible layout/clipping risk	UnityPy typetree string
5	level5:387	notification	broken_plank (2)			todo	level5:path_id=387:m_Name	type=GameObject; name=broken_plank (2); dump=level5/GameObject/387__broken_plank_2.json		add/update source-text entry in translations/source_queue.tsv	medium: visible layout/clipping risk	UnityPy typetree string
5	level5:392	notification	broken_plank (2)			todo	level5:path_id=392:m_Name	type=GameObject; name=broken_plank (2); dump=level5/GameObject/392__broken_plank_2.json		add/update source-text entry in translations/source_queue.tsv	medium: visible layout/clipping risk	UnityPy typetree string
5	level5:45	item	fishpivot (5)			todo	level5:path_id=45:m_Name	type=GameObject; name=fishpivot (5); dump=level5/GameObject/45__fishpivot_5.json		add/update source-text entry in translations/source_queue.tsv	low/medium: verify in clean v1.1.3	UnityPy typetree string
5	level5:no_path	ui	ContinueButton			todo	level5:raw_ascii@71208	type=raw_bytes	mixamorig:RightArm | mixamorig:RightHandIndex1 | mixamorig:LeftShoulder || mixamorig:RightShoulder | Particle System | Point Light (1)	add/update source-text entry in translations/source_queue.tsv	medium: visible layout/clipping risk	raw byte fallback candidate; inspect neighbouring Unity object if promoted
5	level5:no_path	result/search	Expected results.	Ожидаемые результаты.		todo	level5:raw_ascii@307568	type=raw_bytes	Calculated risk. | Everything under control. | No impact noted. || Anticipated outcomes. | Critical financial hit. | Heavy financial setback.	translations/source_queue.tsv, then rebuild XUnity dictionary	medium: visible layout/clipping risk	raw byte fallback candidate; inspect neighbouring Unity object if promoted
5	level5:no_path	ui	OpenSettings			todo	level5:raw_ascii@321880	type=raw_bytes	Cancel | UpdateInstantClick | UpdateMousesens || FPS Player | Main Camera | A3rp	add/update source-text entry in translations/source_queue.tsv	medium: visible layout/clipping risk	raw byte fallback candidate; inspect neighbouring Unity object if promoted
5	level5:no_path	ui	SettingsFade			todo	level5:raw_ascii@74816	type=raw_bytes	mixamorig:RightHandIndex1 | Point Light | mixamorig:RightShoulder || mixamorig:RightArm | mixamorig:Hips | mixamorig:LeftHandIndex3	add/update source-text entry in translations/source_queue.tsv	medium: visible layout/clipping risk	raw byte fallback candidate; inspect neighbouring Unity object if promoted
5	level5:no_path	ui	sleep	СПАТЬ		todo	level5:raw_ascii@58724	type=raw_bytes	mixamorig:Spine1 | mixamorig:RightHand | THE BOAT || mixamorig:RightHandIndex1 | HouseSmoke | mixamorig:RightToeBase	add/update source-text entry in translations/source_queue.tsv	medium: visible layout/clipping risk	raw byte fallback candidate; inspect neighbouring Unity object if promoted
5	level5:no_path	ui	You did not sleep very well.	Вы плохо поспали.		todo	level5:raw_ascii@346412	type=raw_bytes	Your friend is sleeping with the fishes. | You lost an item to the sea.! | Something broke during the night. || You feel weak. | Help may be on the way...	translations/source_queue.tsv, then rebuild XUnity dictionary	medium: visible layout/clipping risk	raw byte fallback candidate; inspect neighbouring Unity object if promoted
5	level5:no_path	notification	You lost an item to the sea.!			todo	level5:raw_ascii@346340	type=raw_bytes	I1V | Dead by the Sea. | Your friend is sleeping with the fishes. || Something broke during the night. | You did not sleep very well. | You feel weak.	add/update source-text entry in translations/source_queue.tsv	medium: visible layout/clipping risk	raw byte fallback candidate; inspect neighbouring Unity object if promoted
5	level5:no_path	ui	Your friend is sleeping with the fishes.	Ваш спутник спит с рыбами.		todo	level5:raw_ascii@346296	type=raw_bytes	Af>tn | I1V | Dead by the Sea. || You lost an item to the sea.! | Something broke during the night. | You did not sleep very well.	translations/source_queue.tsv, then rebuild XUnity dictionary	medium: visible layout/clipping risk	raw byte fallback candidate; inspect neighbouring Unity object if promoted
5	resources.assets:164	ui	irrevocable and unconditional license to exercise Affirmer's Copyright and			todo	resources.assets:path_id=164:m_Script.line[86][0]	type=TextAsset; name=COPYING; dump=resources.assets/TextAsset/164__COPYING.txt	account Affirmer's express Statement of Purpose. In addition, to the | extent the Waiver is so judged Affirmer hereby grants to each affected | person a royalty-free, non transferable, non sublicensable, non exclusive, || Related Rights in the Work (i) in all territories worldwide, (ii) for the | maximum duration provided by applicable law or treaty (including future | time extensions), (iii) in any current or future medium and for any number	add/update source-text entry in translations/source_queue.tsv	medium: visible layout/clipping risk	TextAsset payload/string-table cell
5	resources.assets:164	ui	irrevocably and unconditionally waives, abandons, and surrenders all of			todo	resources.assets:path_id=164:m_Script.line[65][0]	type=TextAsset; name=COPYING; dump=resources.assets/TextAsset/164__COPYING.txt	implementations thereof. | 2. Waiver. To the greatest extent permitted by, but not in contravention | of, applicable law, Affirmer hereby overtly, fully, permanently, || Affirmer's Copyright and Related Rights and associated claims and causes | of action, whether now known or unknown (including existing as well as | future claims and causes of action), in the Work (i) in all territories	add/update source-text entry in translations/source_queue.tsv	medium: visible layout/clipping risk	TextAsset payload/string-table cell
5	resources.assets:164	result/search	PROVIDED HEREUNDER, AND DISCLAIMS LIABILITY FOR DAMAGES RESULTING FROM			todo	resources.assets:path_id=164:m_Script.line[10][0]	type=TextAsset; name=COPYING; dump=resources.assets/TextAsset/164__COPYING.txt	"ATTORNEY-CLIENT RELATIONSHIP. CREATIVE COMMONS PROVIDES THIS | INFORMATION ON AN ""AS-IS"" BASIS. CREATIVE COMMONS MAKES NO WARRANTIES | REGARDING THE USE OF THIS DOCUMENT OR THE INFORMATION OR WORKS || THE USE OF THIS DOCUMENT OR THE INFORMATION OR WORKS PROVIDED | HEREUNDER. | Statement of Purpose"	add/update source-text entry in translations/source_queue.tsv	medium: visible layout/clipping risk	TextAsset payload/string-table cell
5	resources.assets:1933	ui	Color Gradient Presets/			todo	resources.assets:path_id=1933:raw_length_prefixed@16018584	type=MonoBehaviour; name=TMP Settings; script=Unity.TextMeshPro:TMPro.TMP_Settings; dump=resources.assets/MonoBehaviour/1933__TMP_Settings.json	TMP Settings | TMP Settings | Sprite Assets/	add/update source-text entry in translations/source_queue.tsv	medium: visible layout/clipping risk	MonoBehaviour length-prefixed string; script=unknown:596; length=23
5	resources.assets:1933	ui	Sprite Assets/			todo	resources.assets:path_id=1933:raw_length_prefixed@16018552	type=MonoBehaviour; name=TMP Settings; script=Unity.TextMeshPro:TMPro.TMP_Settings; dump=resources.assets/MonoBehaviour/1933__TMP_Settings.json	TMP Settings | TMP Settings || Color Gradient Presets/	add/update source-text entry in translations/source_queue.tsv	medium: visible layout/clipping risk	MonoBehaviour length-prefixed string; script=unknown:596; length=14
5	resources.assets:1933	ui	TMP Settings			todo	resources.assets:path_id=1933:m_Name	type=MonoBehaviour; name=TMP Settings; script=Unity.TextMeshPro:TMPro.TMP_Settings; dump=resources.assets/MonoBehaviour/1933__TMP_Settings.json	TMP Settings | Sprite Assets/ | Color Gradient Presets/	add/update source-text entry in translations/source_queue.tsv	medium: visible layout/clipping risk	UnityPy typetree string
5	resources.assets:1933	ui	TMP Settings			todo	resources.assets:path_id=1933:raw_length_prefixed@16018384	type=MonoBehaviour; name=TMP Settings; script=Unity.TextMeshPro:TMPro.TMP_Settings; dump=resources.assets/MonoBehaviour/1933__TMP_Settings.json	TMP Settings || Sprite Assets/ | Color Gradient Presets/	add/update source-text entry in translations/source_queue.tsv	medium: visible layout/clipping risk	MonoBehaviour length-prefixed string; script=unknown:596; length=12
5	resources.assets:2056	item	Option A			todo	resources.assets:path_id=2056:raw_length_prefixed@16055396	type=MonoBehaviour; name=Item Label; script=UnityEngine.UI:UnityEngine.UI.Text; gameobject=Item Label; dump=resources.assets/MonoBehaviour/2056__Item_Label.json		add/update source-text entry in translations/source_queue.tsv	low/medium: verify in clean v1.1.3	MonoBehaviour length-prefixed string; script=unknown:1024; length=8
5	resources.assets:2373	item	OnScrollbarClicked			todo	resources.assets:path_id=2373:raw_length_prefixed@16151280	type=MonoBehaviour; name=Scrollbar Horizontal; script=UnityEngine.UI:UnityEngine.EventSystems.EventTrigger; gameobject=Scrollbar Horizontal; dump=resources.assets/MonoBehaviour/2373__Scrollbar_Horizontal.json		add/update source-text entry in translations/source_queue.tsv	low/medium: verify in clean v1.1.3	MonoBehaviour length-prefixed string; script=unknown:1895; length=18
5	resources.assets:247	ui	Arrow Closed			todo	resources.assets:path_id=247:m_Name	type=GameObject; name=Arrow Closed; dump=resources.assets/GameObject/247__Arrow_Closed.json		add/update source-text entry in translations/source_queue.tsv	medium: visible layout/clipping risk	UnityPy typetree string
5	resources.assets:248	ui	Arrow Closed			todo	resources.assets:path_id=248:m_Name	type=GameObject; name=Arrow Closed; dump=resources.assets/GameObject/248__Arrow_Closed.json		add/update source-text entry in translations/source_queue.tsv	medium: visible layout/clipping risk	UnityPy typetree string
5	resources.assets:254	ui	Arrow Closed			todo	resources.assets:path_id=254:m_Name	type=GameObject; name=Arrow Closed; dump=resources.assets/GameObject/254__Arrow_Closed.json		add/update source-text entry in translations/source_queue.tsv	medium: visible layout/clipping risk	UnityPy typetree string
5	resources.assets:2544	item	OnScrollbarClicked			todo	resources.assets:path_id=2544:raw_length_prefixed@16195360	type=MonoBehaviour; name=Scrollbar Vertical; script=UnityEngine.UI:UnityEngine.EventSystems.EventTrigger; gameobject=Scrollbar Vertical; dump=resources.assets/MonoBehaviour/2544__Scrollbar_Vertical.json		add/update source-text entry in translations/source_queue.tsv	low/medium: verify in clean v1.1.3	MonoBehaviour length-prefixed string; script=unknown:1895; length=18
5	resources.assets:340	ui	Arrow Closed			todo	resources.assets:path_id=340:m_Name	type=GameObject; name=Arrow Closed; dump=resources.assets/GameObject/340__Arrow_Closed.json		add/update source-text entry in translations/source_queue.tsv	medium: visible layout/clipping risk	UnityPy typetree string
5	resources.assets:345	ui	Arrow Closed			todo	resources.assets:path_id=345:m_Name	type=GameObject; name=Arrow Closed; dump=resources.assets/GameObject/345__Arrow_Closed.json		add/update source-text entry in translations/source_queue.tsv	medium: visible layout/clipping risk	UnityPy typetree string
5	resources.assets:398	ui	Arrow Closed			todo	resources.assets:path_id=398:m_Name	type=GameObject; name=Arrow Closed; dump=resources.assets/GameObject/398__Arrow_Closed.json		add/update source-text entry in translations/source_queue.tsv	medium: visible layout/clipping risk	UnityPy typetree string
5	resources.assets:691	ui	Arrow Closed			todo	resources.assets:path_id=691:m_Name	type=GameObject; name=Arrow Closed; dump=resources.assets/GameObject/691__Arrow_Closed.json		add/update source-text entry in translations/source_queue.tsv	medium: visible layout/clipping risk	UnityPy typetree string
5	resources.assets:692	ui	Arrow Closed			todo	resources.assets:path_id=692:m_Name	type=GameObject; name=Arrow Closed; dump=resources.assets/GameObject/692__Arrow_Closed.json		add/update source-text entry in translations/source_queue.tsv	medium: visible layout/clipping risk	UnityPy typetree string
5	resources.assets:no_path	ui	SettingsIcon			todo	resources.assets:raw_ascii@3342740	type=raw_bytes	Weather Icon 5 | Weather Icon 8 | Moon Phase 6 || LiberationSans SDF Atlas | LiberationSans SDF Atlas | PU?Op	add/update source-text entry in translations/source_queue.tsv	medium: visible layout/clipping risk	raw byte fallback candidate; inspect neighbouring Unity object if promoted
5	resources.assets:no_path	ui	UIFoldoutClosed			todo	resources.assets:raw_ascii@3337220	type=raw_bytes	Weather Icon 3 | Moon Phase 3 | ParticleFlare || Lightning Bolt | Moon Phase 5 | Weather Icon 10	add/update source-text entry in translations/source_queue.tsv	medium: visible layout/clipping risk	raw byte fallback candidate; inspect neighbouring Unity object if promoted
5	sharedassets1.assets:390	item	Hand over diving gear?	Отдать снаряжение?		todo	sharedassets1.assets:path_id=390:raw_length_prefixed@7284436	type=MonoBehaviour; name=help_explore_scuba_01; script=Assembly-CSharp:dialogue_object; dump=sharedassets1.assets/MonoBehaviour/390__help_explore_scuba_01.json	help_explore_scuba_01	translations/source_queue.tsv, then rebuild XUnity dictionary	low/medium: verify in clean v1.1.3	MonoBehaviour length-prefixed string; script=unknown:2251; length=22
5	sharedassets1.assets:418	item	Give fishnet?	Отдать сеть?		todo	sharedassets1.assets:path_id=418:raw_length_prefixed@7297020	type=MonoBehaviour; name=help_found_net_01; script=Assembly-CSharp:dialogue_object; dump=sharedassets1.assets/MonoBehaviour/418__help_found_net_01.json	help_found_net_01	translations/source_queue.tsv, then rebuild XUnity dictionary	low/medium: verify in clean v1.1.3	MonoBehaviour length-prefixed string; script=unknown:2251; length=13
5	sharedassets1.assets:494	ui	sleep	СПАТЬ		todo	sharedassets1.assets:path_id=494:m_Name	type=MonoBehaviour; name=sleep; script=Assembly-CSharp:ItemScript; dump=sharedassets1.assets/MonoBehaviour/494__sleep.json	sleep | sleep	add/update source-text entry in translations/source_queue.tsv	medium: visible layout/clipping risk	UnityPy typetree string
5	sharedassets1.assets:494	ui	sleep	СПАТЬ		todo	sharedassets1.assets:path_id=494:raw_length_prefixed@7316944	type=MonoBehaviour; name=sleep; script=Assembly-CSharp:ItemScript; dump=sharedassets1.assets/MonoBehaviour/494__sleep.json	sleep || sleep	add/update source-text entry in translations/source_queue.tsv	medium: visible layout/clipping risk	MonoBehaviour length-prefixed string; script=unknown:1219; length=5
5	sharedassets1.assets:494	ui	sleep	СПАТЬ		todo	sharedassets1.assets:path_id=494:raw_length_prefixed@7316956	type=MonoBehaviour; name=sleep; script=Assembly-CSharp:ItemScript; dump=sharedassets1.assets/MonoBehaviour/494__sleep.json	sleep | sleep	add/update source-text entry in translations/source_queue.tsv	medium: visible layout/clipping risk	MonoBehaviour length-prefixed string; script=unknown:1219; length=5
5	sharedassets1.assets:505	ui	sleep	СПАТЬ		todo	sharedassets1.assets:path_id=505:raw_length_prefixed@7318336	type=MonoBehaviour; name=BigWaves; script=Assembly-CSharp:NightEventScript; dump=sharedassets1.assets/MonoBehaviour/505__BigWaves.json	BigWaves || sleep	add/update source-text entry in translations/source_queue.tsv	medium: visible layout/clipping risk	MonoBehaviour length-prefixed string; script=unknown:992; length=5
5	sharedassets1.assets:505	ui	sleep	СПАТЬ		todo	sharedassets1.assets:path_id=505:raw_length_prefixed@7318444	type=MonoBehaviour; name=BigWaves; script=Assembly-CSharp:NightEventScript; dump=sharedassets1.assets/MonoBehaviour/505__BigWaves.json	BigWaves | sleep	add/update source-text entry in translations/source_queue.tsv	medium: visible layout/clipping risk	MonoBehaviour length-prefixed string; script=unknown:992; length=5
5	sharedassets1.assets:506	ui	sleep	СПАТЬ		todo	sharedassets1.assets:path_id=506:raw_length_prefixed@7319040	type=MonoBehaviour; name=BoatLeak; script=Assembly-CSharp:NightEventScript; dump=sharedassets1.assets/MonoBehaviour/506__BoatLeak.json	BoatLeak || sleep	add/update source-text entry in translations/source_queue.tsv	medium: visible layout/clipping risk	MonoBehaviour length-prefixed string; script=unknown:992; length=5
5	sharedassets1.assets:506	ui	sleep	СПАТЬ		todo	sharedassets1.assets:path_id=506:raw_length_prefixed@7319160	type=MonoBehaviour; name=BoatLeak; script=Assembly-CSharp:NightEventScript; dump=sharedassets1.assets/MonoBehaviour/506__BoatLeak.json	BoatLeak | sleep	add/update source-text entry in translations/source_queue.tsv	medium: visible layout/clipping risk	MonoBehaviour length-prefixed string; script=unknown:992; length=5
5	sharedassets1.assets:507	ui	sleep	СПАТЬ		todo	sharedassets1.assets:path_id=507:raw_length_prefixed@7320068	type=MonoBehaviour; name=DangerousWater; script=Assembly-CSharp:NightEventScript; dump=sharedassets1.assets/MonoBehaviour/507__DangerousWater.json	DangerousWater	add/update source-text entry in translations/source_queue.tsv	medium: visible layout/clipping risk	MonoBehaviour length-prefixed string; script=unknown:992; length=5
5	sharedassets1.assets:508	item	FishIntoBoat			todo	sharedassets1.assets:path_id=508:m_Name	type=MonoBehaviour; name=FishIntoBoat; script=Assembly-CSharp:NightEventScript; dump=sharedassets1.assets/MonoBehaviour/508__FishIntoBoat.json	FishIntoBoat | sleep | Check the back?	add/update source-text entry in translations/source_queue.tsv	low/medium: verify in clean v1.1.3	UnityPy typetree string
5	sharedassets1.assets:508	item	FishIntoBoat			todo	sharedassets1.assets:path_id=508:raw_length_prefixed@7320288	type=MonoBehaviour; name=FishIntoBoat; script=Assembly-CSharp:NightEventScript; dump=sharedassets1.assets/MonoBehaviour/508__FishIntoBoat.json	FishIntoBoat || sleep | Check the back?	add/update source-text entry in translations/source_queue.tsv	low/medium: verify in clean v1.1.3	MonoBehaviour length-prefixed string; script=unknown:992; length=12
5	sharedassets1.assets:508	item	sleep	СПАТЬ		todo	sharedassets1.assets:path_id=508:raw_length_prefixed@7320596	type=MonoBehaviour; name=FishIntoBoat; script=Assembly-CSharp:NightEventScript; dump=sharedassets1.assets/MonoBehaviour/508__FishIntoBoat.json	FishIntoBoat | FishIntoBoat || Check the back?	add/update source-text entry in translations/source_queue.tsv	low/medium: verify in clean v1.1.3	MonoBehaviour length-prefixed string; script=unknown:992; length=5
5	sharedassets1.assets:509	ui	sleep	СПАТЬ		todo	sharedassets1.assets:path_id=509:raw_length_prefixed@7321316	type=MonoBehaviour; name=FriendSick; script=Assembly-CSharp:NightEventScript; dump=sharedassets1.assets/MonoBehaviour/509__FriendSick.json	FriendSick | FriendSick	add/update source-text entry in translations/source_queue.tsv	medium: visible layout/clipping risk	MonoBehaviour length-prefixed string; script=unknown:992; length=5
5	sharedassets1.assets:510	ui	sleep	СПАТЬ		todo	sharedassets1.assets:path_id=510:raw_length_prefixed@7321796	type=MonoBehaviour; name=MessageBottleComes; script=Assembly-CSharp:NightEventScript; dump=sharedassets1.assets/MonoBehaviour/510__MessageBottleComes.json	MessageBottleComes	add/update source-text entry in translations/source_queue.tsv	medium: visible layout/clipping risk	MonoBehaviour length-prefixed string; script=unknown:992; length=5
5	sharedassets1.assets:512	ui	sleep	СПАТЬ		todo	sharedassets1.assets:path_id=512:raw_length_prefixed@7322932	type=MonoBehaviour; name=Rain; script=Assembly-CSharp:NightEventScript; dump=sharedassets1.assets/MonoBehaviour/512__Rain.json	Rain || sleep	add/update source-text entry in translations/source_queue.tsv	medium: visible layout/clipping risk	MonoBehaviour length-prefixed string; script=unknown:992; length=5
5	sharedassets1.assets:512	ui	sleep	СПАТЬ		todo	sharedassets1.assets:path_id=512:raw_length_prefixed@7322988	type=MonoBehaviour; name=Rain; script=Assembly-CSharp:NightEventScript; dump=sharedassets1.assets/MonoBehaviour/512__Rain.json	Rain | sleep	add/update source-text entry in translations/source_queue.tsv	medium: visible layout/clipping risk	MonoBehaviour length-prefixed string; script=unknown:992; length=5
5	sharedassets1.assets:513	ui	sleep	СПАТЬ		todo	sharedassets1.assets:path_id=513:raw_length_prefixed@7324364	type=MonoBehaviour; name=RainStorm; script=Assembly-CSharp:NightEventScript; dump=sharedassets1.assets/MonoBehaviour/513__RainStorm.json	RainStorm || sleep	add/update source-text entry in translations/source_queue.tsv	medium: visible layout/clipping risk	MonoBehaviour length-prefixed string; script=unknown:992; length=5
5	sharedassets1.assets:513	ui	sleep	СПАТЬ		todo	sharedassets1.assets:path_id=513:raw_length_prefixed@7324500	type=MonoBehaviour; name=RainStorm; script=Assembly-CSharp:NightEventScript; dump=sharedassets1.assets/MonoBehaviour/513__RainStorm.json	RainStorm | sleep	add/update source-text entry in translations/source_queue.tsv	medium: visible layout/clipping risk	MonoBehaviour length-prefixed string; script=unknown:992; length=5
5	sharedassets1.assets:514	ui	sleep	СПАТЬ		todo	sharedassets1.assets:path_id=514:raw_length_prefixed@7325204	type=MonoBehaviour; name=SeagullOnBoat; script=Assembly-CSharp:NightEventScript; dump=sharedassets1.assets/MonoBehaviour/514__SeagullOnBoat.json	SeagullOnBoat	add/update source-text entry in translations/source_queue.tsv	medium: visible layout/clipping risk	MonoBehaviour length-prefixed string; script=unknown:992; length=5
5	sharedassets1.assets:515	item	sleep	СПАТЬ		todo	sharedassets1.assets:path_id=515:raw_length_prefixed@7326240	type=MonoBehaviour; name=SleepingUnwell; script=Assembly-CSharp:NightEventScript; dump=sharedassets1.assets/MonoBehaviour/515__SleepingUnwell.json	SleepingUnwell | SleepingUnwell	add/update source-text entry in translations/source_queue.tsv	low/medium: verify in clean v1.1.3	MonoBehaviour length-prefixed string; script=unknown:992; length=5
5	sharedassets1.assets:515	item	SleepingUnwell			todo	sharedassets1.assets:path_id=515:m_Name	type=MonoBehaviour; name=SleepingUnwell; script=Assembly-CSharp:NightEventScript; dump=sharedassets1.assets/MonoBehaviour/515__SleepingUnwell.json	SleepingUnwell | sleep	add/update source-text entry in translations/source_queue.tsv	low/medium: verify in clean v1.1.3	UnityPy typetree string
5	sharedassets1.assets:515	item	SleepingUnwell			todo	sharedassets1.assets:path_id=515:raw_length_prefixed@7325728	type=MonoBehaviour; name=SleepingUnwell; script=Assembly-CSharp:NightEventScript; dump=sharedassets1.assets/MonoBehaviour/515__SleepingUnwell.json	SleepingUnwell || sleep	add/update source-text entry in translations/source_queue.tsv	low/medium: verify in clean v1.1.3	MonoBehaviour length-prefixed string; script=unknown:992; length=14
5	sharedassets1.assets:516	ui	sleep	СПАТЬ		todo	sharedassets1.assets:path_id=516:raw_length_prefixed@7326732	type=MonoBehaviour; name=WeirdFlowers; script=Assembly-CSharp:NightEventScript; dump=sharedassets1.assets/MonoBehaviour/516__WeirdFlowers.json	WeirdFlowers	add/update source-text entry in translations/source_queue.tsv	medium: visible layout/clipping risk	MonoBehaviour length-prefixed string; script=unknown:992; length=5
5	sharedassets1.assets:517	ui	sleep	СПАТЬ		todo	sharedassets1.assets:path_id=517:raw_length_prefixed@7326972	type=MonoBehaviour; name=Windy; script=Assembly-CSharp:NightEventScript; dump=sharedassets1.assets/MonoBehaviour/517__Windy.json	Windy || sleep	add/update source-text entry in translations/source_queue.tsv	medium: visible layout/clipping risk	MonoBehaviour length-prefixed string; script=unknown:992; length=5
5	sharedassets1.assets:517	ui	sleep	СПАТЬ		todo	sharedassets1.assets:path_id=517:raw_length_prefixed@7327072	type=MonoBehaviour; name=Windy; script=Assembly-CSharp:NightEventScript; dump=sharedassets1.assets/MonoBehaviour/517__Windy.json	Windy | sleep	add/update source-text entry in translations/source_queue.tsv	medium: visible layout/clipping risk	MonoBehaviour length-prefixed string; script=unknown:992; length=5
5	sharedassets1.assets:518	result/search	Found by cargo ship.	Найден грузовым судном.		todo	sharedassets1.assets:path_id=518:raw_length_prefixed@7328404	type=MonoBehaviour; name=BoatInDistance; script=Assembly-CSharp:NightEventScript; dump=sharedassets1.assets/MonoBehaviour/518__BoatInDistance.json	BoatInDistance | sleep	translations/source_queue.tsv, then rebuild XUnity dictionary	medium: visible layout/clipping risk	MonoBehaviour length-prefixed string; script=unknown:992; length=20
5	sharedassets1.assets:518	ui	sleep	СПАТЬ		todo	sharedassets1.assets:path_id=518:raw_length_prefixed@7328240	type=MonoBehaviour; name=BoatInDistance; script=Assembly-CSharp:NightEventScript; dump=sharedassets1.assets/MonoBehaviour/518__BoatInDistance.json	BoatInDistance || Found by cargo ship.	add/update source-text entry in translations/source_queue.tsv	medium: visible layout/clipping risk	MonoBehaviour length-prefixed string; script=unknown:992; length=5
5	sharedassets1.assets:519	item	FishSquad			todo	sharedassets1.assets:path_id=519:m_Name	type=MonoBehaviour; name=FishSquad; script=Assembly-CSharp:NightEventScript; dump=sharedassets1.assets/MonoBehaviour/519__FishSquad.json	FishSquad | sleep	add/update source-text entry in translations/source_queue.tsv	low/medium: verify in clean v1.1.3	UnityPy typetree string
5	sharedassets1.assets:519	item	FishSquad			todo	sharedassets1.assets:path_id=519:raw_length_prefixed@7328464	type=MonoBehaviour; name=FishSquad; script=Assembly-CSharp:NightEventScript; dump=sharedassets1.assets/MonoBehaviour/519__FishSquad.json	FishSquad || sleep	add/update source-text entry in translations/source_queue.tsv	low/medium: verify in clean v1.1.3	MonoBehaviour length-prefixed string; script=unknown:992; length=9
5	sharedassets1.assets:519	item	sleep	СПАТЬ		todo	sharedassets1.assets:path_id=519:raw_length_prefixed@7328916	type=MonoBehaviour; name=FishSquad; script=Assembly-CSharp:NightEventScript; dump=sharedassets1.assets/MonoBehaviour/519__FishSquad.json	FishSquad | FishSquad	add/update source-text entry in translations/source_queue.tsv	low/medium: verify in clean v1.1.3	MonoBehaviour length-prefixed string; script=unknown:992; length=5
5	sharedassets1.assets:520	ui	sleep	СПАТЬ		todo	sharedassets1.assets:path_id=520:raw_length_prefixed@7329496	type=MonoBehaviour; name=GhostlyFIgures; script=Assembly-CSharp:NightEventScript; dump=sharedassets1.assets/MonoBehaviour/520__GhostlyFIgures.json	GhostlyFIgures	add/update source-text entry in translations/source_queue.tsv	medium: visible layout/clipping risk	MonoBehaviour length-prefixed string; script=unknown:992; length=5
5	sharedassets1.assets:521	ui	sleep	СПАТЬ		todo	sharedassets1.assets:path_id=521:raw_length_prefixed@7330344	type=MonoBehaviour; name=IslandSmall; script=Assembly-CSharp:NightEventScript; dump=sharedassets1.assets/MonoBehaviour/521__IslandSmall.json	IslandSmall | chest | bait || Visit the small island? | Mistook for a coconut.	add/update source-text entry in translations/source_queue.tsv	medium: visible layout/clipping risk	MonoBehaviour length-prefixed string; script=unknown:992; length=5
5	sharedassets1.assets:522	item	Eaten alive.	Съеден заживо.		todo	sharedassets1.assets:path_id=522:raw_length_prefixed@7332224	type=MonoBehaviour; name=MonsterFish; script=Assembly-CSharp:NightEventScript; dump=sharedassets1.assets/MonoBehaviour/522__MonsterFish.json	MonsterFish | MonsterFish | sleep	translations/source_queue.tsv, then rebuild XUnity dictionary	low/medium: verify in clean v1.1.3	MonoBehaviour length-prefixed string; script=unknown:992; length=12
5	sharedassets1.assets:522	item	MonsterFish			todo	sharedassets1.assets:path_id=522:m_Name	type=MonoBehaviour; name=MonsterFish; script=Assembly-CSharp:NightEventScript; dump=sharedassets1.assets/MonoBehaviour/522__MonsterFish.json	MonsterFish | sleep | Eaten alive.	add/update source-text entry in translations/source_queue.tsv	low/medium: verify in clean v1.1.3	UnityPy typetree string
5	sharedassets1.assets:522	item	MonsterFish			todo	sharedassets1.assets:path_id=522:raw_length_prefixed@7330912	type=MonoBehaviour; name=MonsterFish; script=Assembly-CSharp:NightEventScript; dump=sharedassets1.assets/MonoBehaviour/522__MonsterFish.json	MonsterFish || sleep | Eaten alive.	add/update source-text entry in translations/source_queue.tsv	low/medium: verify in clean v1.1.3	MonoBehaviour length-prefixed string; script=unknown:992; length=11
5	sharedassets1.assets:522	item	sleep	СПАТЬ		todo	sharedassets1.assets:path_id=522:raw_length_prefixed@7331496	type=MonoBehaviour; name=MonsterFish; script=Assembly-CSharp:NightEventScript; dump=sharedassets1.assets/MonoBehaviour/522__MonsterFish.json	MonsterFish | MonsterFish || Eaten alive.	add/update source-text entry in translations/source_queue.tsv	low/medium: verify in clean v1.1.3	MonoBehaviour length-prefixed string; script=unknown:992; length=5
5	sharedassets1.assets:523	item	Became chest loot.	Стал добычей сундука.		todo	sharedassets1.assets:path_id=523:raw_length_prefixed@7332720	type=MonoBehaviour; name=MysteryChest; script=Assembly-CSharp:NightEventScript; dump=sharedassets1.assets/MonoBehaviour/523__MysteryChest.json	MysteryChest | sleep | Pick up chest?	translations/source_queue.tsv, then rebuild XUnity dictionary	low/medium: verify in clean v1.1.3	MonoBehaviour length-prefixed string; script=unknown:992; length=18
5	sharedassets1.assets:523	item	MysteryChest			todo	sharedassets1.assets:path_id=523:m_Name	type=MonoBehaviour; name=MysteryChest; script=Assembly-CSharp:NightEventScript; dump=sharedassets1.assets/MonoBehaviour/523__MysteryChest.json	MysteryChest | sleep | Pick up chest?	add/update source-text entry in translations/source_queue.tsv	low/medium: verify in clean v1.1.3	UnityPy typetree string
5	sharedassets1.assets:523	item	MysteryChest			todo	sharedassets1.assets:path_id=523:raw_length_prefixed@7332272	type=MonoBehaviour; name=MysteryChest; script=Assembly-CSharp:NightEventScript; dump=sharedassets1.assets/MonoBehaviour/523__MysteryChest.json	MysteryChest || sleep | Pick up chest? | Became chest loot.	add/update source-text entry in translations/source_queue.tsv	low/medium: verify in clean v1.1.3	MonoBehaviour length-prefixed string; script=unknown:992; length=12
5	sharedassets1.assets:523	item	sleep	СПАТЬ		todo	sharedassets1.assets:path_id=523:raw_length_prefixed@7332548	type=MonoBehaviour; name=MysteryChest; script=Assembly-CSharp:NightEventScript; dump=sharedassets1.assets/MonoBehaviour/523__MysteryChest.json	MysteryChest | MysteryChest || Pick up chest? | Became chest loot.	add/update source-text entry in translations/source_queue.tsv	low/medium: verify in clean v1.1.3	MonoBehaviour length-prefixed string; script=unknown:992; length=5
5	sharedassets1.assets:524	item	Mauled to death.	Растерзан.		todo	sharedassets1.assets:path_id=524:raw_length_prefixed@7333608	type=MonoBehaviour; name=SmallMonsterFishes; script=Assembly-CSharp:NightEventScript; dump=sharedassets1.assets/MonoBehaviour/524__SmallMonsterFishes.json	SmallMonsterFishes | bait | sleep	translations/source_queue.tsv, then rebuild XUnity dictionary	low/medium: verify in clean v1.1.3	MonoBehaviour length-prefixed string; script=unknown:992; length=16
5	sharedassets1.assets:524	item	sleep	СПАТЬ		todo	sharedassets1.assets:path_id=524:raw_length_prefixed@7333332	type=MonoBehaviour; name=SmallMonsterFishes; script=Assembly-CSharp:NightEventScript; dump=sharedassets1.assets/MonoBehaviour/524__SmallMonsterFishes.json	SmallMonsterFishes | SmallMonsterFishes | bait || Mauled to death.	add/update source-text entry in translations/source_queue.tsv	low/medium: verify in clean v1.1.3	MonoBehaviour length-prefixed string; script=unknown:992; length=5
5	sharedassets1.assets:524	item	SmallMonsterFishes			todo	sharedassets1.assets:path_id=524:m_Name	type=MonoBehaviour; name=SmallMonsterFishes; script=Assembly-CSharp:NightEventScript; dump=sharedassets1.assets/MonoBehaviour/524__SmallMonsterFishes.json	SmallMonsterFishes | bait | sleep	add/update source-text entry in translations/source_queue.tsv	low/medium: verify in clean v1.1.3	UnityPy typetree string
5	sharedassets1.assets:524	item	SmallMonsterFishes			todo	sharedassets1.assets:path_id=524:raw_length_prefixed@7332784	type=MonoBehaviour; name=SmallMonsterFishes; script=Assembly-CSharp:NightEventScript; dump=sharedassets1.assets/MonoBehaviour/524__SmallMonsterFishes.json	SmallMonsterFishes || bait | sleep | Mauled to death.	add/update source-text entry in translations/source_queue.tsv	low/medium: verify in clean v1.1.3	MonoBehaviour length-prefixed string; script=unknown:992; length=18
5	sharedassets1.assets:526	ui	sleep	СПАТЬ		todo	sharedassets1.assets:path_id=526:raw_length_prefixed@7334908	type=MonoBehaviour; name=TheFog; script=Assembly-CSharp:NightEventScript; dump=sharedassets1.assets/MonoBehaviour/526__TheFog.json	TheFog || The fog came.	add/update source-text entry in translations/source_queue.tsv	medium: visible layout/clipping risk	MonoBehaviour length-prefixed string; script=unknown:992; length=5
5	sharedassets1.assets:527	ui	sleep	СПАТЬ		todo	sharedassets1.assets:path_id=527:raw_length_prefixed@7335700	type=MonoBehaviour; name=Vortex; script=Assembly-CSharp:NightEventScript; dump=sharedassets1.assets/MonoBehaviour/527__Vortex.json	Vortex || sleep	add/update source-text entry in translations/source_queue.tsv	medium: visible layout/clipping risk	MonoBehaviour length-prefixed string; script=unknown:992; length=5
5	sharedassets1.assets:527	ui	sleep	СПАТЬ		todo	sharedassets1.assets:path_id=527:raw_length_prefixed@7335808	type=MonoBehaviour; name=Vortex; script=Assembly-CSharp:NightEventScript; dump=sharedassets1.assets/MonoBehaviour/527__Vortex.json	Vortex | sleep	add/update source-text entry in translations/source_queue.tsv	medium: visible layout/clipping risk	MonoBehaviour length-prefixed string; script=unknown:992; length=5
5	sharedassets1.assets:528	ui	sleep	СПАТЬ		todo	sharedassets1.assets:path_id=528:raw_length_prefixed@7336624	type=MonoBehaviour; name=BloodredWater; script=Assembly-CSharp:NightEventScript; dump=sharedassets1.assets/MonoBehaviour/528__BloodredWater.json	BloodredWater || Sharing blood with the sea.	add/update source-text entry in translations/source_queue.tsv	medium: visible layout/clipping risk	MonoBehaviour length-prefixed string; script=unknown:992; length=5
5	sharedassets1.assets:529	result/search	Found by cargo ship.	Найден грузовым судном.		todo	sharedassets1.assets:path_id=529:raw_length_prefixed@7337332	type=MonoBehaviour; name=Boat_CanSave; script=Assembly-CSharp:NightEventScript; dump=sharedassets1.assets/MonoBehaviour/529__Boat_CanSave.json	Boat_CanSave | sleep	translations/source_queue.tsv, then rebuild XUnity dictionary	medium: visible layout/clipping risk	MonoBehaviour length-prefixed string; script=unknown:992; length=20
5	sharedassets1.assets:529	ui	sleep	СПАТЬ		todo	sharedassets1.assets:path_id=529:raw_length_prefixed@7337168	type=MonoBehaviour; name=Boat_CanSave; script=Assembly-CSharp:NightEventScript; dump=sharedassets1.assets/MonoBehaviour/529__Boat_CanSave.json	Boat_CanSave || Found by cargo ship.	add/update source-text entry in translations/source_queue.tsv	medium: visible layout/clipping risk	MonoBehaviour length-prefixed string; script=unknown:992; length=5
5	sharedassets1.assets:530	item	Became chest loot.	Стал добычей сундука.		todo	sharedassets1.assets:path_id=530:raw_length_prefixed@7338092	type=MonoBehaviour; name=ChestAttack; script=Assembly-CSharp:NightEventScript; dump=sharedassets1.assets/MonoBehaviour/530__ChestAttack.json	ChestAttack | ChestAttack | sleep	translations/source_queue.tsv, then rebuild XUnity dictionary	low/medium: verify in clean v1.1.3	MonoBehaviour length-prefixed string; script=unknown:992; length=18
5	sharedassets1.assets:530	item	ChestAttack			todo	sharedassets1.assets:path_id=530:m_Name	type=MonoBehaviour; name=ChestAttack; script=Assembly-CSharp:NightEventScript; dump=sharedassets1.assets/MonoBehaviour/530__ChestAttack.json	ChestAttack | sleep | Became chest loot.	add/update source-text entry in translations/source_queue.tsv	low/medium: verify in clean v1.1.3	UnityPy typetree string
5	sharedassets1.assets:530	item	ChestAttack			todo	sharedassets1.assets:path_id=530:raw_length_prefixed@7337392	type=MonoBehaviour; name=ChestAttack; script=Assembly-CSharp:NightEventScript; dump=sharedassets1.assets/MonoBehaviour/530__ChestAttack.json	ChestAttack || sleep | Became chest loot.	add/update source-text entry in translations/source_queue.tsv	low/medium: verify in clean v1.1.3	MonoBehaviour length-prefixed string; script=unknown:992; length=11
5	sharedassets1.assets:530	item	sleep	СПАТЬ		todo	sharedassets1.assets:path_id=530:raw_length_prefixed@7337780	type=MonoBehaviour; name=ChestAttack; script=Assembly-CSharp:NightEventScript; dump=sharedassets1.assets/MonoBehaviour/530__ChestAttack.json	ChestAttack | ChestAttack || Became chest loot.	add/update source-text entry in translations/source_queue.tsv	low/medium: verify in clean v1.1.3	MonoBehaviour length-prefixed string; script=unknown:992; length=5
5	sharedassets1.assets:531	result/search	Found by the company.	Найден компанией.		todo	sharedassets1.assets:path_id=531:raw_length_prefixed@7338776	type=MonoBehaviour; name=FarAirplane; script=Assembly-CSharp:NightEventScript; dump=sharedassets1.assets/MonoBehaviour/531__FarAirplane.json	FarAirplane | sleep	translations/source_queue.tsv, then rebuild XUnity dictionary	medium: visible layout/clipping risk	MonoBehaviour length-prefixed string; script=unknown:992; length=21
5	sharedassets1.assets:531	ui	sleep	СПАТЬ		todo	sharedassets1.assets:path_id=531:raw_length_prefixed@7338620	type=MonoBehaviour; name=FarAirplane; script=Assembly-CSharp:NightEventScript; dump=sharedassets1.assets/MonoBehaviour/531__FarAirplane.json	FarAirplane || Found by the company.	add/update source-text entry in translations/source_queue.tsv	medium: visible layout/clipping risk	MonoBehaviour length-prefixed string; script=unknown:992; length=5
5	sharedassets1.assets:532	ui	sleep	СПАТЬ		todo	sharedassets1.assets:path_id=532:raw_length_prefixed@7339808	type=MonoBehaviour; name=HandyMan; script=Assembly-CSharp:NightEventScript; dump=sharedassets1.assets/MonoBehaviour/532__HandyMan.json	HandyMan || Grabbed into stomatch.	add/update source-text entry in translations/source_queue.tsv	medium: visible layout/clipping risk	MonoBehaviour length-prefixed string; script=unknown:992; length=5
5	sharedassets1.assets:533	ui	sleep	СПАТЬ		todo	sharedassets1.assets:path_id=533:raw_length_prefixed@7340304	type=MonoBehaviour; name=SeaWatcher; script=Assembly-CSharp:NightEventScript; dump=sharedassets1.assets/MonoBehaviour/533__SeaWatcher.json	SeaWatcher || sleep | Stay awake? | Were being watched.	add/update source-text entry in translations/source_queue.tsv	medium: visible layout/clipping risk	MonoBehaviour length-prefixed string; script=unknown:992; length=5
5	sharedassets1.assets:533	ui	sleep	СПАТЬ		todo	sharedassets1.assets:path_id=533:raw_length_prefixed@7340372	type=MonoBehaviour; name=SeaWatcher; script=Assembly-CSharp:NightEventScript; dump=sharedassets1.assets/MonoBehaviour/533__SeaWatcher.json	SeaWatcher | sleep || Stay awake? | Were being watched.	add/update source-text entry in translations/source_queue.tsv	medium: visible layout/clipping risk	MonoBehaviour length-prefixed string; script=unknown:992; length=5
5	sharedassets1.assets:534	ui	sleep	СПАТЬ		todo	sharedassets1.assets:path_id=534:raw_length_prefixed@7341440	type=MonoBehaviour; name=SharkMen; script=Assembly-CSharp:NightEventScript; dump=sharedassets1.assets/MonoBehaviour/534__SharkMen.json	SharkMen || Torn into pieces.	add/update source-text entry in translations/source_queue.tsv	medium: visible layout/clipping risk	MonoBehaviour length-prefixed string; script=unknown:992; length=5
5	sharedassets1.assets:535	ui	sleep	СПАТЬ		todo	sharedassets1.assets:path_id=535:raw_length_prefixed@7342176	type=MonoBehaviour; name=Siren; script=Assembly-CSharp:NightEventScript; dump=sharedassets1.assets/MonoBehaviour/535__Siren.json	Siren || Dragged to the seafloor.	add/update source-text entry in translations/source_queue.tsv	medium: visible layout/clipping risk	MonoBehaviour length-prefixed string; script=unknown:992; length=5
5	sharedassets1.assets:541	result/search	Found by the company.	Найден компанией.		todo	sharedassets1.assets:path_id=541:raw_length_prefixed@7345104	type=MonoBehaviour; name=AirPlane_CanSave; script=Assembly-CSharp:NightEventScript; dump=sharedassets1.assets/MonoBehaviour/541__AirPlane_CanSave.json	AirPlane_CanSave | sleep	translations/source_queue.tsv, then rebuild XUnity dictionary	medium: visible layout/clipping risk	MonoBehaviour length-prefixed string; script=unknown:992; length=21
5	sharedassets1.assets:541	ui	sleep	СПАТЬ		todo	sharedassets1.assets:path_id=541:raw_length_prefixed@7344948	type=MonoBehaviour; name=AirPlane_CanSave; script=Assembly-CSharp:NightEventScript; dump=sharedassets1.assets/MonoBehaviour/541__AirPlane_CanSave.json	AirPlane_CanSave || Found by the company.	add/update source-text entry in translations/source_queue.tsv	medium: visible layout/clipping risk	MonoBehaviour length-prefixed string; script=unknown:992; length=5
5	sharedassets1.assets:542	ui	sleep	СПАТЬ		todo	sharedassets1.assets:path_id=542:raw_length_prefixed@7345356	type=MonoBehaviour; name=CaptainSkeleton; script=Assembly-CSharp:NightEventScript; dump=sharedassets1.assets/MonoBehaviour/542__CaptainSkeleton.json	CaptainSkeleton || You should take a look.	add/update source-text entry in translations/source_queue.tsv	medium: visible layout/clipping risk	MonoBehaviour length-prefixed string; script=unknown:992; length=5
5	sharedassets1.assets:543	result/search	FoundLand			todo	sharedassets1.assets:path_id=543:m_Name	type=MonoBehaviour; name=FoundLand; script=Assembly-CSharp:NightEventScript; dump=sharedassets1.assets/MonoBehaviour/543__FoundLand.json	FoundLand | sleep | Set foot on land?	add/update source-text entry in translations/source_queue.tsv	medium: visible layout/clipping risk	UnityPy typetree string
5	sharedassets1.assets:543	result/search	FoundLand			todo	sharedassets1.assets:path_id=543:raw_length_prefixed@7345568	type=MonoBehaviour; name=FoundLand; script=Assembly-CSharp:NightEventScript; dump=sharedassets1.assets/MonoBehaviour/543__FoundLand.json	FoundLand || sleep | Set foot on land? | Reached land.	add/update source-text entry in translations/source_queue.tsv	medium: visible layout/clipping risk	MonoBehaviour length-prefixed string; script=unknown:992; length=9
5	sharedassets1.assets:543	ui	sleep	СПАТЬ		todo	sharedassets1.assets:path_id=543:raw_length_prefixed@7345720	type=MonoBehaviour; name=FoundLand; script=Assembly-CSharp:NightEventScript; dump=sharedassets1.assets/MonoBehaviour/543__FoundLand.json	FoundLand | FoundLand || Set foot on land? | Reached land.	add/update source-text entry in translations/source_queue.tsv	medium: visible layout/clipping risk	MonoBehaviour length-prefixed string; script=unknown:992; length=5
5	sharedassets1.assets:544	ui	sleep	СПАТЬ		todo	sharedassets1.assets:path_id=544:raw_length_prefixed@7346672	type=MonoBehaviour; name=FriendEvil; script=Assembly-CSharp:NightEventScript; dump=sharedassets1.assets/MonoBehaviour/544__FriendEvil.json	FriendEvil | FriendEvil || Delusions became too strong.	add/update source-text entry in translations/source_queue.tsv	medium: visible layout/clipping risk	MonoBehaviour length-prefixed string; script=unknown:992; length=5
5	sharedassets1.assets:545	ui	sleep	СПАТЬ		todo	sharedassets1.assets:path_id=545:raw_length_prefixed@7347072	type=MonoBehaviour; name=GhostBoat; script=Assembly-CSharp:NightEventScript; dump=sharedassets1.assets/MonoBehaviour/545__GhostBoat.json	GhostBoat || Trafficed to ghosts.	add/update source-text entry in translations/source_queue.tsv	medium: visible layout/clipping risk	MonoBehaviour length-prefixed string; script=unknown:992; length=5
5	sharedassets1.assets:547	ui	sleep	СПАТЬ		todo	sharedassets1.assets:path_id=547:raw_length_prefixed@7348424	type=MonoBehaviour; name=SleepKiller; script=Assembly-CSharp:NightEventScript; dump=sharedassets1.assets/MonoBehaviour/547__SleepKiller.json	SleepKiller | SleepKiller || SLEEP	add/update source-text entry in translations/source_queue.tsv	medium: visible layout/clipping risk	MonoBehaviour length-prefixed string; script=unknown:992; length=5
5	sharedassets1.assets:547	ui	SLEEP	СПАТЬ		todo	sharedassets1.assets:path_id=547:raw_length_prefixed@7350444	type=MonoBehaviour; name=SleepKiller; script=Assembly-CSharp:NightEventScript; dump=sharedassets1.assets/MonoBehaviour/547__SleepKiller.json	SleepKiller | SleepKiller | sleep	translations/source_queue.tsv, then rebuild XUnity dictionary	medium: visible layout/clipping risk	MonoBehaviour length-prefixed string; script=unknown:992; length=5
5	sharedassets1.assets:547	ui	SleepKiller			todo	sharedassets1.assets:path_id=547:m_Name	type=MonoBehaviour; name=SleepKiller; script=Assembly-CSharp:NightEventScript; dump=sharedassets1.assets/MonoBehaviour/547__SleepKiller.json	SleepKiller | sleep | SLEEP	add/update source-text entry in translations/source_queue.tsv	medium: visible layout/clipping risk	UnityPy typetree string
5	sharedassets1.assets:547	ui	SleepKiller			todo	sharedassets1.assets:path_id=547:raw_length_prefixed@7348352	type=MonoBehaviour; name=SleepKiller; script=Assembly-CSharp:NightEventScript; dump=sharedassets1.assets/MonoBehaviour/547__SleepKiller.json	SleepKiller || sleep | SLEEP	add/update source-text entry in translations/source_queue.tsv	medium: visible layout/clipping risk	MonoBehaviour length-prefixed string; script=unknown:992; length=11
5	sharedassets1.assets:548	ui	sleep	СПАТЬ		todo	sharedassets1.assets:path_id=548:raw_length_prefixed@7350952	type=MonoBehaviour; name=TheMoon; script=Assembly-CSharp:NightEventScript; dump=sharedassets1.assets/MonoBehaviour/548__TheMoon.json	TheMoon || Stared at the moon for too long.	add/update source-text entry in translations/source_queue.tsv	medium: visible layout/clipping risk	MonoBehaviour length-prefixed string; script=unknown:992; length=5
5	sharedassets1.assets:555	ui	CRTSettings			todo	sharedassets1.assets:path_id=555:m_Name	type=MonoBehaviour; name=CRTSettings; script=Assembly-CSharp:RetroShadersPro.URP.CRTSettings; dump=sharedassets1.assets/MonoBehaviour/555__CRTSettings.json	CRTSettings	add/update source-text entry in translations/source_queue.tsv	medium: visible layout/clipping risk	UnityPy typetree string
5	sharedassets1.assets:555	ui	CRTSettings			todo	sharedassets1.assets:path_id=555:raw_length_prefixed@7352144	type=MonoBehaviour; name=CRTSettings; script=Assembly-CSharp:RetroShadersPro.URP.CRTSettings; dump=sharedassets1.assets/MonoBehaviour/555__CRTSettings.json	CRTSettings	add/update source-text entry in translations/source_queue.tsv	medium: visible layout/clipping risk	MonoBehaviour length-prefixed string; script=unknown:584; length=11
5	sharedassets1.assets:556	ui	CRTSettings			todo	sharedassets1.assets:path_id=556:m_Name	type=MonoBehaviour; name=CRTSettings; script=Assembly-CSharp:RetroShadersPro.URP.CRTSettings; dump=sharedassets1.assets/MonoBehaviour/556__CRTSettings.json	CRTSettings	add/update source-text entry in translations/source_queue.tsv	medium: visible layout/clipping risk	UnityPy typetree string
5	sharedassets1.assets:556	ui	CRTSettings			todo	sharedassets1.assets:path_id=556:raw_length_prefixed@7352496	type=MonoBehaviour; name=CRTSettings; script=Assembly-CSharp:RetroShadersPro.URP.CRTSettings; dump=sharedassets1.assets/MonoBehaviour/556__CRTSettings.json	CRTSettings	add/update source-text entry in translations/source_queue.tsv	medium: visible layout/clipping risk	MonoBehaviour length-prefixed string; script=unknown:584; length=11
5	sharedassets1.assets:no_path	ui	CRTSettings			todo	sharedassets1.assets:raw_ascii@7352144	type=raw_bytes	SLEEP | sleep | Stared at the moon for too long. || CRTSettings | A'A7A | E)E9E	add/update source-text entry in translations/source_queue.tsv	medium: visible layout/clipping risk	raw byte fallback candidate; inspect neighbouring Unity object if promoted
5	sharedassets1.assets:no_path	ui	CRTSettings			todo	sharedassets1.assets:raw_ascii@7352496	type=raw_bytes	sleep | Stared at the moon for too long. | CRTSettings || A'A7A | E)E9E | O'O7O	add/update source-text entry in translations/source_queue.tsv	medium: visible layout/clipping risk	raw byte fallback candidate; inspect neighbouring Unity object if promoted
5	sharedassets1.assets:no_path	result/search	Found by cargo ship.	Найден грузовым судном.		todo	sharedassets1.assets:raw_ascii@7328404	type=raw_bytes	sleep | sleep | sleep || FishSquad | sleep | sleep	translations/source_queue.tsv, then rebuild XUnity dictionary	medium: visible layout/clipping risk	raw byte fallback candidate; inspect neighbouring Unity object if promoted
5	sharedassets1.assets:no_path	result/search	Found by cargo ship.	Найден грузовым судном.		todo	sharedassets1.assets:raw_ascii@7337332	type=raw_bytes	sleep | Sharing blood with the sea. | sleep || ChestAttack | sleep | Became chest loot.	translations/source_queue.tsv, then rebuild XUnity dictionary	medium: visible layout/clipping risk	raw byte fallback candidate; inspect neighbouring Unity object if promoted
5	sharedassets1.assets:no_path	result/search	Found by the company.	Найден компанией.		todo	sharedassets1.assets:raw_ascii@7338776	type=raw_bytes	sleep | Became chest loot. | sleep || sleep | Grabbed into stomatch. | sleep	translations/source_queue.tsv, then rebuild XUnity dictionary	medium: visible layout/clipping risk	raw byte fallback candidate; inspect neighbouring Unity object if promoted
5	sharedassets1.assets:no_path	result/search	Found by the company.	Найден компанией.		todo	sharedassets1.assets:raw_ascii@7345104	type=raw_bytes	Accept Trade? | Accept Trade? | sleep || sleep | You should take a look. | FoundLand	translations/source_queue.tsv, then rebuild XUnity dictionary	medium: visible layout/clipping risk	raw byte fallback candidate; inspect neighbouring Unity object if promoted
5	sharedassets1.assets:no_path	result/search	FoundLand			todo	sharedassets1.assets:raw_ascii@7345568	type=raw_bytes	Found by the company. | sleep | You should take a look. || sleep | Set foot on land? | Reached land.	add/update source-text entry in translations/source_queue.tsv	medium: visible layout/clipping risk	raw byte fallback candidate; inspect neighbouring Unity object if promoted
5	sharedassets1.assets:no_path	ui	SettingsCanvas			todo	sharedassets1.assets:raw_ascii@6985060	type=raw_bytes	idle3Dt? | fish | close || xOS/2c | F had | Y F jad	add/update source-text entry in translations/source_queue.tsv	medium: visible layout/clipping risk	raw byte fallback candidate; inspect neighbouring Unity object if promoted
5	sharedassets1.assets:no_path	ui	sleep	СПАТЬ		todo	sharedassets1.assets:raw_ascii@7316944	type=raw_bytes	bait | chest | chest || sleep | sleep | sleep	add/update source-text entry in translations/source_queue.tsv	medium: visible layout/clipping risk	raw byte fallback candidate; inspect neighbouring Unity object if promoted
5	sharedassets1.assets:no_path	ui	sleep	СПАТЬ		todo	sharedassets1.assets:raw_ascii@7316956	type=raw_bytes	chest | chest | sleep || sleep | sleep | sleep	add/update source-text entry in translations/source_queue.tsv	medium: visible layout/clipping risk	raw byte fallback candidate; inspect neighbouring Unity object if promoted
5	sharedassets1.assets:no_path	ui	sleep	СПАТЬ		todo	sharedassets1.assets:raw_ascii@7318336	type=raw_bytes	chest | sleep | sleep || sleep | sleep | sleep	add/update source-text entry in translations/source_queue.tsv	medium: visible layout/clipping risk	raw byte fallback candidate; inspect neighbouring Unity object if promoted
5	sharedassets1.assets:no_path	ui	sleep	СПАТЬ		todo	sharedassets1.assets:raw_ascii@7318444	type=raw_bytes	sleep | sleep | sleep || sleep | sleep | sleep	add/update source-text entry in translations/source_queue.tsv	medium: visible layout/clipping risk	raw byte fallback candidate; inspect neighbouring Unity object if promoted
5	sharedassets1.assets:no_path	ui	sleep	СПАТЬ		todo	sharedassets1.assets:raw_ascii@7319040	type=raw_bytes	sleep | sleep | sleep || sleep | sleep | FishIntoBoat	add/update source-text entry in translations/source_queue.tsv	medium: visible layout/clipping risk	raw byte fallback candidate; inspect neighbouring Unity object if promoted
5	sharedassets1.assets:no_path	ui	sleep	СПАТЬ		todo	sharedassets1.assets:raw_ascii@7319160	type=raw_bytes	sleep | sleep | sleep || sleep | FishIntoBoat | sleep	add/update source-text entry in translations/source_queue.tsv	medium: visible layout/clipping risk	raw byte fallback candidate; inspect neighbouring Unity object if promoted
5	sharedassets1.assets:no_path	ui	sleep	СПАТЬ		todo	sharedassets1.assets:raw_ascii@7320068	type=raw_bytes	sleep | sleep | sleep || FishIntoBoat | sleep | Check the back?	add/update source-text entry in translations/source_queue.tsv	medium: visible layout/clipping risk	raw byte fallback candidate; inspect neighbouring Unity object if promoted
5	sharedassets1.assets:no_path	ui	sleep	СПАТЬ		todo	sharedassets1.assets:raw_ascii@7320596	type=raw_bytes	sleep | sleep | FishIntoBoat || Check the back? | FriendSick | sleep	add/update source-text entry in translations/source_queue.tsv	medium: visible layout/clipping risk	raw byte fallback candidate; inspect neighbouring Unity object if promoted
5	sharedassets1.assets:no_path	ui	sleep	СПАТЬ		todo	sharedassets1.assets:raw_ascii@7321316	type=raw_bytes	sleep | Check the back? | FriendSick || sleep | Which way? | sleep	add/update source-text entry in translations/source_queue.tsv	medium: visible layout/clipping risk	raw byte fallback candidate; inspect neighbouring Unity object if promoted
5	sharedassets1.assets:no_path	ui	sleep	СПАТЬ		todo	sharedassets1.assets:raw_ascii@7321796	type=raw_bytes	Check the back? | FriendSick | sleep || Which way? | sleep | sleep	add/update source-text entry in translations/source_queue.tsv	medium: visible layout/clipping risk	raw byte fallback candidate; inspect neighbouring Unity object if promoted
5	sharedassets1.assets:no_path	ui	sleep	СПАТЬ		todo	sharedassets1.assets:raw_ascii@7322932	type=raw_bytes	sleep | sleep | Which way? || sleep | sleep | sleep	add/update source-text entry in translations/source_queue.tsv	medium: visible layout/clipping risk	raw byte fallback candidate; inspect neighbouring Unity object if promoted
5	sharedassets1.assets:no_path	ui	sleep	СПАТЬ		todo	sharedassets1.assets:raw_ascii@7322988	type=raw_bytes	sleep | Which way? | sleep || sleep | sleep | sleep	add/update source-text entry in translations/source_queue.tsv	medium: visible layout/clipping risk	raw byte fallback candidate; inspect neighbouring Unity object if promoted
5	sharedassets1.assets:no_path	ui	sleep	СПАТЬ		todo	sharedassets1.assets:raw_ascii@7324364	type=raw_bytes	Which way? | sleep | sleep || sleep | sleep | SleepingUnwell	add/update source-text entry in translations/source_queue.tsv	medium: visible layout/clipping risk	raw byte fallback candidate; inspect neighbouring Unity object if promoted
5	sharedassets1.assets:no_path	ui	sleep	СПАТЬ		todo	sharedassets1.assets:raw_ascii@7324500	type=raw_bytes	sleep | sleep | sleep || sleep | SleepingUnwell | sleep	add/update source-text entry in translations/source_queue.tsv	medium: visible layout/clipping risk	raw byte fallback candidate; inspect neighbouring Unity object if promoted
5	sharedassets1.assets:no_path	ui	sleep	СПАТЬ		todo	sharedassets1.assets:raw_ascii@7325204	type=raw_bytes	sleep | sleep | sleep || SleepingUnwell | sleep | sleep	add/update source-text entry in translations/source_queue.tsv	medium: visible layout/clipping risk	raw byte fallback candidate; inspect neighbouring Unity object if promoted
5	sharedassets1.assets:no_path	ui	sleep	СПАТЬ		todo	sharedassets1.assets:raw_ascii@7326240	type=raw_bytes	sleep | sleep | SleepingUnwell || sleep | sleep | sleep	add/update source-text entry in translations/source_queue.tsv	medium: visible layout/clipping risk	raw byte fallback candidate; inspect neighbouring Unity object if promoted
5	sharedassets1.assets:no_path	ui	sleep	СПАТЬ		todo	sharedassets1.assets:raw_ascii@7326732	type=raw_bytes	sleep | SleepingUnwell | sleep || sleep | sleep | sleep	add/update source-text entry in translations/source_queue.tsv	medium: visible layout/clipping risk	raw byte fallback candidate; inspect neighbouring Unity object if promoted
5	sharedassets1.assets:no_path	ui	sleep	СПАТЬ		todo	sharedassets1.assets:raw_ascii@7326972	type=raw_bytes	SleepingUnwell | sleep | sleep || sleep | sleep | Found by cargo ship.	add/update source-text entry in translations/source_queue.tsv	medium: visible layout/clipping risk	raw byte fallback candidate; inspect neighbouring Unity object if promoted
5	sharedassets1.assets:no_path	ui	sleep	СПАТЬ		todo	sharedassets1.assets:raw_ascii@7327072	type=raw_bytes	sleep | sleep | sleep || sleep | Found by cargo ship. | FishSquad	add/update source-text entry in translations/source_queue.tsv	medium: visible layout/clipping risk	raw byte fallback candidate; inspect neighbouring Unity object if promoted
5	sharedassets1.assets:no_path	ui	sleep	СПАТЬ		todo	sharedassets1.assets:raw_ascii@7328240	type=raw_bytes	sleep | sleep | sleep || Found by cargo ship. | FishSquad | sleep	add/update source-text entry in translations/source_queue.tsv	medium: visible layout/clipping risk	raw byte fallback candidate; inspect neighbouring Unity object if promoted
5	sharedassets1.assets:no_path	ui	sleep	СПАТЬ		todo	sharedassets1.assets:raw_ascii@7328916	type=raw_bytes	sleep | Found by cargo ship. | FishSquad || sleep | chest | bait	add/update source-text entry in translations/source_queue.tsv	medium: visible layout/clipping risk	raw byte fallback candidate; inspect neighbouring Unity object if promoted
5	sharedassets1.assets:no_path	ui	sleep	СПАТЬ		todo	sharedassets1.assets:raw_ascii@7329496	type=raw_bytes	Found by cargo ship. | FishSquad | sleep || chest | bait | sleep	add/update source-text entry in translations/source_queue.tsv	medium: visible layout/clipping risk	raw byte fallback candidate; inspect neighbouring Unity object if promoted
5	sharedassets1.assets:no_path	ui	sleep	СПАТЬ		todo	sharedassets1.assets:raw_ascii@7330344	type=raw_bytes	sleep | chest | bait || Visit the small island? | Mistook for a coconut. | MonsterFish	add/update source-text entry in translations/source_queue.tsv	medium: visible layout/clipping risk	raw byte fallback candidate; inspect neighbouring Unity object if promoted
5	sharedassets1.assets:no_path	ui	sleep	СПАТЬ		todo	sharedassets1.assets:raw_ascii@7331496	type=raw_bytes	Visit the small island? | Mistook for a coconut. | MonsterFish || Eaten alive. | MysteryChest | sleep	add/update source-text entry in translations/source_queue.tsv	medium: visible layout/clipping risk	raw byte fallback candidate; inspect neighbouring Unity object if promoted
5	sharedassets1.assets:no_path	ui	sleep	СПАТЬ		todo	sharedassets1.assets:raw_ascii@7332548	type=raw_bytes	sleep | Eaten alive. | MysteryChest || Pick up chest? | Became chest loot. | SmallMonsterFishes	add/update source-text entry in translations/source_queue.tsv	medium: visible layout/clipping risk	raw byte fallback candidate; inspect neighbouring Unity object if promoted
5	sharedassets1.assets:no_path	ui	sleep	СПАТЬ		todo	sharedassets1.assets:raw_ascii@7333332	type=raw_bytes	Became chest loot. | SmallMonsterFishes | bait || Mauled to death. | sleep | The fog came.	add/update source-text entry in translations/source_queue.tsv	medium: visible layout/clipping risk	raw byte fallback candidate; inspect neighbouring Unity object if promoted
5	sharedassets1.assets:no_path	ui	sleep	СПАТЬ		todo	sharedassets1.assets:raw_ascii@7334908	type=raw_bytes	bait | sleep | Mauled to death. || The fog came. | sleep | sleep	add/update source-text entry in translations/source_queue.tsv	medium: visible layout/clipping risk	raw byte fallback candidate; inspect neighbouring Unity object if promoted
5	sharedassets1.assets:no_path	ui	sleep	СПАТЬ		todo	sharedassets1.assets:raw_ascii@7335700	type=raw_bytes	Mauled to death. | sleep | The fog came. || sleep | sleep | Sharing blood with the sea.	add/update source-text entry in translations/source_queue.tsv	medium: visible layout/clipping risk	raw byte fallback candidate; inspect neighbouring Unity object if promoted
5	sharedassets1.assets:no_path	ui	sleep	СПАТЬ		todo	sharedassets1.assets:raw_ascii@7335808	type=raw_bytes	sleep | The fog came. | sleep || sleep | Sharing blood with the sea. | sleep	add/update source-text entry in translations/source_queue.tsv	medium: visible layout/clipping risk	raw byte fallback candidate; inspect neighbouring Unity object if promoted
5	sharedassets1.assets:no_path	ui	sleep	СПАТЬ		todo	sharedassets1.assets:raw_ascii@7336624	type=raw_bytes	The fog came. | sleep | sleep || Sharing blood with the sea. | sleep | Found by cargo ship.	add/update source-text entry in translations/source_queue.tsv	medium: visible layout/clipping risk	raw byte fallback candidate; inspect neighbouring Unity object if promoted
5	sharedassets1.assets:no_path	ui	sleep	СПАТЬ		todo	sharedassets1.assets:raw_ascii@7337168	type=raw_bytes	sleep | sleep | Sharing blood with the sea. || Found by cargo ship. | ChestAttack | sleep	add/update source-text entry in translations/source_queue.tsv	medium: visible layout/clipping risk	raw byte fallback candidate; inspect neighbouring Unity object if promoted
5	sharedassets1.assets:no_path	ui	sleep	СПАТЬ		todo	sharedassets1.assets:raw_ascii@7337780	type=raw_bytes	sleep | Found by cargo ship. | ChestAttack || Became chest loot. | sleep | Found by the company.	add/update source-text entry in translations/source_queue.tsv	medium: visible layout/clipping risk	raw byte fallback candidate; inspect neighbouring Unity object if promoted
5	sharedassets1.assets:no_path	ui	sleep	СПАТЬ		todo	sharedassets1.assets:raw_ascii@7338620	type=raw_bytes	ChestAttack | sleep | Became chest loot. || Found by the company. | sleep | Grabbed into stomatch.	add/update source-text entry in translations/source_queue.tsv	medium: visible layout/clipping risk	raw byte fallback candidate; inspect neighbouring Unity object if promoted
5	sharedassets1.assets:no_path	ui	sleep	СПАТЬ		todo	sharedassets1.assets:raw_ascii@7339808	type=raw_bytes	Became chest loot. | sleep | Found by the company. || Grabbed into stomatch. | sleep | sleep	add/update source-text entry in translations/source_queue.tsv	medium: visible layout/clipping risk	raw byte fallback candidate; inspect neighbouring Unity object if promoted
5	sharedassets1.assets:no_path	ui	sleep	СПАТЬ		todo	sharedassets1.assets:raw_ascii@7340304	type=raw_bytes	Found by the company. | sleep | Grabbed into stomatch. || sleep | Stay awake? | Were being watched.	add/update source-text entry in translations/source_queue.tsv	medium: visible layout/clipping risk	raw byte fallback candidate; inspect neighbouring Unity object if promoted
5	sharedassets1.assets:no_path	ui	sleep	СПАТЬ		todo	sharedassets1.assets:raw_ascii@7340372	type=raw_bytes	sleep | Grabbed into stomatch. | sleep || Stay awake? | Were being watched. | sleep	add/update source-text entry in translations/source_queue.tsv	medium: visible layout/clipping risk	raw byte fallback candidate; inspect neighbouring Unity object if promoted
5	sharedassets1.assets:no_path	ui	sleep	СПАТЬ		todo	sharedassets1.assets:raw_ascii@7341440	type=raw_bytes	sleep | Stay awake? | Were being watched. || Torn into pieces. | sleep | Dragged to the seafloor.	add/update source-text entry in translations/source_queue.tsv	medium: visible layout/clipping risk	raw byte fallback candidate; inspect neighbouring Unity object if promoted
5	sharedassets1.assets:no_path	ui	sleep	СПАТЬ		todo	sharedassets1.assets:raw_ascii@7342176	type=raw_bytes	Were being watched. | sleep | Torn into pieces. || Dragged to the seafloor. | Accept Trade? | Accept Trade?	add/update source-text entry in translations/source_queue.tsv	medium: visible layout/clipping risk	raw byte fallback candidate; inspect neighbouring Unity object if promoted
5	sharedassets1.assets:no_path	ui	sleep	СПАТЬ		todo	sharedassets1.assets:raw_ascii@7344948	type=raw_bytes	Accept Trade? | Accept Trade? | Accept Trade? || Found by the company. | sleep | You should take a look.	add/update source-text entry in translations/source_queue.tsv	medium: visible layout/clipping risk	raw byte fallback candidate; inspect neighbouring Unity object if promoted
5	sharedassets1.assets:no_path	ui	sleep	СПАТЬ		todo	sharedassets1.assets:raw_ascii@7345356	type=raw_bytes	Accept Trade? | sleep | Found by the company. || You should take a look. | FoundLand | sleep	add/update source-text entry in translations/source_queue.tsv	medium: visible layout/clipping risk	raw byte fallback candidate; inspect neighbouring Unity object if promoted
5	sharedassets1.assets:no_path	ui	sleep	СПАТЬ		todo	sharedassets1.assets:raw_ascii@7345720	type=raw_bytes	sleep | You should take a look. | FoundLand || Set foot on land? | Reached land. | FriendEvil	add/update source-text entry in translations/source_queue.tsv	medium: visible layout/clipping risk	raw byte fallback candidate; inspect neighbouring Unity object if promoted
5	sharedassets1.assets:no_path	ui	sleep	СПАТЬ		todo	sharedassets1.assets:raw_ascii@7346672	type=raw_bytes	Set foot on land? | Reached land. | FriendEvil || Delusions became too strong. | sleep | Trafficed to ghosts.	add/update source-text entry in translations/source_queue.tsv	medium: visible layout/clipping risk	raw byte fallback candidate; inspect neighbouring Unity object if promoted
5	sharedassets1.assets:no_path	ui	sleep	СПАТЬ		todo	sharedassets1.assets:raw_ascii@7347072	type=raw_bytes	FriendEvil | sleep | Delusions became too strong. || Trafficed to ghosts. | Debt Overdue. | SleepKiller	add/update source-text entry in translations/source_queue.tsv	medium: visible layout/clipping risk	raw byte fallback candidate; inspect neighbouring Unity object if promoted
5	sharedassets1.assets:no_path	ui	sleep	СПАТЬ		todo	sharedassets1.assets:raw_ascii@7348424	type=raw_bytes	Trafficed to ghosts. | Debt Overdue. | SleepKiller || SLEEP | sleep | Stared at the moon for too long.	add/update source-text entry in translations/source_queue.tsv	medium: visible layout/clipping risk	raw byte fallback candidate; inspect neighbouring Unity object if promoted
5	sharedassets1.assets:no_path	ui	SLEEP	СПАТЬ		todo	sharedassets1.assets:raw_ascii@7350444	type=raw_bytes	Debt Overdue. | SleepKiller | sleep || sleep | Stared at the moon for too long. | CRTSettings	translations/source_queue.tsv, then rebuild XUnity dictionary	medium: visible layout/clipping risk	raw byte fallback candidate; inspect neighbouring Unity object if promoted
5	sharedassets1.assets:no_path	ui	sleep	СПАТЬ		todo	sharedassets1.assets:raw_ascii@7350952	type=raw_bytes	SleepKiller | sleep | SLEEP || Stared at the moon for too long. | CRTSettings | CRTSettings	add/update source-text entry in translations/source_queue.tsv	medium: visible layout/clipping risk	raw byte fallback candidate; inspect neighbouring Unity object if promoted
5	sharedassets1.assets:no_path	ui	SleepingUnwell			todo	sharedassets1.assets:raw_ascii@7325728	type=raw_bytes	sleep | sleep | sleep || sleep | sleep | sleep	add/update source-text entry in translations/source_queue.tsv	medium: visible layout/clipping risk	raw byte fallback candidate; inspect neighbouring Unity object if promoted
5	sharedassets1.assets:no_path	ui	SleepKiller			todo	sharedassets1.assets:raw_ascii@7348352	type=raw_bytes	sleep | Trafficed to ghosts. | Debt Overdue. || sleep | SLEEP | sleep	add/update source-text entry in translations/source_queue.tsv	medium: visible layout/clipping risk	raw byte fallback candidate; inspect neighbouring Unity object if promoted
5	sharedassets2.assets:no_path	ui	AsztalKozep			todo	sharedassets2.assets:raw_ascii@1179236	type=raw_bytes	lOZ?J | lOZ?J | So?Ab || d6OV | U9d | NmU?Y	add/update source-text entry in translations/source_queue.tsv	medium: visible layout/clipping risk	raw byte fallback candidate; inspect neighbouring Unity object if promoted
5	sharedassets3.assets:88	item	fish			todo	sharedassets3.assets:path_id=88:m_Name	type=Texture2D; name=fish; dump=sharedassets3.assets/Texture2D/88__fish.metadata.json	sharedassets3.assets.resS	add/update source-text entry in translations/source_queue.tsv	low/medium: verify in clean v1.1.3	UnityPy typetree string
5	sharedassets3.assets:no_path	ui	GoToSleep			todo	sharedassets3.assets:raw_ascii@841456	type=raw_bytes	g5E | GetItems | THE BOAT || GoToSleepL | fishTO | fishTO	add/update source-text entry in translations/source_queue.tsv	medium: visible layout/clipping risk	raw byte fallback candidate; inspect neighbouring Unity object if promoted
5	sharedassets3.assets:no_path	ui	GoToSleepL			todo	sharedassets3.assets:raw_ascii@841684	type=raw_bytes	GetItems | THE BOAT | GoToSleep || fishTO | fishTO | fishTO	add/update source-text entry in translations/source_queue.tsv	medium: visible layout/clipping risk	raw byte fallback candidate; inspect neighbouring Unity object if promoted
5	sharedassets3.assets:no_path	ui	Healthy			todo	sharedassets3.assets:raw_ascii@877736	type=raw_bytes	FriendhudLayer | journal | SleepBtnLayer || JournalLayer | talkClickArrow | clickToArrow	add/update source-text entry in translations/source_queue.tsv	medium: visible layout/clipping risk	raw byte fallback candidate; inspect neighbouring Unity object if promoted
5	sharedassets3.assets:no_path	ui	SleepBtnLayer			todo	sharedassets3.assets:raw_ascii@877244	type=raw_bytes	JournalTextLayer | FriendhudLayer | journal || Healthy | JournalLayer | talkClickArrow	add/update source-text entry in translations/source_queue.tsv	medium: visible layout/clipping risk	raw byte fallback candidate; inspect neighbouring Unity object if promoted
5	sharedassets4.assets:741	ui	sleep	СПАТЬ		todo	sharedassets4.assets:path_id=741:raw_length_prefixed@4881124	type=MonoBehaviour; name=BoatBreak; script=Assembly-CSharp:NightEventScript; dump=sharedassets4.assets/MonoBehaviour/741__BoatBreak.json	BoatBreak || Your boat fell apart.	add/update source-text entry in translations/source_queue.tsv	medium: visible layout/clipping risk	MonoBehaviour length-prefixed string; script=unknown:992; length=5
5	sharedassets4.assets:747	ui	CRTSettings			todo	sharedassets4.assets:path_id=747:m_Name	type=MonoBehaviour; name=CRTSettings; script=Assembly-CSharp:RetroShadersPro.URP.CRTSettings; dump=sharedassets4.assets/MonoBehaviour/747__CRTSettings.json	CRTSettings	add/update source-text entry in translations/source_queue.tsv	medium: visible layout/clipping risk	UnityPy typetree string
5	sharedassets4.assets:747	ui	CRTSettings			todo	sharedassets4.assets:path_id=747:raw_length_prefixed@4881968	type=MonoBehaviour; name=CRTSettings; script=Assembly-CSharp:RetroShadersPro.URP.CRTSettings; dump=sharedassets4.assets/MonoBehaviour/747__CRTSettings.json	CRTSettings	add/update source-text entry in translations/source_queue.tsv	medium: visible layout/clipping risk	MonoBehaviour length-prefixed string; script=unknown:584; length=11
5	sharedassets5.assets:no_path	ui	ContinueButton			todo	sharedassets5.assets:raw_ascii@404468	type=raw_bytes	"O3A | ud3A | ""B33yBX9 || CancelButtonLayer | cancel | UvV3V?VJVVVbVnVyV"	add/update source-text entry in translations/source_queue.tsv	medium: visible layout/clipping risk	raw byte fallback candidate; inspect neighbouring Unity object if promoted
5	translations/source_queue.tsv:no_path	ui	"itemgive-itemid-n
itemremove-itemid-n
itembreak-itemid
itemfix-itemid
damage-n
danger-n
dangerset-n
energy-n
hitfriendenergy-n
friendsick-n
curefriend
feedfriend
killfriend
addhappen-happenid,h,h…
adddistance-n
endgame-reason
itemremoverandom
itembreakrandom
notice-message
hitbait-n
"			todo	translations/source_queue.tsv:	type=manual		translations/source_queue.tsv, then rebuild XUnity dictionary	medium: visible layout/clipping risk	project translation table entry
6	DontSleepWithTheFishes_Data/il2cpp_data/Metadata/global-metadata.dat:no_path	dynamic/runtime	:{0:00}:{0}:{1};;/?:@&=+$,<< 0<'width'><---</align></allcaps></alpha></b></b> is missing for camera <b></b>' to type '<b></b>'.</b>': no path was provided.</b>, falling back to Default Renderer. <b></b><i> (+</color></cspace></font-weight></font></gradient></i></indent></line-height></line-indent></link></lowercase></margin></mark></mspace></nobr></noparse></rotate></s></size></smallcaps></style></sub></sup></u></uppercase></voffset></width><0x{0:x5} + 0x{1:x5}> <unknown method><=<B>Pointer:</b>			strategy-needed	DontSleepWithTheFishes_Data/il2cpp_data/Metadata/global-metadata.dat:ascii@106865	type=binary_string	nfig.ctor.dll.fonts.local.rem.{8}//Applications/configuration/system.runtime.remoting/etc/terminfo/gamesave.json/lib/terminfo/runsave.jso... | 0x{0:X16}0x{0:X}11.1.01.2.156.11235.1.1.2.11.2.840.10040.4.11.2.840.10040.4.31.2.840.10045.2.11.2.840.10045.3.1.11.2.840.10045.3.1.21.2.8... | 52.5.4.62.5.4.72.5.4.82.5.4.933des44375664789:: : Modifying global state from this command buffer is not allowed. Please ensure your rend... || <Multiple><Path discovery permission to the specified directory was denied.><align=<allcaps><alpha=<b><b>Current Raycast:</b><b>Display I... | interEnter</b>: <b>pointerPress</b>: <b>pressure</b>: <b>radius</b>: <b>radiusVariance</b>: <b>tangentialPressure</b>: <b>tilt</b>: <b>tw... | -indent=<link=<link><lowercase><margin-left><margin-right><margin=<mark=<mspace=<no name><nobr><noparse><noparse></noparse><null><number>...	diagnostic only: choose XUnity regex or runtime plugin strategy; do not add exact numeric rows or bare kg	high: dynamic runtime formatting and false replacement risk	binary string candidate for weight/fishing diagnostic
6	DontSleepWithTheFishes_Data/il2cpp_data/Metadata/global-metadata.dat:no_path	dynamic/runtime	<Multiple><Path discovery permission to the specified directory was denied.><align=<allcaps><alpha=<b><b>Current Raycast:</b><b>Display Index:</b><b>Pointer Input Module of type: </b><b>Position</b>: <b>Press Raycast:</b><b>Selected:</b><b>Use Drag Threshold</b>: <b>Weight:</b> <b>You can add effects by using <color=red>rich text tags</color>.</b><b>altitudeAngle</b>: <b>azimuthAngle</b>: <b>delta</b>: <b>eligibleForClick</b>: <b>lastPointerPress</b>: <b>penStatus</b>: <b>pointerDrag</b>: <b>po			strategy-needed	DontSleepWithTheFishes_Data/il2cpp_data/Metadata/global-metadata.dat:ascii@107365	type=binary_string	0x{0:X16}0x{0:X}11.1.01.2.156.11235.1.1.2.11.2.840.10040.4.11.2.840.10040.4.31.2.840.10045.2.11.2.840.10045.3.1.11.2.840.10045.3.1.21.2.8... | 52.5.4.62.5.4.72.5.4.82.5.4.933des44375664789:: : Modifying global state from this command buffer is not allowed. Please ensure your rend... | :{0:00}:{0}:{1};;/?:@&=+$,<< 0<'width'><---</align></allcaps></alpha></b></b> is missing for camera <b></b>' to type '<b></b>'.</b>': no ... || interEnter</b>: <b>pointerPress</b>: <b>pressure</b>: <b>radius</b>: <b>radiusVariance</b>: <b>tangentialPressure</b>: <b>tilt</b>: <b>tw... | -indent=<link=<link><lowercase><margin-left><margin-right><margin=<mark=<mspace=<no name><nobr><noparse><noparse></noparse><null><number>... | >>=?????\UNC\AA String must be provided for the filter criteria.A Task's exception(s) were not observed either by Waiting on the Task or ...	diagnostic only: choose XUnity regex or runtime plugin strategy; do not add exact numeric rows or bare kg	high: dynamic runtime formatting and false replacement risk	binary string candidate for weight/fishing diagnostic
6	DontSleepWithTheFishes_Data/il2cpp_data/Metadata/global-metadata.dat:no_path	dynamic/runtime	Global probe volumes weight. Allows for fading out probe volumes influence falling back to ambient probe.			strategy-needed	DontSleepWithTheFishes_Data/il2cpp_data/Metadata/global-metadata.dat:ascii@7345898	type=binary_string	Method used to reduce leaks. Currently available modes are crude, but cheap methods. | DThis parameter isn't used anymore. | When enabled, reflection probe normalization can only decrease the reflection intensity. || Multiplier applied on the sky lighting when using sky occlusion. | Offset applied at runtime to probe positions in world space. | This is not considered while baking.	diagnostic only: choose XUnity regex or runtime plugin strategy; do not add exact numeric rows or bare kg	high: dynamic runtime formatting and false replacement risk	binary string candidate for weight/fishing diagnostic
6	DontSleepWithTheFishes_Data/il2cpp_data/Metadata/global-metadata.dat:no_path	dynamic/runtime	interEnter</b>: <b>pointerPress</b>: <b>pressure</b>: <b>radius</b>: <b>radiusVariance</b>: <b>tangentialPressure</b>: <b>tilt</b>: <b>twist</b>: <br><br><size=15><br><size=22><called outside OnGUI><color=<color><color>{1,4}<cspace=<easing-function>#<filename unknown><font-weight=<font=<gradient=<i><indent=<init><integer><length-percentage><length-percentage> | auto<length-percentage> | none<length><length> | <percentage><length> || <color><length>{1,4}<length>{2,3} && <color>?<line-height=<line			strategy-needed	DontSleepWithTheFishes_Data/il2cpp_data/Metadata/global-metadata.dat:ascii@107865	type=binary_string	52.5.4.62.5.4.72.5.4.82.5.4.933des44375664789:: : Modifying global state from this command buffer is not allowed. Please ensure your rend... | :{0:00}:{0}:{1};;/?:@&=+$,<< 0<'width'><---</align></allcaps></alpha></b></b> is missing for camera <b></b>' to type '<b></b>'.</b>': no ... | <Multiple><Path discovery permission to the specified directory was denied.><align=<allcaps><alpha=<b><b>Current Raycast:</b><b>Display I... || -indent=<link=<link><lowercase><margin-left><margin-right><margin=<mark=<mspace=<no name><nobr><noparse><noparse></noparse><null><number>... | >>=?????\UNC\AA String must be provided for the filter criteria.A Task's exception(s) were not observed either by Waiting on the Task or ... | pes.A call to GetInstance() for custom marshaler 'A context property did not approve the candidate context for activating the objectA der...	diagnostic only: choose XUnity regex or runtime plugin strategy; do not add exact numeric rows or bare kg	high: dynamic runtime formatting and false replacement risk	binary string candidate for weight/fishing diagnostic
6	DontSleepWithTheFishes_Data/il2cpp_data/Metadata/global-metadata.dat:no_path	dynamic/runtime	weight			strategy-needed	DontSleepWithTheFishes_Data/il2cpp_data/Metadata/global-metadata.dat:ascii@799895	type=binary_string	viewBias | scaleBiasByMinDistanceBetweenProbes | samplingNoise || leakReductionMode | frameIndexForNoise | reflNormalizationLowerClamp	diagnostic only: choose XUnity regex or runtime plugin strategy; do not add exact numeric rows or bare kg	high: dynamic runtime formatting and false replacement risk	binary string candidate for weight/fishing diagnostic
6	DontSleepWithTheFishes_Data/il2cpp_data/Metadata/global-metadata.dat:no_path	dynamic/runtime	weight			strategy-needed	DontSleepWithTheFishes_Data/il2cpp_data/Metadata/global-metadata.dat:ascii@7339213	type=binary_string	LSpatial-Temporal Post-Processing (STP) | &Obsolete, used only for data migration. Use the advancedUpscalersByPriority list instead to add the proper supported advanced upscaler b... | volume || nSelect the shape used for this Probe Adjustment Volume. | Modify the size of this Probe Adjustment Volume. This is unaffected by the GameObject's Transform's Scale property. | Modify the radius of this Probe Adjustment Volume. This is unaffected by the GameObject's Transform's Scale property.	diagnostic only: choose XUnity regex or runtime plugin strategy; do not add exact numeric rows or bare kg	high: dynamic runtime formatting and false replacement risk	binary string candidate for weight/fishing diagnostic
6	DontSleepWithTheFishes_Data/il2cpp_data/Metadata/global-metadata.dat:no_path	dynamic/runtime	weight			strategy-needed	DontSleepWithTheFishes_Data/il2cpp_data/Metadata/global-metadata.dat:ascii@7359194	type=binary_string	"""DEVELOPMENT_BUILD | ""DEVELOPMENT_BUILD | volume || instanceId | size | instanceId"	diagnostic only: choose XUnity regex or runtime plugin strategy; do not add exact numeric rows or bare kg	high: dynamic runtime formatting and false replacement risk	binary string candidate for weight/fishing diagnostic
6	DontSleepWithTheFishes_Data/level3:no_path	dynamic/runtime	<b>Red Snapper</b> <i>(+1 Food!)</i>	<b>Луциан</b> <i>(+1 еда!)</i>		strategy-needed	DontSleepWithTheFishes_Data/level3:ascii@828444	type=binary_string	nrek | You hurt yourself while searching. | nrek || nrek | Full already! | nrek	diagnostic only: choose XUnity regex or runtime plugin strategy; do not add exact numeric rows or bare kg	high: dynamic runtime formatting and false replacement risk	binary string candidate for weight/fishing diagnostic
6	DontSleepWithTheFishes_Data/level3:no_path	dynamic/runtime	<b>Weight:</b> 0.5kg			strategy-needed	DontSleepWithTheFishes_Data/level3:ascii@814492	type=binary_string	"nrek | ""5A? | nrek || nrek | Bait Consumed | A33"	diagnostic only: choose XUnity regex or runtime plugin strategy; do not add exact numeric rows or bare kg	high: dynamic runtime formatting and false replacement risk	binary string candidate for weight/fishing diagnostic
6	DontSleepWithTheFishes_Data/level3:no_path	dynamic/runtime	Bass	Окунь		strategy-needed	DontSleepWithTheFishes_Data/level3:ascii@916300	type=binary_string	fish_default | Sardine | fish_bass || fish_herring | Herring | fish_red_snapper	diagnostic only: choose XUnity regex or runtime plugin strategy; do not add exact numeric rows or bare kg	high: dynamic runtime formatting and false replacement risk	binary string candidate for weight/fishing diagnostic
6	DontSleepWithTheFishes_Data/level3:no_path	dynamic/runtime	Clownfish	Рыба-клоун		strategy-needed	DontSleepWithTheFishes_Data/level3:ascii@916760	type=binary_string	fish_mackerel | Mackerel | fish_clownfish || fish_swordfish | Swordfish | Flare Gun	diagnostic only: choose XUnity regex or runtime plugin strategy; do not add exact numeric rows or bare kg	high: dynamic runtime formatting and false replacement risk	binary string candidate for weight/fishing diagnostic
6	DontSleepWithTheFishes_Data/level3:no_path	dynamic/runtime	Red Snapper	Луциан		strategy-needed	DontSleepWithTheFishes_Data/level3:ascii@916524	type=binary_string	fish_herring | Herring | fish_red_snapper || fff? | fish_mackerel | Mackerel	diagnostic only: choose XUnity regex or runtime plugin strategy; do not add exact numeric rows or bare kg	high: dynamic runtime formatting and false replacement risk	binary string candidate for weight/fishing diagnostic
6	DontSleepWithTheFishes_Data/level3:no_path	dynamic/runtime	Sardine	Сардина		strategy-needed	DontSleepWithTheFishes_Data/level3:ascii@916188	type=binary_string	lore_tape | tape | fish_default || fish_bass | Bass | fish_herring	diagnostic only: choose XUnity regex or runtime plugin strategy; do not add exact numeric rows or bare kg	high: dynamic runtime formatting and false replacement risk	binary string candidate for weight/fishing diagnostic
6	DontSleepWithTheFishes_Data/level3:no_path	dynamic/runtime	Squid	Кальмар		strategy-needed	DontSleepWithTheFishes_Data/level3:ascii@913884	type=binary_string	fish_crab | Crab | fish_squid || junk_seaweed | Seaweed | Worthless junk...	diagnostic only: choose XUnity regex or runtime plugin strategy; do not add exact numeric rows or bare kg	high: dynamic runtime formatting and false replacement risk	binary string candidate for weight/fishing diagnostic
6	DontSleepWithTheFishes_Data/level3:no_path	dynamic/runtime	Swordfish	Рыба-меч		strategy-needed	DontSleepWithTheFishes_Data/level3:ascii@916880	type=binary_string	fish_clownfish | Clownfish | fish_swordfish || Flare Gun | rosegrim | friend-died	diagnostic only: choose XUnity regex or runtime plugin strategy; do not add exact numeric rows or bare kg	high: dynamic runtime formatting and false replacement risk	binary string candidate for weight/fishing diagnostic
6	DontSleepWithTheFishes_Data/resources.assets:no_path	dynamic/runtime	!?kg			strategy-needed	DontSleepWithTheFishes_Data/resources.assets:ascii@13873066	type=binary_string	J*?g | ?S&9? | R+?M || A/?gi2? | ?As | o(?b	diagnostic only: choose XUnity regex or runtime plugin strategy; do not add exact numeric rows or bare kg	high: dynamic runtime formatting and false replacement risk	binary string candidate for weight/fishing diagnostic
6	DontSleepWithTheFishes_Data/resources.assets:no_path	dynamic/runtime	,kG=Iq			strategy-needed	DontSleepWithTheFishes_Data/resources.assets:ascii@11654712	type=binary_string	"P""40d | /2 8n' | 9 z58 || ,6>y | tf'/V | v'2 T"	diagnostic only: choose XUnity regex or runtime plugin strategy; do not add exact numeric rows or bare kg	high: dynamic runtime formatting and false replacement risk	binary string candidate for weight/fishing diagnostic
6	DontSleepWithTheFishes_Data/resources.assets:no_path	dynamic/runtime	>Kg}>			strategy-needed	DontSleepWithTheFishes_Data/resources.assets:ascii@344355	type=binary_string	?[b'> | >46p>]f | >=0f || Or ?0 | >uAM> | >2d}>	diagnostic only: choose XUnity regex or runtime plugin strategy; do not add exact numeric rows or bare kg	high: dynamic runtime formatting and false replacement risk	binary string candidate for weight/fishing diagnostic
6	DontSleepWithTheFishes_Data/resources.assets:no_path	dynamic/runtime	>Kg}>			strategy-needed	DontSleepWithTheFishes_Data/resources.assets:ascii@1393067	type=binary_string	?[b'> | >46p>]f | >=0f || Or ?0 | >uAM> | >2d}>	diagnostic only: choose XUnity regex or runtime plugin strategy; do not add exact numeric rows or bare kg	high: dynamic runtime formatting and false replacement risk	binary string candidate for weight/fishing diagnostic
6	DontSleepWithTheFishes_Data/resources.assets:no_path	dynamic/runtime	?FM1?kg%?			strategy-needed	DontSleepWithTheFishes_Data/resources.assets:ascii@13773699	type=binary_string	$?Q;+? | ?`s ? | U)?~u(? || ,?:I | ?gP!? | ?#k5?	diagnostic only: choose XUnity regex or runtime plugin strategy; do not add exact numeric rows or bare kg	high: dynamic runtime formatting and false replacement risk	binary string candidate for weight/fishing diagnostic
6	DontSleepWithTheFishes_Data/resources.assets:no_path	dynamic/runtime	?KG ?			strategy-needed	DontSleepWithTheFishes_Data/resources.assets:ascii@14010247	type=binary_string	? u&? | k+?qF | +-?oR || ?,^)?P | ,?Ll ? | ?-W(?/J	diagnostic only: choose XUnity regex or runtime plugin strategy; do not add exact numeric rows or bare kg	high: dynamic runtime formatting and false replacement risk	binary string candidate for weight/fishing diagnostic
6	DontSleepWithTheFishes_Data/resources.assets:no_path	dynamic/runtime	?kg*?			strategy-needed	DontSleepWithTheFishes_Data/resources.assets:ascii@14850187	type=binary_string	)/?B | ?e'#? | ?fS*? || ??a(? | Y&?V | >mM#?	diagnostic only: choose XUnity regex or runtime plugin strategy; do not add exact numeric rows or bare kg	high: dynamic runtime formatting and false replacement risk	binary string candidate for weight/fishing diagnostic
6	DontSleepWithTheFishes_Data/resources.assets:no_path	dynamic/runtime	C>KG			strategy-needed	DontSleepWithTheFishes_Data/resources.assets:ascii@240530	type=binary_string	"$?A<u> | -g!? | J>""Y || ?`~Z> | >&aR> | ?[K"	diagnostic only: choose XUnity regex or runtime plugin strategy; do not add exact numeric rows or bare kg	high: dynamic runtime formatting and false replacement risk	binary string candidate for weight/fishing diagnostic
6	DontSleepWithTheFishes_Data/resources.assets:no_path	dynamic/runtime	C>KG			strategy-needed	DontSleepWithTheFishes_Data/resources.assets:ascii@1289242	type=binary_string	"$?A<u> | -g!? | J>""Y || ?`~Z> | >&aR> | ?[K"	diagnostic only: choose XUnity regex or runtime plugin strategy; do not add exact numeric rows or bare kg	high: dynamic runtime formatting and false replacement risk	binary string candidate for weight/fishing diagnostic
6	DontSleepWithTheFishes_Data/resources.assets:no_path	dynamic/runtime	"squid?"";""Weird.. t- the boat was rumbling in an odd way last night.."";""Did you ever hear the tales about the gods beneath the sea?"""			strategy-needed	DontSleepWithTheFishes_Data/resources.assets:ascii@13697809	type=binary_string	"m only trying to spook you. For the laughs! Or am I..?"";""And it didn | t help that it was moving in all.. weird kinds of ways. L- like, it had a mind of its own.."";""It felt alive."" | ""prenightlore_03_01"";""Did you see that last night? It was like.. a great tentacle.. thing, in the distance! A big ol || ""prenightlore_03_02"";""I | d love reeling it in, you get me? Of course, it likely would not fit on this tiny boat of ours | hah!"";""L- Like something was sliding across the bottom.."";""Living deep where no human ever sails. I don"	diagnostic only: choose XUnity regex or runtime plugin strategy; do not add exact numeric rows or bare kg	high: dynamic runtime formatting and false replacement risk	binary string candidate for weight/fishing diagnostic
6	DontSleepWithTheFishes_Data/resources.assets:no_path	dynamic/runtime	Weight Bold			strategy-needed	DontSleepWithTheFishes_Data/resources.assets:ascii@13364820	type=binary_string	_WeightNormal | Weight Normal | _WeightBold || _ShaderFlags | Flags | _ScaleRatioA	diagnostic only: choose XUnity regex or runtime plugin strategy; do not add exact numeric rows or bare kg	high: dynamic runtime formatting and false replacement risk	binary string candidate for weight/fishing diagnostic
6	DontSleepWithTheFishes_Data/resources.assets:no_path	dynamic/runtime	Weight Normal			strategy-needed	DontSleepWithTheFishes_Data/resources.assets:ascii@13364748	type=binary_string	_UnderlaySoftness | Border Softness | _WeightNormal || _WeightBold | Weight Bold | _ShaderFlags	diagnostic only: choose XUnity regex or runtime plugin strategy; do not add exact numeric rows or bare kg	high: dynamic runtime formatting and false replacement risk	binary string candidate for weight/fishing diagnostic
6	DontSleepWithTheFishes_Data/sharedassets1.assets:no_path	dynamic/runtime	;$;NGIGEGNGEGJGOGJGFGOGFGKGPGKGGGPGGGLGQGLGHGQGHGMGRGMG$;RG$;);SGNGJGSGJGOGTGOGKGTGKGPGUGPGLGUGLGQGVGQGMGVGMGRGWGRG);WG);.;XGSGOGXGOGTGYGTGPGYGPGUGZGUGQGZGQGVG[GVGRG[GRGWG\GWG.;\G.;3;]GXGTG]GTGYG^GYGUG^GUGZG_GZGVG_GVG[G`G[GWG`GWG\GaG\G3;aG3;8;bG]GYGbGYG^GcG^GZGcGZG_GdG_G[GdG[G`GeG`G\GeG\GaGfGaG8;fG8;=;gGbG^GgG^GcGhGcG_GhG_GdGiGdG`GiG`GeGjGeGaGjGaGfGkGfG=;kG=;B;lGgGcGlGcGhGmGhGdGmGdGiGnGiGeGnGeGjGoGjGfGoGfGkGpGkGB;pGB;G;v;pGG;qGkGpGqGoGkGrGpGv;rGqGpG{;rGv;			strategy-needed	DontSleepWithTheFishes_Data/sharedassets1.assets:ascii@5579755	type=binary_string	;?G:G6G?G6G;G@G;G7G@G7G<GAG<G8GAG8G=GBG=G9GBG9G>GCG>G | ;DG?G;GDG;G@GEG@G<GEG<GAGFGAG=GFG=GBGGGBG>GGG>GCGHGCG | ;IGDG@GIG@GEGJGEGAGJGAGFGKGFGBGKGBGGGLGGGCGLGCGHGMGHG || ;rG{;sGjGoGsGnGjGtGiGnGtGmGiGuGoGqGuGsGoGvGqGrG | ;vGrGvGuGqGwGnGsGwGtGnGxGvG | ;yGsGuGyGwGsGzGuGvGxGzGvGzGyGuG	diagnostic only: choose XUnity regex or runtime plugin strategy; do not add exact numeric rows or bare kg	high: dynamic runtime formatting and false replacement risk	binary string candidate for weight/fishing diagnostic
6	DontSleepWithTheFishes_Data/sharedassets1.assets:no_path	dynamic/runtime	Weight Bold			strategy-needed	DontSleepWithTheFishes_Data/sharedassets1.assets:ascii@6690912	type=binary_string	_WeightNormal | Weight Normal | _WeightBold || _ShaderFlags | Flags | _ScaleRatioA	diagnostic only: choose XUnity regex or runtime plugin strategy; do not add exact numeric rows or bare kg	high: dynamic runtime formatting and false replacement risk	binary string candidate for weight/fishing diagnostic
6	DontSleepWithTheFishes_Data/sharedassets1.assets:no_path	dynamic/runtime	Weight Normal			strategy-needed	DontSleepWithTheFishes_Data/sharedassets1.assets:ascii@6690840	type=binary_string	_GlowPower | Falloff | _WeightNormal || _WeightBold | Weight Bold | _ShaderFlags	diagnostic only: choose XUnity regex or runtime plugin strategy; do not add exact numeric rows or bare kg	high: dynamic runtime formatting and false replacement risk	binary string candidate for weight/fishing diagnostic
6	DontSleepWithTheFishes_Data/sharedassets4.assets:no_path	dynamic/runtime	#kG`C			strategy-needed	DontSleepWithTheFishes_Data/sharedassets4.assets:ascii@3571197	type=binary_string	XTYC%2 | +o@( | Z=Ee || +o@% | +o@+ | h0BH	diagnostic only: choose XUnity regex or runtime plugin strategy; do not add exact numeric rows or bare kg	high: dynamic runtime formatting and false replacement risk	binary string candidate for weight/fishing diagnostic
6	DontSleepWithTheFishes_Data/sharedassets4.assets:no_path	dynamic/runtime	*S?KG			strategy-needed	DontSleepWithTheFishes_Data/sharedassets4.assets:ascii@2021493	type=binary_string	=g_T? | ;B-X= | tB?q/ || ;B-X= | :\tV= | W=5Z	diagnostic only: choose XUnity regex or runtime plugin strategy; do not add exact numeric rows or bare kg	high: dynamic runtime formatting and false replacement risk	binary string candidate for weight/fishing diagnostic
6	DontSleepWithTheFishes_Data/sharedassets4.assets:no_path	dynamic/runtime	>=KG			strategy-needed	DontSleepWithTheFishes_Data/sharedassets4.assets:ascii@1894367	type=binary_string	";^EM<C | e>>#B | /.e> || """"?)<G< | ?Qc\ | BnG?,r"	diagnostic only: choose XUnity regex or runtime plugin strategy; do not add exact numeric rows or bare kg	high: dynamic runtime formatting and false replacement risk	binary string candidate for weight/fishing diagnostic
6	DontSleepWithTheFishes_Data/sharedassets4.assets:no_path	dynamic/runtime	kG>)			strategy-needed	DontSleepWithTheFishes_Data/sharedassets4.assets:ascii@1680933	type=binary_string	p>+2Y?;3 | V_+= | MP&= || MP&= | E$K> | MP&=I| ?	diagnostic only: choose XUnity regex or runtime plugin strategy; do not add exact numeric rows or bare kg	high: dynamic runtime formatting and false replacement risk	binary string candidate for weight/fishing diagnostic
6	DontSleepWithTheFishes_Data/sharedassets4.assets:no_path	dynamic/runtime	KG?g			strategy-needed	DontSleepWithTheFishes_Data/sharedassets4.assets:ascii@381605	type=binary_string	"$9J? | >=c(? | >ge[? || sK?R4 | \)T?}d | |8<R""&"	diagnostic only: choose XUnity regex or runtime plugin strategy; do not add exact numeric rows or bare kg	high: dynamic runtime formatting and false replacement risk	binary string candidate for weight/fishing diagnostic
6	GameAssembly.dll:no_path	dynamic/runtime	=kg$			strategy-needed	GameAssembly.dll:ascii@15543847	type=binary_string	='h$ | |$0H | |$0H || D$0f | \$0H | D$8.)	diagnostic only: choose XUnity regex or runtime plugin strategy; do not add exact numeric rows or bare kg	high: dynamic runtime formatting and false replacement risk	binary string candidate for weight/fishing diagnostic
6	GameAssembly.dll:no_path	dynamic/runtime	\5[KG			strategy-needed	GameAssembly.dll:ascii@4200807	type=binary_string	\$0H | )t$0H | ^s8u || HcC@A;@ | (t$0H | \$PH	diagnostic only: choose XUnity regex or runtime plugin strategy; do not add exact numeric rows or bare kg	high: dynamic runtime formatting and false replacement risk	binary string candidate for weight/fishing diagnostic
6	GameAssembly.dll:no_path	dynamic/runtime	_oD>Kg			strategy-needed	GameAssembly.dll:ascii@31892780	type=binary_string	N>A| | ])6M>& | CWD>~3 || AK>(v | fD>b | -BH>t	diagnostic only: choose XUnity regex or runtime plugin strategy; do not add exact numeric rows or bare kg	high: dynamic runtime formatting and false replacement risk	binary string candidate for weight/fishing diagnostic
6	GameAssembly.dll:no_path	dynamic/runtime	ky-KG			strategy-needed	GameAssembly.dll:ascii@31617507	type=binary_string	Bahasa Melayu (Malaysia) | kk-KZ | Kazakh (Kazakhstan) || Kyrgyz (Kyrgyzstan) | sw-KE | Swahili (Kenya)	diagnostic only: choose XUnity regex or runtime plugin strategy; do not add exact numeric rows or bare kg	high: dynamic runtime formatting and false replacement risk	binary string candidate for weight/fishing diagnostic
6	GameAssembly.dll:no_path	dynamic/runtime	ky-kg			strategy-needed	GameAssembly.dll:ascii@31626933	type=binary_string	kn-in | ko-kr | kok-in || lb-lu | lo-la | lt-lt	diagnostic only: choose XUnity regex or runtime plugin strategy; do not add exact numeric rows or bare kg	high: dynamic runtime formatting and false replacement risk	binary string candidate for weight/fishing diagnostic
6	GameAssembly.dll:no_path	dynamic/runtime	ky-KG			strategy-needed	GameAssembly.dll:utf-16le@31911592	type=binary_string	se-NO | ms-MY | kk-KZ || sw-KE | uz-UZ-Latn | tt-RU	diagnostic only: choose XUnity regex or runtime plugin strategy; do not add exact numeric rows or bare kg	high: dynamic runtime formatting and false replacement risk	binary string candidate for weight/fishing diagnostic
6	GameAssembly.dll:no_path	dynamic/runtime	ky-kg			strategy-needed	GameAssembly.dll:utf-16le@31918536	type=binary_string	kn-in | kok-in | ko-kr || lt-lt | lv-lv | mi-nz	diagnostic only: choose XUnity regex or runtime plugin strategy; do not add exact numeric rows or bare kg	high: dynamic runtime formatting and false replacement risk	binary string candidate for weight/fishing diagnostic
6	UnityPlayer.dll:no_path	dynamic/runtime	[{kG			strategy-needed	UnityPlayer.dll:ascii@27551996	type=binary_string	"qHEVS | qH263 | @?""V || 7^d[L | ,=DN | uf_~"	diagnostic only: choose XUnity regex or runtime plugin strategy; do not add exact numeric rows or bare kg	high: dynamic runtime formatting and false replacement risk	binary string candidate for weight/fishing diagnostic
6	UnityPlayer.dll:no_path	dynamic/runtime	_oD>Kg			strategy-needed	UnityPlayer.dll:ascii@27895660	type=binary_string	N>A| | ])6M>& | CWD>~3 || AK>(v | fD>b | -BH>t	diagnostic only: choose XUnity regex or runtime plugin strategy; do not add exact numeric rows or bare kg	high: dynamic runtime formatting and false replacement risk	binary string candidate for weight/fishing diagnostic
6	UnityPlayer.dll:no_path	dynamic/runtime	Bass	Окунь		strategy-needed	UnityPlayer.dll:ascii@29633763	type=binary_string	Armn | Avst | Bamu || Batk | Beng | Bopo	diagnostic only: choose XUnity regex or runtime plugin strategy; do not add exact numeric rows or bare kg	high: dynamic runtime formatting and false replacement risk	binary string candidate for weight/fishing diagnostic
6	UnityPlayer.dll:no_path	dynamic/runtime	Bass	Окунь		strategy-needed	UnityPlayer.dll:ascii@29893161	type=binary_string	Nkgb | Sarb | Old_South_Arabian || Bassa_Vah | Dupl | Duployan	diagnostic only: choose XUnity regex or runtime plugin strategy; do not add exact numeric rows or bare kg	high: dynamic runtime formatting and false replacement risk	binary string candidate for weight/fishing diagnostic
6	UnityPlayer.dll:no_path	dynamic/runtime	Blend shape frame weight must be greater than previous frame weight			strategy-needed	UnityPlayer.dll:ascii@28858480	type=binary_string	The number of vertices in the combined mesh (%zu) exceeds the maximum supported vertex count (%zu) of the UInt16 index format. Consider u... | Cannot combine mesh: %s | The number of vertices in the combined mesh (%zu) exceeds the maximum supported vertex count (%zu) of the UInt32 index format. || Blend shape name already exists | subMeshCount can't be set to negative value | Not allowed to access %s on mesh '%s' (isReadable is false; Read/Write must be enabled in import settings)	diagnostic only: choose XUnity regex or runtime plugin strategy; do not add exact numeric rows or bare kg	high: dynamic runtime formatting and false replacement risk	binary string candidate for weight/fishing diagnostic
6	UnityPlayer.dll:no_path	dynamic/runtime	Bone Weight buffer for %i bones per vertex on %s is null			strategy-needed	UnityPlayer.dll:ascii@28862168	type=binary_string	Skinned mesh attributes use wrong streams: | %s should use stream %i (was %i) | Can not access blend shape buffer on %s || Invalid submesh index start/count values (got start=%i count=%i, mesh has %zu indices) | blendShapeName | Invalid buffer index %i for Mesh '%s'	diagnostic only: choose XUnity regex or runtime plugin strategy; do not add exact numeric rows or bare kg	high: dynamic runtime formatting and false replacement risk	binary string candidate for weight/fishing diagnostic
6	UnityPlayer.dll:no_path	dynamic/runtime	ky-KG			strategy-needed	UnityPlayer.dll:utf-16le@27912584	type=binary_string	se-NO | ms-MY | kk-KZ || sw-KE | uz-UZ-Latn | tt-RU	diagnostic only: choose XUnity regex or runtime plugin strategy; do not add exact numeric rows or bare kg	high: dynamic runtime formatting and false replacement risk	binary string candidate for weight/fishing diagnostic
6	UnityPlayer.dll:no_path	dynamic/runtime	ky-kg			strategy-needed	UnityPlayer.dll:utf-16le@27919480	type=binary_string	kn-in | kok-in | ko-kr || lt-lt | lv-lv | mi-nz	diagnostic only: choose XUnity regex or runtime plugin strategy; do not add exact numeric rows or bare kg	high: dynamic runtime formatting and false replacement risk	binary string candidate for weight/fishing diagnostic
6	UnityPlayer.dll:no_path	dynamic/runtime	m_Sources.Array.data[%d].weight			strategy-needed	UnityPlayer.dll:ascii@29484304	type=binary_string	m_UpType | m_WorldUpVector | m_RestTranslation.x || m_RestTranslation.z | m_RestTranslation.y | m_Sources.Array.data[%d].sourceTransform	diagnostic only: choose XUnity regex or runtime plugin strategy; do not add exact numeric rows or bare kg	high: dynamic runtime formatting and false replacement risk	binary string candidate for weight/fishing diagnostic
6	UnityPlayer.dll:no_path	dynamic/runtime	Number of items in name and weight lists don't match!			strategy-needed	UnityPlayer.dll:ascii@29534576	type=binary_string	FSB sub sound | Cannot get length for FSB sub sound %s | Cannot open FSB sub sound %s || Snapshot '%s' passed to AudioMixer.TransitionToSnapshots is not a snapshot from AudioMixer '%s' | null Snapshot passed to AudioMixer.TransitionToSnapshots of AudioMixer '%s' | Provider not registered with source.	diagnostic only: choose XUnity regex or runtime plugin strategy; do not add exact numeric rows or bare kg	high: dynamic runtime formatting and false replacement risk	binary string candidate for weight/fishing diagnostic
6	UnityPlayer.dll:no_path	dynamic/runtime	o-Kg			strategy-needed	UnityPlayer.dll:ascii@12094367	type=binary_string	)\$@fD | )d$0fD | )l$ fD || )<$fD | p0Uf | (<$D	diagnostic only: choose XUnity regex or runtime plugin strategy; do not add exact numeric rows or bare kg	high: dynamic runtime formatting and false replacement risk	binary string candidate for weight/fishing diagnostic
6	UnityPlayer.dll:no_path	dynamic/runtime	weight			strategy-needed	UnityPlayer.dll:ascii@29478060	type=binary_string	m_Path | Unknown wrapMode | m_Mask || m_Weight | Invalid Transform Index | Invalid BodyPart Index	diagnostic only: choose XUnity regex or runtime plugin strategy; do not add exact numeric rows or bare kg	high: dynamic runtime formatting and false replacement risk	binary string candidate for weight/fishing diagnostic
6	UnityPlayer.dll:no_path	dynamic/runtime	Weight			strategy-needed	UnityPlayer.dll:ascii@30425504	type=binary_string	UnderlinePosition | UnderlineThickness | VVector || WeightVector | XHeight | StartCharMetrics	diagnostic only: choose XUnity regex or runtime plugin strategy; do not add exact numeric rows or bare kg	high: dynamic runtime formatting and false replacement risk	binary string candidate for weight/fishing diagnostic
6	UnityPlayer.dll:no_path	dynamic/runtime	weight[0]			strategy-needed	UnityPlayer.dll:ascii@28733672	type=binary_string	boneIndex[0] | boneIndex[1] | boneIndex[2] || weight[1] | weight[2] | Index (%d) is out of bounds (0-%d)	diagnostic only: choose XUnity regex or runtime plugin strategy; do not add exact numeric rows or bare kg	high: dynamic runtime formatting and false replacement risk	binary string candidate for weight/fishing diagnostic
6	UnityPlayer.dll:no_path	dynamic/runtime	weight[1]			strategy-needed	UnityPlayer.dll:ascii@28733688	type=binary_string	boneIndex[1] | boneIndex[2] | weight[0] || weight[2] | Index (%d) is out of bounds (0-%d) | Empty secondary texture name provided.	diagnostic only: choose XUnity regex or runtime plugin strategy; do not add exact numeric rows or bare kg	high: dynamic runtime formatting and false replacement risk	binary string candidate for weight/fishing diagnostic
6	UnityPlayer.dll:no_path	dynamic/runtime	weight[2]			strategy-needed	UnityPlayer.dll:ascii@28733704	type=binary_string	boneIndex[2] | weight[0] | weight[1] || Index (%d) is out of bounds (0-%d) | Empty secondary texture name provided. | Physics Shape at %d has less than 3 vertices (%d).	diagnostic only: choose XUnity regex or runtime plugin strategy; do not add exact numeric rows or bare kg	high: dynamic runtime formatting and false replacement risk	binary string candidate for weight/fishing diagnostic
6	UnityPlayer.dll:no_path	dynamic/runtime	weight[3]			strategy-needed	UnityPlayer.dll:ascii@28733600	type=binary_string	boneIndex[3] | m_Center | m_Extent || boneIndex[0] | boneIndex[1] | boneIndex[2]	diagnostic only: choose XUnity regex or runtime plugin strategy; do not add exact numeric rows or bare kg	high: dynamic runtime formatting and false replacement risk	binary string candidate for weight/fishing diagnostic
6	UnityPlayer.dll:no_path	dynamic/runtime	~.kg			strategy-needed	UnityPlayer.dll:ascii@30258866	type=binary_string	aC.B | h}{? | =Kc, || im]$ | t2%\ | 5+WJ	diagnostic only: choose XUnity regex or runtime plugin strategy; do not add exact numeric rows or bare kg	high: dynamic runtime formatting and false replacement risk	binary string candidate for weight/fishing diagnostic
6	baselib.dll:no_path	dynamic/runtime	ky-KG			strategy-needed	baselib.dll:utf-16le@156152	type=binary_string	se-NO | ms-MY | kk-KZ || sw-KE | uz-UZ-Latn | tt-RU	diagnostic only: choose XUnity regex or runtime plugin strategy; do not add exact numeric rows or bare kg	high: dynamic runtime formatting and false replacement risk	binary string candidate for weight/fishing diagnostic
6	baselib.dll:no_path	dynamic/runtime	ky-kg			strategy-needed	baselib.dll:utf-16le@163096	type=binary_string	kn-in | kok-in | ko-kr || lt-lt | lv-lv | mi-nz	diagnostic only: choose XUnity regex or runtime plugin strategy; do not add exact numeric rows or bare kg	high: dynamic runtime formatting and false replacement risk	binary string candidate for weight/fishing diagnostic
6	sharedassets1.assets:no_path	unknown	Weight Bold			strategy-needed	sharedassets1.assets:raw_ascii@6690912	type=raw_bytes	Border Dilate | Border Softness | Weight Normal || Scale RatioA | Scale RatioB | Scale RatioC	diagnostic only: choose XUnity regex or runtime plugin strategy; do not add exact numeric rows or bare kg	high: dynamic runtime formatting and false replacement risk	raw byte fallback candidate; inspect neighbouring Unity object if promoted
6	sharedassets1.assets:no_path	unknown	Weight Normal			strategy-needed	sharedassets1.assets:raw_ascii@6690840	type=raw_bytes	Border OffsetY | Border Dilate | Border Softness || Weight Bold | Scale RatioA | Scale RatioB	diagnostic only: choose XUnity regex or runtime plugin strategy; do not add exact numeric rows or bare kg	high: dynamic runtime formatting and false replacement risk	raw byte fallback candidate; inspect neighbouring Unity object if promoted
9	level1:436	notification	Item Background			ignore-technical	level1:path_id=436:m_Name	type=GameObject; name=Item Background; dump=level1/GameObject/436__Item_Background.json		ignore unless runtime evidence shows this helper/object name is displayed	none: likely internal object/helper name	Same English item text exists in both versions but serialized locations differ. v1.1.2 locations=level1:427:m_Name:Item Background; level1::raw_ascii@80784:; level2:2452:m_Name:Item Background; level3:1360:m_Name:Item Background; level3::raw_ascii@211136:; +5 more; v1.1.3 locations=level1:436:m_Name:Item Background; level1::raw_ascii@82640:; level2:2461:m_Name:Item Background; level3:1369:m_Name:Item Background; level3::raw_ascii@212896:; +4 more. Use source text plus neighbouring object context, not path_id/list index.
9	level1:443	notification	Item Label			ignore-technical	level1:path_id=443:m_Name	type=GameObject; name=Item Label; dump=level1/GameObject/443__Item_Label.json		ignore unless runtime evidence shows this helper/object name is displayed	none: likely internal object/helper name	Same English item text exists in both versions but serialized locations differ. v1.1.2 locations=level1:433:m_Name:Item Label; level1::raw_ascii@81200:; level2:2429:m_Name:Item Label; level3:1357:m_Name:Item Label; level3::raw_ascii@210944:; +5 more; v1.1.3 locations=level1:443:m_Name:Item Label; level1::raw_ascii@83136:; level2:2438:m_Name:Item Label; level3:1366:m_Name:Item Label; level3::raw_ascii@212704:; +4 more. Use source text plus neighbouring object context, not path_id/list index.
9	level1:475	item	Item			ignore-technical	level1:path_id=475:m_Name	type=GameObject; name=Item; dump=level1/GameObject/475__Item.json		ignore unless runtime evidence shows this helper/object name is displayed	none: likely internal object/helper name	Same English item text exists in both versions but serialized locations differ. v1.1.2 locations=level1:465:m_Name:Item; level1::raw_ascii@83380:; level2:2219:m_Name:Item; level2::raw_ascii@327652:; level3:1293:m_Name:Item; +6 more; v1.1.3 locations=level1:475:m_Name:Item; level1::raw_ascii@85316:; level2:2226:m_Name:Item; level2::raw_ascii@329140:; level3:1300:m_Name:Item; +5 more. Use source text plus neighbouring object context, not path_id/list index.
9	level1:479	notification	Item Checkmark			ignore-technical	level1:path_id=479:m_Name	type=GameObject; name=Item Checkmark; dump=level1/GameObject/479__Item_Checkmark.json		ignore unless runtime evidence shows this helper/object name is displayed	none: likely internal object/helper name	Same English item text exists in both versions but serialized locations differ. v1.1.2 locations=level1:469:m_Name:Item Checkmark; level1::raw_ascii@83648:; level2:2224:m_Name:Item Checkmark; level2::raw_ascii@327952:; level3:1296:m_Name:Item Checkmark; +6 more; v1.1.3 locations=level1:479:m_Name:Item Checkmark; level1::raw_ascii@85584:; level2:2231:m_Name:Item Checkmark; level2::raw_ascii@329440:; level3:1303:m_Name:Item Checkmark; +5 more. Use source text plus neighbouring object context, not path_id/list index.
9	level1:no_path	notification	Item Background			ignore-technical	level1:raw_ascii@82640	type=raw_bytes	UniStorm Moon | UniStorm Windzone | UniStorm Sun || DayGameMusic | Item Label | Fill Area	ignore unless runtime evidence shows this helper/object name is displayed	none: likely internal object/helper name	raw byte fallback candidate; inspect neighbouring Unity object if promoted
9	level1:no_path	notification	Item Checkmark			ignore-technical	level1:raw_ascii@85584	type=raw_bytes	Settings | Handle Slide Area | Item || InputField (TMP) | Restore | PausedTitle	ignore unless runtime evidence shows this helper/object name is displayed	none: likely internal object/helper name	raw byte fallback candidate; inspect neighbouring Unity object if promoted
9	level1:no_path	notification	Item Label			ignore-technical	level1:raw_ascii@83136	type=raw_bytes	UniStorm Sun | Item Background | DayGameMusic || Fill Area | Sliding Area | Fill Area	ignore unless runtime evidence shows this helper/object name is displayed	none: likely internal object/helper name	raw byte fallback candidate; inspect neighbouring Unity object if promoted
9	level2:1010	item	bait (11)			ignore-technical	level2:path_id=1010:m_Name	type=GameObject; name=bait (11); dump=level2/GameObject/1010__bait_11.json		ignore unless runtime evidence shows this helper/object name is displayed	none: likely internal object/helper name	UnityPy typetree string
9	level2:1025	item	food_fish (16)			ignore-technical	level2:path_id=1025:m_Name	type=GameObject; name=food_fish (16); dump=level2/GameObject/1025__food_fish_16.json		ignore unless runtime evidence shows this helper/object name is displayed	none: likely internal object/helper name	UnityPy typetree string
9	level2:1038	item	food_fish (28)			ignore-technical	level2:path_id=1038:m_Name	type=GameObject; name=food_fish (28); dump=level2/GameObject/1038__food_fish_28.json		ignore unless runtime evidence shows this helper/object name is displayed	none: likely internal object/helper name	UnityPy typetree string
9	level2:1080	item	bait (9)			ignore-technical	level2:path_id=1080:m_Name	type=GameObject; name=bait (9); dump=level2/GameObject/1080__bait_9.json		ignore unless runtime evidence shows this helper/object name is displayed	none: likely internal object/helper name	UnityPy typetree string
9	level2:1104	item	food_fish (1)			ignore-technical	level2:path_id=1104:m_Name	type=GameObject; name=food_fish (1); dump=level2/GameObject/1104__food_fish_1.json		ignore unless runtime evidence shows this helper/object name is displayed	none: likely internal object/helper name	Same English item text exists in both versions but serialized locations differ. v1.1.2 locations=level2:1104:m_Name:food_fish (1); level2:1131:m_Name:food_fish (1); level3:371:m_Name:food_fish (1); level4:174:m_Name:food_fish (1); v1.1.3 locations=level2:1104:m_Name:food_fish (1); level2:1131:m_Name:food_fish (1); level3:371:m_Name:food_fish (1); level4:197:m_Name:food_fish (1). Use source text plus neighbouring object context, not path_id/list index.
9	level2:1109	item	food_fish (15)			ignore-technical	level2:path_id=1109:m_Name	type=GameObject; name=food_fish (15); dump=level2/GameObject/1109__food_fish_15.json		ignore unless runtime evidence shows this helper/object name is displayed	none: likely internal object/helper name	UnityPy typetree string
9	level2:111	item	food_fish (25)			ignore-technical	level2:path_id=111:m_Name	type=GameObject; name=food_fish (25); dump=level2/GameObject/111__food_fish_25.json		ignore unless runtime evidence shows this helper/object name is displayed	none: likely internal object/helper name	UnityPy typetree string
9	level2:1131	item	food_fish (1)			ignore-technical	level2:path_id=1131:m_Name	type=GameObject; name=food_fish (1); dump=level2/GameObject/1131__food_fish_1.json		ignore unless runtime evidence shows this helper/object name is displayed	none: likely internal object/helper name	UnityPy typetree string
9	level2:1168	item	food_fish (26)			ignore-technical	level2:path_id=1168:m_Name	type=GameObject; name=food_fish (26); dump=level2/GameObject/1168__food_fish_26.json		ignore unless runtime evidence shows this helper/object name is displayed	none: likely internal object/helper name	UnityPy typetree string
9	level2:1329	item	bait (6)			ignore-technical	level2:path_id=1329:m_Name	type=GameObject; name=bait (6); dump=level2/GameObject/1329__bait_6.json		ignore unless runtime evidence shows this helper/object name is displayed	none: likely internal object/helper name	UnityPy typetree string
9	level2:1333	item	food_fish (7)			ignore-technical	level2:path_id=1333:m_Name	type=GameObject; name=food_fish (7); dump=level2/GameObject/1333__food_fish_7.json		ignore unless runtime evidence shows this helper/object name is displayed	none: likely internal object/helper name	UnityPy typetree string
9	level2:1345	item	food_fish (29)			ignore-technical	level2:path_id=1345:m_Name	type=GameObject; name=food_fish (29); dump=level2/GameObject/1345__food_fish_29.json		ignore unless runtime evidence shows this helper/object name is displayed	none: likely internal object/helper name	UnityPy typetree string
9	level2:1366	item	flaregun (3)			ignore-technical	level2:path_id=1366:m_Name	type=GameObject; name=flaregun (3); dump=level2/GameObject/1366__flaregun_3.json		ignore unless runtime evidence shows this helper/object name is displayed	none: likely internal object/helper name	UnityPy typetree string
9	level2:1372	item	food_fish (12)			ignore-technical	level2:path_id=1372:m_Name	type=GameObject; name=food_fish (12); dump=level2/GameObject/1372__food_fish_12.json		ignore unless runtime evidence shows this helper/object name is displayed	none: likely internal object/helper name	UnityPy typetree string
9	level2:1374	item	bait (8)			ignore-technical	level2:path_id=1374:m_Name	type=GameObject; name=bait (8); dump=level2/GameObject/1374__bait_8.json		ignore unless runtime evidence shows this helper/object name is displayed	none: likely internal object/helper name	UnityPy typetree string
9	level2:1384	item	food_fish (19)			ignore-technical	level2:path_id=1384:m_Name	type=GameObject; name=food_fish (19); dump=level2/GameObject/1384__food_fish_19.json		ignore unless runtime evidence shows this helper/object name is displayed	none: likely internal object/helper name	UnityPy typetree string
9	level2:1425	item	food_fish (11)			ignore-technical	level2:path_id=1425:m_Name	type=GameObject; name=food_fish (11); dump=level2/GameObject/1425__food_fish_11.json		ignore unless runtime evidence shows this helper/object name is displayed	none: likely internal object/helper name	UnityPy typetree string
9	level2:1479	item	food_fish (32)			ignore-technical	level2:path_id=1479:m_Name	type=GameObject; name=food_fish (32); dump=level2/GameObject/1479__food_fish_32.json		ignore unless runtime evidence shows this helper/object name is displayed	none: likely internal object/helper name	UnityPy typetree string
9	level2:148	item	food_fish (17)			ignore-technical	level2:path_id=148:m_Name	type=GameObject; name=food_fish (17); dump=level2/GameObject/148__food_fish_17.json		ignore unless runtime evidence shows this helper/object name is displayed	none: likely internal object/helper name	UnityPy typetree string
9	level2:171	item	bait	Наживка		ignore-technical	level2:path_id=171:m_Name	type=GameObject; name=bait; dump=level2/GameObject/171__bait.json		ignore unless runtime evidence shows this helper/object name is displayed	none: likely internal object/helper name	Same English item text exists in both versions but serialized locations differ. v1.1.2 locations=level2:171:m_Name:bait; level2:1148:m_Name:bait; level2:7188:raw_length_prefixed@1135444:bait (10); level2:7252:raw_length_prefixed@1141364:bait (5); level2:7266:raw_length_prefixed@1142404:bait (1); +48 more; v1.1.3 locations=level2:171:m_Name:bait; level2:1148:m_Name:bait; level2:7223:raw_length_prefixed@1140676:bait (10); level2:7287:raw_length_prefixed@1146596:bait (5); level2:7301:raw_length_prefixed@1147636:bait (1); +48 more. Use source text plus neighbouring object context, not path_id/list index.
9	level2:179	item	food_fish (31)			ignore-technical	level2:path_id=179:m_Name	type=GameObject; name=food_fish (31); dump=level2/GameObject/179__food_fish_31.json		ignore unless runtime evidence shows this helper/object name is displayed	none: likely internal object/helper name	UnityPy typetree string
9	level2:2226	item	Item			ignore-technical	level2:path_id=2226:m_Name	type=GameObject; name=Item; dump=level2/GameObject/2226__Item.json		ignore unless runtime evidence shows this helper/object name is displayed	none: likely internal object/helper name	UnityPy typetree string
9	level2:2231	notification	Item Checkmark			ignore-technical	level2:path_id=2231:m_Name	type=GameObject; name=Item Checkmark; dump=level2/GameObject/2231__Item_Checkmark.json		ignore unless runtime evidence shows this helper/object name is displayed	none: likely internal object/helper name	UnityPy typetree string
9	level2:243	item	food_fish (18)			ignore-technical	level2:path_id=243:m_Name	type=GameObject; name=food_fish (18); dump=level2/GameObject/243__food_fish_18.json		ignore unless runtime evidence shows this helper/object name is displayed	none: likely internal object/helper name	UnityPy typetree string
9	level2:2438	notification	Item Label			ignore-technical	level2:path_id=2438:m_Name	type=GameObject; name=Item Label; dump=level2/GameObject/2438__Item_Label.json		ignore unless runtime evidence shows this helper/object name is displayed	none: likely internal object/helper name	UnityPy typetree string
9	level2:2461	notification	Item Background			ignore-technical	level2:path_id=2461:m_Name	type=GameObject; name=Item Background; dump=level2/GameObject/2461__Item_Background.json		ignore unless runtime evidence shows this helper/object name is displayed	none: likely internal object/helper name	UnityPy typetree string
9	level2:252	item	scuba_set (2)			ignore-technical	level2:path_id=252:m_Name	type=GameObject; name=scuba_set (2); dump=level2/GameObject/252__scuba_set_2.json		ignore unless runtime evidence shows this helper/object name is displayed	none: likely internal object/helper name	UnityPy typetree string
9	level2:253	item	food_fish (23)			ignore-technical	level2:path_id=253:m_Name	type=GameObject; name=food_fish (23); dump=level2/GameObject/253__food_fish_23.json		ignore unless runtime evidence shows this helper/object name is displayed	none: likely internal object/helper name	UnityPy typetree string
9	level2:269	item	food_fish (4)			ignore-technical	level2:path_id=269:m_Name	type=GameObject; name=food_fish (4); dump=level2/GameObject/269__food_fish_4.json		ignore unless runtime evidence shows this helper/object name is displayed	none: likely internal object/helper name	Same English item text exists in both versions but serialized locations differ. v1.1.2 locations=level2:269:m_Name:food_fish (4); level2:679:m_Name:food_fish (4); level3:405:m_Name:food_fish (4); level4:740:m_Name:food_fish (4); v1.1.3 locations=level2:269:m_Name:food_fish (4); level2:679:m_Name:food_fish (4); level3:405:m_Name:food_fish (4); level4:837:m_Name:food_fish (4). Use source text plus neighbouring object context, not path_id/list index.
9	level2:285	item	food_fish (7)			ignore-technical	level2:path_id=285:m_Name	type=GameObject; name=food_fish (7); dump=level2/GameObject/285__food_fish_7.json		ignore unless runtime evidence shows this helper/object name is displayed	none: likely internal object/helper name	Same English item text exists in both versions but serialized locations differ. v1.1.2 locations=level2:285:m_Name:food_fish (7); level2:1333:m_Name:food_fish (7); level3:115:m_Name:food_fish (7); level4:2295:m_Name:food_fish (7); v1.1.3 locations=level2:285:m_Name:food_fish (7); level2:1333:m_Name:food_fish (7); level3:115:m_Name:food_fish (7); level4:2599:m_Name:food_fish (7). Use source text plus neighbouring object context, not path_id/list index.
9	level2:286	item	bait (5)			ignore-technical	level2:path_id=286:m_Name	type=GameObject; name=bait (5); dump=level2/GameObject/286__bait_5.json		ignore unless runtime evidence shows this helper/object name is displayed	none: likely internal object/helper name	UnityPy typetree string
9	level2:334	item	food_fish (9)			ignore-technical	level2:path_id=334:m_Name	type=GameObject; name=food_fish (9); dump=level2/GameObject/334__food_fish_9.json		ignore unless runtime evidence shows this helper/object name is displayed	none: likely internal object/helper name	UnityPy typetree string
9	level2:348	item	bait (1)			ignore-technical	level2:path_id=348:m_Name	type=GameObject; name=bait (1); dump=level2/GameObject/348__bait_1.json		ignore unless runtime evidence shows this helper/object name is displayed	none: likely internal object/helper name	Same English item text exists in both versions but serialized locations differ. v1.1.2 locations=level2:348:m_Name:bait (1); level2:698:m_Name:bait (1); level3:286:m_Name:bait (1); level4:2270:m_Name:bait (1); v1.1.3 locations=level2:348:m_Name:bait (1); level2:698:m_Name:bait (1); level3:286:m_Name:bait (1); level4:2570:m_Name:bait (1). Use source text plus neighbouring object context, not path_id/list index.
9	level2:408	item	food_fish (6)			ignore-technical	level2:path_id=408:m_Name	type=GameObject; name=food_fish (6); dump=level2/GameObject/408__food_fish_6.json		ignore unless runtime evidence shows this helper/object name is displayed	none: likely internal object/helper name	Same English item text exists in both versions but serialized locations differ. v1.1.2 locations=level2:408:m_Name:food_fish (6); level2:620:m_Name:food_fish (6); level3:206:m_Name:food_fish (6); level4:1633:m_Name:food_fish (6); v1.1.3 locations=level2:408:m_Name:food_fish (6); level2:620:m_Name:food_fish (6); level3:206:m_Name:food_fish (6); level4:1851:m_Name:food_fish (6). Use source text plus neighbouring object context, not path_id/list index.
9	level2:410	item	bait (15)			ignore-technical	level2:path_id=410:m_Name	type=GameObject; name=bait (15); dump=level2/GameObject/410__bait_15.json		ignore unless runtime evidence shows this helper/object name is displayed	none: likely internal object/helper name	UnityPy typetree string
9	level2:429	item	food_fish (2)			ignore-technical	level2:path_id=429:m_Name	type=GameObject; name=food_fish (2); dump=level2/GameObject/429__food_fish_2.json		ignore unless runtime evidence shows this helper/object name is displayed	none: likely internal object/helper name	Same English item text exists in both versions but serialized locations differ. v1.1.2 locations=level2:429:m_Name:food_fish (2); level2:536:m_Name:food_fish (2); level3:675:m_Name:food_fish (2); level4:525:m_Name:food_fish (2); v1.1.3 locations=level2:429:m_Name:food_fish (2); level2:536:m_Name:food_fish (2); level3:675:m_Name:food_fish (2); level4:598:m_Name:food_fish (2). Use source text plus neighbouring object context, not path_id/list index.
9	level2:44	item	food_fish (27)			ignore-technical	level2:path_id=44:m_Name	type=GameObject; name=food_fish (27); dump=level2/GameObject/44__food_fish_27.json		ignore unless runtime evidence shows this helper/object name is displayed	none: likely internal object/helper name	UnityPy typetree string
9	level2:453	item	food_fish (14)			ignore-technical	level2:path_id=453:m_Name	type=GameObject; name=food_fish (14); dump=level2/GameObject/453__food_fish_14.json		ignore unless runtime evidence shows this helper/object name is displayed	none: likely internal object/helper name	UnityPy typetree string
9	level2:458	item	bait (7)			ignore-technical	level2:path_id=458:m_Name	type=GameObject; name=bait (7); dump=level2/GameObject/458__bait_7.json		ignore unless runtime evidence shows this helper/object name is displayed	none: likely internal object/helper name	UnityPy typetree string
9	level2:511	item	food_fish (5)			ignore-technical	level2:path_id=511:m_Name	type=GameObject; name=food_fish (5); dump=level2/GameObject/511__food_fish_5.json		ignore unless runtime evidence shows this helper/object name is displayed	none: likely internal object/helper name	Same English item text exists in both versions but serialized locations differ. v1.1.2 locations=level2:511:m_Name:food_fish (5); level2:841:m_Name:food_fish (5); level3:796:m_Name:food_fish (5); level4:1150:m_Name:food_fish (5); v1.1.3 locations=level2:511:m_Name:food_fish (5); level2:841:m_Name:food_fish (5); level3:796:m_Name:food_fish (5); level4:1304:m_Name:food_fish (5). Use source text plus neighbouring object context, not path_id/list index.
9	level2:522	item	flaregun (1)			ignore-technical	level2:path_id=522:m_Name	type=GameObject; name=flaregun (1); dump=level2/GameObject/522__flaregun_1.json		ignore unless runtime evidence shows this helper/object name is displayed	none: likely internal object/helper name	UnityPy typetree string
9	level2:536	item	food_fish (2)			ignore-technical	level2:path_id=536:m_Name	type=GameObject; name=food_fish (2); dump=level2/GameObject/536__food_fish_2.json		ignore unless runtime evidence shows this helper/object name is displayed	none: likely internal object/helper name	UnityPy typetree string
9	level2:55	item	bait (10)			ignore-technical	level2:path_id=55:m_Name	type=GameObject; name=bait (10); dump=level2/GameObject/55__bait_10.json		ignore unless runtime evidence shows this helper/object name is displayed	none: likely internal object/helper name	UnityPy typetree string
9	level2:562	item	bait (16)			ignore-technical	level2:path_id=562:m_Name	type=GameObject; name=bait (16); dump=level2/GameObject/562__bait_16.json		ignore unless runtime evidence shows this helper/object name is displayed	none: likely internal object/helper name	UnityPy typetree string
9	level2:616	item	food_fish (21)			ignore-technical	level2:path_id=616:m_Name	type=GameObject; name=food_fish (21); dump=level2/GameObject/616__food_fish_21.json		ignore unless runtime evidence shows this helper/object name is displayed	none: likely internal object/helper name	UnityPy typetree string
9	level2:618	item	food_fish (3)			ignore-technical	level2:path_id=618:m_Name	type=GameObject; name=food_fish (3); dump=level2/GameObject/618__food_fish_3.json		ignore unless runtime evidence shows this helper/object name is displayed	none: likely internal object/helper name	Same English item text exists in both versions but serialized locations differ. v1.1.2 locations=level2:618:m_Name:food_fish (3); level2:784:m_Name:food_fish (3); level3:217:m_Name:food_fish (3); level4:1008:m_Name:food_fish (3); v1.1.3 locations=level2:618:m_Name:food_fish (3); level2:784:m_Name:food_fish (3); level3:217:m_Name:food_fish (3); level4:1143:m_Name:food_fish (3). Use source text plus neighbouring object context, not path_id/list index.
9	level2:620	item	food_fish (6)			ignore-technical	level2:path_id=620:m_Name	type=GameObject; name=food_fish (6); dump=level2/GameObject/620__food_fish_6.json		ignore unless runtime evidence shows this helper/object name is displayed	none: likely internal object/helper name	UnityPy typetree string
9	level2:65	item	food_fish (20)			ignore-technical	level2:path_id=65:m_Name	type=GameObject; name=food_fish (20); dump=level2/GameObject/65__food_fish_20.json		ignore unless runtime evidence shows this helper/object name is displayed	none: likely internal object/helper name	UnityPy typetree string
9	level2:679	item	food_fish (4)			ignore-technical	level2:path_id=679:m_Name	type=GameObject; name=food_fish (4); dump=level2/GameObject/679__food_fish_4.json		ignore unless runtime evidence shows this helper/object name is displayed	none: likely internal object/helper name	UnityPy typetree string
9	level2:691	item	food_fish (33)			ignore-technical	level2:path_id=691:m_Name	type=GameObject; name=food_fish (33); dump=level2/GameObject/691__food_fish_33.json		ignore unless runtime evidence shows this helper/object name is displayed	none: likely internal object/helper name	UnityPy typetree string
9	level2:698	item	bait (1)			ignore-technical	level2:path_id=698:m_Name	type=GameObject; name=bait (1); dump=level2/GameObject/698__bait_1.json		ignore unless runtime evidence shows this helper/object name is displayed	none: likely internal object/helper name	UnityPy typetree string
9	level2:720	item	food_fish (13)			ignore-technical	level2:path_id=720:m_Name	type=GameObject; name=food_fish (13); dump=level2/GameObject/720__food_fish_13.json		ignore unless runtime evidence shows this helper/object name is displayed	none: likely internal object/helper name	UnityPy typetree string
9	level2:735	item	bait (2)			ignore-technical	level2:path_id=735:m_Name	type=GameObject; name=bait (2); dump=level2/GameObject/735__bait_2.json		ignore unless runtime evidence shows this helper/object name is displayed	none: likely internal object/helper name	Same English item text exists in both versions but serialized locations differ. v1.1.2 locations=level2:735:m_Name:bait (2); level2:871:m_Name:bait (2); level3:670:m_Name:bait (2); level4:1244:m_Name:bait (2); v1.1.3 locations=level2:735:m_Name:bait (2); level2:871:m_Name:bait (2); level3:670:m_Name:bait (2); level4:1408:m_Name:bait (2). Use source text plus neighbouring object context, not path_id/list index.
9	level2:74	item	food_fish (22)			ignore-technical	level2:path_id=74:m_Name	type=GameObject; name=food_fish (22); dump=level2/GameObject/74__food_fish_22.json		ignore unless runtime evidence shows this helper/object name is displayed	none: likely internal object/helper name	UnityPy typetree string
9	level2:784	item	food_fish (3)			ignore-technical	level2:path_id=784:m_Name	type=GameObject; name=food_fish (3); dump=level2/GameObject/784__food_fish_3.json		ignore unless runtime evidence shows this helper/object name is displayed	none: likely internal object/helper name	UnityPy typetree string
9	level2:80	item	scuba_set (1)			ignore-technical	level2:path_id=80:m_Name	type=GameObject; name=scuba_set (1); dump=level2/GameObject/80__scuba_set_1.json		ignore unless runtime evidence shows this helper/object name is displayed	none: likely internal object/helper name	UnityPy typetree string
9	level2:804	item	food_fish (10)			ignore-technical	level2:path_id=804:m_Name	type=GameObject; name=food_fish (10); dump=level2/GameObject/804__food_fish_10.json		ignore unless runtime evidence shows this helper/object name is displayed	none: likely internal object/helper name	UnityPy typetree string
9	level2:805	item	food_fish (30)			ignore-technical	level2:path_id=805:m_Name	type=GameObject; name=food_fish (30); dump=level2/GameObject/805__food_fish_30.json		ignore unless runtime evidence shows this helper/object name is displayed	none: likely internal object/helper name	UnityPy typetree string
9	level2:820	item	flaregun (2)			ignore-technical	level2:path_id=820:m_Name	type=GameObject; name=flaregun (2); dump=level2/GameObject/820__flaregun_2.json		ignore unless runtime evidence shows this helper/object name is displayed	none: likely internal object/helper name	UnityPy typetree string
9	level2:822	item	bait (3)			ignore-technical	level2:path_id=822:m_Name	type=GameObject; name=bait (3); dump=level2/GameObject/822__bait_3.json		ignore unless runtime evidence shows this helper/object name is displayed	none: likely internal object/helper name	UnityPy typetree string
9	level2:831	item	bait (14)			ignore-technical	level2:path_id=831:m_Name	type=GameObject; name=bait (14); dump=level2/GameObject/831__bait_14.json		ignore unless runtime evidence shows this helper/object name is displayed	none: likely internal object/helper name	UnityPy typetree string
9	level2:841	item	food_fish (5)			ignore-technical	level2:path_id=841:m_Name	type=GameObject; name=food_fish (5); dump=level2/GameObject/841__food_fish_5.json		ignore unless runtime evidence shows this helper/object name is displayed	none: likely internal object/helper name	UnityPy typetree string
9	level2:844	item	bait (4)			ignore-technical	level2:path_id=844:m_Name	type=GameObject; name=bait (4); dump=level2/GameObject/844__bait_4.json		ignore unless runtime evidence shows this helper/object name is displayed	none: likely internal object/helper name	UnityPy typetree string
9	level2:857	item	food_fish (8)			ignore-technical	level2:path_id=857:m_Name	type=GameObject; name=food_fish (8); dump=level2/GameObject/857__food_fish_8.json		ignore unless runtime evidence shows this helper/object name is displayed	none: likely internal object/helper name	UnityPy typetree string
9	level2:863	item	bait (13)			ignore-technical	level2:path_id=863:m_Name	type=GameObject; name=bait (13); dump=level2/GameObject/863__bait_13.json		ignore unless runtime evidence shows this helper/object name is displayed	none: likely internal object/helper name	UnityPy typetree string
9	level2:871	item	bait (2)			ignore-technical	level2:path_id=871:m_Name	type=GameObject; name=bait (2); dump=level2/GameObject/871__bait_2.json		ignore unless runtime evidence shows this helper/object name is displayed	none: likely internal object/helper name	UnityPy typetree string
9	level2:896	item	bait (12)			ignore-technical	level2:path_id=896:m_Name	type=GameObject; name=bait (12); dump=level2/GameObject/896__bait_12.json		ignore unless runtime evidence shows this helper/object name is displayed	none: likely internal object/helper name	UnityPy typetree string
9	level2:919	item	food_fish (34)			ignore-technical	level2:path_id=919:m_Name	type=GameObject; name=food_fish (34); dump=level2/GameObject/919__food_fish_34.json		ignore unless runtime evidence shows this helper/object name is displayed	none: likely internal object/helper name	UnityPy typetree string
9	level2:95	item	food_fish (24)			ignore-technical	level2:path_id=95:m_Name	type=GameObject; name=food_fish (24); dump=level2/GameObject/95__food_fish_24.json		ignore unless runtime evidence shows this helper/object name is displayed	none: likely internal object/helper name	UnityPy typetree string
9	level2:no_path	unknown	AllVisualItems			ignore-technical	level2:raw_ascii@245432	type=raw_bytes	ducttape (2) N | mixamorig:RightUpLeg | bait (2) N || mixamorig:LeftHandIndex2 | mixamorig:LeftShoulder | mixamorig:RightHandIndex3	ignore unless runtime evidence shows this helper/object name is displayed	none: likely internal object/helper name	Same English item text exists in both versions but serialized locations differ. v1.1.2 locations=level2::raw_ascii@244376:; level3::raw_ascii@163256:; level4::raw_ascii@293176:; v1.1.3 locations=level2::raw_ascii@245432:; level3::raw_ascii@164440:; level4::raw_ascii@316344:. Use source text plus neighbouring object context, not path_id/list index.
9	level2:no_path	ui	bait (1) N			ignore-technical	level2:raw_ascii@212020	type=raw_bytes	mixamorig:Spine | mixamorig:Hips | mixamorig:RightToeBase || mixamorig:RightLeg | flaregun N | mixamorig:LeftHandThumb3	ignore unless runtime evidence shows this helper/object name is displayed	none: likely internal object/helper name	Same English item text exists in both versions but serialized locations differ. v1.1.2 locations=level2::raw_ascii@210964:; level2::raw_ascii@232972:; level3::raw_ascii@141768:; level4::raw_ascii@402552:; v1.1.3 locations=level2::raw_ascii@212020:; level2::raw_ascii@234028:; level3::raw_ascii@142952:; level4::raw_ascii@438440:. Use source text plus neighbouring object context, not path_id/list index.
9	level2:no_path	ui	bait (1) N			ignore-technical	level2:raw_ascii@234028	type=raw_bytes	mixamorig:LeftShoulder | mixamorig:LeftHandThumb1 | mixamorig:RightArm || mixamorig:Spine1 | mixamorig:RightForeArm | mixamorig:Spine1	ignore unless runtime evidence shows this helper/object name is displayed	none: likely internal object/helper name	raw byte fallback candidate; inspect neighbouring Unity object if promoted
9	level2:no_path	ui	bait (2) N			ignore-technical	level2:raw_ascii@236316	type=raw_bytes	mixamorig:LeftUpLeg | mixamorig:RightHandThumb4 | mixamorig:LeftShoulder || mixamorig:LeftUpLeg | mixamorig:Spine2 | itemImage	ignore unless runtime evidence shows this helper/object name is displayed	none: likely internal object/helper name	Same English item text exists in both versions but serialized locations differ. v1.1.2 locations=level2::raw_ascii@235260:; level2::raw_ascii@244228:; level3::raw_ascii@166632:; level4::raw_ascii@334968:; v1.1.3 locations=level2::raw_ascii@236316:; level2::raw_ascii@245284:; level3::raw_ascii@167816:; level4::raw_ascii@362856:. Use source text plus neighbouring object context, not path_id/list index.
9	level2:no_path	ui	bait (2) N			ignore-technical	level2:raw_ascii@245284	type=raw_bytes	mixamorig:LeftHandIndex1 | ducttape (2) N | mixamorig:RightUpLeg || AllVisualItems | mixamorig:LeftHandIndex2 | mixamorig:LeftShoulder	ignore unless runtime evidence shows this helper/object name is displayed	none: likely internal object/helper name	raw byte fallback candidate; inspect neighbouring Unity object if promoted
9	level2:no_path	ui	bait (3) N			ignore-technical	level2:raw_ascii@241860	type=raw_bytes	mixamorig:RightHandIndex1 | mixamorig:RightLeg | flaregun (2) N || mixamorig:RightHand | mixamorig:LeftArm | flaregun N	ignore unless runtime evidence shows this helper/object name is displayed	none: likely internal object/helper name	Same English item text exists in both versions but serialized locations differ. v1.1.2 locations=level2::raw_ascii@240804:; v1.1.3 locations=level2::raw_ascii@241860:. Use source text plus neighbouring object context, not path_id/list index.
9	level2:no_path	ui	bait (4) N			ignore-technical	level2:raw_ascii@243428	type=raw_bytes	mixamorig:RightFoot | mixamorig:RightForeArm | mixamorig:LeftToeBase || mixamorig:LeftFoot | mixamorig:RightHandIndex3 | mixamorig:LeftShoulder	ignore unless runtime evidence shows this helper/object name is displayed	none: likely internal object/helper name	Same English item text exists in both versions but serialized locations differ. v1.1.2 locations=level2::raw_ascii@242372:; v1.1.3 locations=level2::raw_ascii@243428:. Use source text plus neighbouring object context, not path_id/list index.
9	level2:no_path	ui	bait (5) N			ignore-technical	level2:raw_ascii@208228	type=raw_bytes	mixamorig:RightHandIndex1 | mixamorig:LeftHandThumb1 | mixamorig:LeftArm || mixamorig:LeftHandThumb1 | mixamorig:RightFoot | mixamorig:RightHandThumb2	ignore unless runtime evidence shows this helper/object name is displayed	none: likely internal object/helper name	Same English item text exists in both versions but serialized locations differ. v1.1.2 locations=level2::raw_ascii@207172:; v1.1.3 locations=level2::raw_ascii@208228:. Use source text plus neighbouring object context, not path_id/list index.
9	level2:no_path	ui	bait (6) N			ignore-technical	level2:raw_ascii@273908	type=raw_bytes	mixamorig:RightHandIndex2 | Foods | mixamorig:RightForeArm || mixamorig:RightHandIndex1 | mixamorig:LeftHandIndex2 | mixamorig:Spine2	ignore unless runtime evidence shows this helper/object name is displayed	none: likely internal object/helper name	Same English item text exists in both versions but serialized locations differ. v1.1.2 locations=level2::raw_ascii@272852:; v1.1.3 locations=level2::raw_ascii@273908:. Use source text plus neighbouring object context, not path_id/list index.
9	level2:no_path	ui	bait (7) N			ignore-technical	level2:raw_ascii@219172	type=raw_bytes	mixamorig:RightShoulder | Baits | mixamorig:LeftHandThumb4 || mixamorig:RightHandThumb2 | mixamorig:LeftHandThumb4 | mixamorig:LeftHandIndex1	ignore unless runtime evidence shows this helper/object name is displayed	none: likely internal object/helper name	Same English item text exists in both versions but serialized locations differ. v1.1.2 locations=level2::raw_ascii@218116:; v1.1.3 locations=level2::raw_ascii@219172:. Use source text plus neighbouring object context, not path_id/list index.
9	level2:no_path	ui	bait (8) N			ignore-technical	level2:raw_ascii@276884	type=raw_bytes	flaregun (3) N | mixamorig:RightShoulder | mixamorig:LeftFoot || mixamorig:Hips | mixamorig:Head | mixamorig:LeftHandIndex2	ignore unless runtime evidence shows this helper/object name is displayed	none: likely internal object/helper name	Same English item text exists in both versions but serialized locations differ. v1.1.2 locations=level2::raw_ascii@275828:; v1.1.3 locations=level2::raw_ascii@276884:. Use source text plus neighbouring object context, not path_id/list index.
9	level2:no_path	ui	bait (9) N			ignore-technical	level2:raw_ascii@258292	type=raw_bytes	mixamorig:Head | mixamorig:LeftHand | mixamorig:Spine2 || mixamorig:RightHandThumb4 | mixamorig:Spine1 | mixamorig:RightHandThumb3	ignore unless runtime evidence shows this helper/object name is displayed	none: likely internal object/helper name	Same English item text exists in both versions but serialized locations differ. v1.1.2 locations=level2::raw_ascii@257236:; v1.1.3 locations=level2::raw_ascii@258292:. Use source text plus neighbouring object context, not path_id/list index.
9	level2:no_path	ui	bait N			ignore-technical	level2:raw_ascii@201068	type=raw_bytes	mixamorig:LeftArm | mixamorig:LeftHandIndex4 | mixamorig:RightHandIndex2 || mixamorig:RightHand | mixamorig:LeftHandIndex1 | mixamorig:RightLeg	ignore unless runtime evidence shows this helper/object name is displayed	none: likely internal object/helper name	Same English item text exists in both versions but serialized locations differ. v1.1.2 locations=level2::raw_ascii@200012:; level2::raw_ascii@261572:; level3::raw_ascii@138040:; level3::raw_ascii@175896:; level4::raw_ascii@277208:; +1 more; v1.1.3 locations=level2::raw_ascii@201068:; level2::raw_ascii@262628:; level3::raw_ascii@139224:; level3::raw_ascii@177080:; level4::raw_ascii@298360:; +1 more. Use source text plus neighbouring object context, not path_id/list index.
9	level2:no_path	ui	bait N			ignore-technical	level2:raw_ascii@262628	type=raw_bytes	mixamorig:LeftForeArm | mixamorig:LeftToeBase | mixamorig:RightHandIndex4 || mixamorig:LeftHandIndex1 | mixamorig:Hips | mixamorig:Hips	ignore unless runtime evidence shows this helper/object name is displayed	none: likely internal object/helper name	raw byte fallback candidate; inspect neighbouring Unity object if promoted
9	level2:no_path	unknown	ducttape (1) N			ignore-technical	level2:raw_ascii@216996	type=raw_bytes	mixamorig:RightUpLeg | mixamorig:RightToeBase | mixamorig:RightHandThumb1 || mixamorig:Head | mixamorig:RightLeg | mixamorig:RightHandThumb2	ignore unless runtime evidence shows this helper/object name is displayed	none: likely internal object/helper name	Same English item text exists in both versions but serialized locations differ. v1.1.2 locations=level2::raw_ascii@215940:; v1.1.3 locations=level2::raw_ascii@216996:. Use source text plus neighbouring object context, not path_id/list index.
9	level2:no_path	unknown	ducttape (2) N			ignore-technical	level2:raw_ascii@244804	type=raw_bytes	mixamorig:LeftUpLeg | mixamorig:LeftHandIndex3 | mixamorig:LeftHandIndex1 || mixamorig:RightUpLeg | bait (2) N | AllVisualItems	ignore unless runtime evidence shows this helper/object name is displayed	none: likely internal object/helper name	Same English item text exists in both versions but serialized locations differ. v1.1.2 locations=level2::raw_ascii@243748:; v1.1.3 locations=level2::raw_ascii@244804:. Use source text plus neighbouring object context, not path_id/list index.
9	level2:no_path	unknown	ducttape (3) N			ignore-technical	level2:raw_ascii@281332	type=raw_bytes	mixamorig:RightHandIndex3 | mixamorig:RightShoulder | mixamorig:Neck || mixamorig:RightToeBase | mixamorig:RightHandIndex4 | mixamorig:RightHandThumb3	ignore unless runtime evidence shows this helper/object name is displayed	none: likely internal object/helper name	Same English item text exists in both versions but serialized locations differ. v1.1.2 locations=level2::raw_ascii@280276:; v1.1.3 locations=level2::raw_ascii@281332:. Use source text plus neighbouring object context, not path_id/list index.
9	level2:no_path	unknown	ducttape (4) N			ignore-technical	level2:raw_ascii@198564	type=raw_bytes	mixamorig:LeftHandThumb3 | mixamorig:RightLeg | mixamorig:RightToeBase || mixamorig:LeftHandThumb2 | mixamorig:LeftShoulder | mixamorig:LeftToeBase	ignore unless runtime evidence shows this helper/object name is displayed	none: likely internal object/helper name	Same English item text exists in both versions but serialized locations differ. v1.1.2 locations=level2::raw_ascii@197508:; v1.1.3 locations=level2::raw_ascii@198564:. Use source text plus neighbouring object context, not path_id/list index.
9	level2:no_path	unknown	ducttape (5) N			ignore-technical	level2:raw_ascii@242340	type=raw_bytes	mixamorig:RightHand | mixamorig:LeftArm | flaregun N || mixamorig:Hips | mixamorig:RightHandIndex4 | mixamorig:RightFoot	ignore unless runtime evidence shows this helper/object name is displayed	none: likely internal object/helper name	Same English item text exists in both versions but serialized locations differ. v1.1.2 locations=level2::raw_ascii@241284:; v1.1.3 locations=level2::raw_ascii@242340:. Use source text plus neighbouring object context, not path_id/list index.
9	level2:no_path	unknown	ducttape N			ignore-technical	level2:raw_ascii@204564	type=raw_bytes	mixamorig:Hips | mixamorig:LeftHandIndex2 | mixamorig:RightHand || mixamorig:RightLeg | mixamorig:LeftHandIndex2 | mixamorig:RightHandThumb1	ignore unless runtime evidence shows this helper/object name is displayed	none: likely internal object/helper name	Same English item text exists in both versions but serialized locations differ. v1.1.2 locations=level2::raw_ascii@203508:; level2::raw_ascii@205836:; level3::raw_ascii@139208:; level4::raw_ascii@266104:; v1.1.3 locations=level2::raw_ascii@204564:; level2::raw_ascii@206892:; level3::raw_ascii@140392:; level4::raw_ascii@286024:. Use source text plus neighbouring object context, not path_id/list index.
9	level2:no_path	unknown	flaregun (1) N			ignore-technical	level2:raw_ascii@223236	type=raw_bytes	mixamorig:Hips | mixamorig:LeftLeg | mixamorig:RightHandIndex3 || mixamorig:RightShoulder | mixamorig:LeftLeg | mixamorig:Hips	ignore unless runtime evidence shows this helper/object name is displayed	none: likely internal object/helper name	Same English item text exists in both versions but serialized locations differ. v1.1.2 locations=level2::raw_ascii@222180:; v1.1.3 locations=level2::raw_ascii@223236:. Use source text plus neighbouring object context, not path_id/list index.
9	level2:no_path	unknown	flaregun (2) N			ignore-technical	level2:raw_ascii@241636	type=raw_bytes	mixamorig:RightHandThumb4 | mixamorig:RightHandIndex1 | mixamorig:RightLeg || bait (3) N | mixamorig:RightHand | mixamorig:LeftArm	ignore unless runtime evidence shows this helper/object name is displayed	none: likely internal object/helper name	Same English item text exists in both versions but serialized locations differ. v1.1.2 locations=level2::raw_ascii@240580:; v1.1.3 locations=level2::raw_ascii@241636:. Use source text plus neighbouring object context, not path_id/list index.
9	level2:no_path	unknown	flaregun (3) N			ignore-technical	level2:raw_ascii@276340	type=raw_bytes	mixamorig:LeftHandThumb2 | mixamorig:RightHandIndex3 | mixamorig:RightFoot || mixamorig:RightShoulder | mixamorig:LeftFoot | bait (8) N	ignore unless runtime evidence shows this helper/object name is displayed	none: likely internal object/helper name	Same English item text exists in both versions but serialized locations differ. v1.1.2 locations=level2::raw_ascii@275284:; v1.1.3 locations=level2::raw_ascii@276340:. Use source text plus neighbouring object context, not path_id/list index.
9	level2:no_path	unknown	flaregun N			ignore-technical	level2:raw_ascii@212212	type=raw_bytes	mixamorig:RightToeBase | bait (1) N | mixamorig:RightLeg || mixamorig:LeftHandThumb3 | mixamorig:RightHandThumb1 | mixamorig:Head	ignore unless runtime evidence shows this helper/object name is displayed	none: likely internal object/helper name	Same English item text exists in both versions but serialized locations differ. v1.1.2 locations=level2::raw_ascii@211156:; level2::raw_ascii@241180:; level3::raw_ascii@178296:; level4::raw_ascii@371128:; v1.1.3 locations=level2::raw_ascii@212212:; level2::raw_ascii@242236:; level3::raw_ascii@179480:; level4::raw_ascii@403480:. Use source text plus neighbouring object context, not path_id/list index.
9	level2:no_path	notification	Item Checkmark			ignore-technical	level2:raw_ascii@329440	type=raw_bytes	Item | mixamorig:RightHand | mixamorig:RightHandIndex4 || mixamorig:LeftHandThumb2 | mixamorig:RightForeArm | mixamorig:RightHandThumb3	ignore unless runtime evidence shows this helper/object name is displayed	none: likely internal object/helper name	raw byte fallback candidate; inspect neighbouring Unity object if promoted
9	level2:no_path	unknown	ItemGenerator			ignore-technical	level2:raw_ascii@272500	type=raw_bytes	mixamorig:LeftHandThumb4 | mixamorig:Spine2 | mixamorig:LeftFoot || mixamorig:LeftToeBase | umbrella (1) N | mixamorig:RightHandIndex2	ignore unless runtime evidence shows this helper/object name is displayed	none: likely internal object/helper name	Same English item text exists in both versions but serialized locations differ. v1.1.2 locations=level2::raw_ascii@271444:; v1.1.3 locations=level2::raw_ascii@272500:. Use source text plus neighbouring object context, not path_id/list index.
9	level2:no_path	unknown	itemImage			ignore-technical	level2:raw_ascii@236604	type=raw_bytes	bait (2) N | mixamorig:LeftUpLeg | mixamorig:Spine2 || mixamorig:RightHandIndex4 | mixamorig:LeftShoulder | mixamorig:RightArm	ignore unless runtime evidence shows this helper/object name is displayed	none: likely internal object/helper name	Same English item text exists in both versions but serialized locations differ. v1.1.2 locations=level2::raw_ascii@235548:; level2::raw_ascii@245964:; level2::raw_ascii@269196:; v1.1.3 locations=level2::raw_ascii@236604:; level2::raw_ascii@247020:; level2::raw_ascii@270252:. Use source text plus neighbouring object context, not path_id/list index.
9	level3:115	item	food_fish (7)			ignore-technical	level3:path_id=115:m_Name	type=GameObject; name=food_fish (7); dump=level3/GameObject/115__food_fish_7.json		ignore unless runtime evidence shows this helper/object name is displayed	none: likely internal object/helper name	UnityPy typetree string
9	level3:1300	item	Item			ignore-technical	level3:path_id=1300:m_Name	type=GameObject; name=Item; dump=level3/GameObject/1300__Item.json		ignore unless runtime evidence shows this helper/object name is displayed	none: likely internal object/helper name	UnityPy typetree string
9	level3:1303	notification	Item Checkmark			ignore-technical	level3:path_id=1303:m_Name	type=GameObject; name=Item Checkmark; dump=level3/GameObject/1303__Item_Checkmark.json		ignore unless runtime evidence shows this helper/object name is displayed	none: likely internal object/helper name	UnityPy typetree string
9	level3:1366	notification	Item Label			ignore-technical	level3:path_id=1366:m_Name	type=GameObject; name=Item Label; dump=level3/GameObject/1366__Item_Label.json		ignore unless runtime evidence shows this helper/object name is displayed	none: likely internal object/helper name	UnityPy typetree string
9	level3:1369	notification	Item Background			ignore-technical	level3:path_id=1369:m_Name	type=GameObject; name=Item Background; dump=level3/GameObject/1369__Item_Background.json		ignore unless runtime evidence shows this helper/object name is displayed	none: likely internal object/helper name	UnityPy typetree string
9	level3:206	item	food_fish (6)			ignore-technical	level3:path_id=206:m_Name	type=GameObject; name=food_fish (6); dump=level3/GameObject/206__food_fish_6.json		ignore unless runtime evidence shows this helper/object name is displayed	none: likely internal object/helper name	UnityPy typetree string
9	level3:217	item	food_fish (3)			ignore-technical	level3:path_id=217:m_Name	type=GameObject; name=food_fish (3); dump=level3/GameObject/217__food_fish_3.json		ignore unless runtime evidence shows this helper/object name is displayed	none: likely internal object/helper name	UnityPy typetree string
9	level3:286	item	bait (1)			ignore-technical	level3:path_id=286:m_Name	type=GameObject; name=bait (1); dump=level3/GameObject/286__bait_1.json		ignore unless runtime evidence shows this helper/object name is displayed	none: likely internal object/helper name	UnityPy typetree string
9	level3:371	item	food_fish (1)			ignore-technical	level3:path_id=371:m_Name	type=GameObject; name=food_fish (1); dump=level3/GameObject/371__food_fish_1.json		ignore unless runtime evidence shows this helper/object name is displayed	none: likely internal object/helper name	UnityPy typetree string
9	level3:405	item	food_fish (4)			ignore-technical	level3:path_id=405:m_Name	type=GameObject; name=food_fish (4); dump=level3/GameObject/405__food_fish_4.json		ignore unless runtime evidence shows this helper/object name is displayed	none: likely internal object/helper name	UnityPy typetree string
9	level3:4505	result/search	SearchAccepted			ignore-technical	level3:path_id=4505:raw_length_prefixed@879400	type=MonoBehaviour; name=Yes; script=UnityEngine.UI:UnityEngine.UI.Button; gameobject=Yes; dump=level3/MonoBehaviour/4505__Yes.json		ignore unless runtime evidence shows this helper/object name is displayed	none: likely internal object/helper name	MonoBehaviour length-prefixed string; script=unknown:890; length=14
9	level3:4509	result/search	SearchDenied			ignore-technical	level3:path_id=4509:raw_length_prefixed@880200	type=MonoBehaviour; name=No; script=UnityEngine.UI:UnityEngine.UI.Button; gameobject=No; dump=level3/MonoBehaviour/4509__No.json		ignore unless runtime evidence shows this helper/object name is displayed	none: likely internal object/helper name	MonoBehaviour length-prefixed string; script=unknown:890; length=12
9	level3:670	item	bait (2)			ignore-technical	level3:path_id=670:m_Name	type=GameObject; name=bait (2); dump=level3/GameObject/670__bait_2.json		ignore unless runtime evidence shows this helper/object name is displayed	none: likely internal object/helper name	UnityPy typetree string
9	level3:675	item	food_fish (2)			ignore-technical	level3:path_id=675:m_Name	type=GameObject; name=food_fish (2); dump=level3/GameObject/675__food_fish_2.json		ignore unless runtime evidence shows this helper/object name is displayed	none: likely internal object/helper name	UnityPy typetree string
9	level3:796	item	food_fish (5)			ignore-technical	level3:path_id=796:m_Name	type=GameObject; name=food_fish (5); dump=level3/GameObject/796__food_fish_5.json		ignore unless runtime evidence shows this helper/object name is displayed	none: likely internal object/helper name	UnityPy typetree string
9	level3:no_path	ui	bait (1) N			ignore-technical	level3:raw_ascii@142952	type=raw_bytes	flashlight (broken) | Energy3 | ConfirmScubaSet || CloseButton | Text (TMP) | telescope (broken)	ignore unless runtime evidence shows this helper/object name is displayed	none: likely internal object/helper name	raw byte fallback candidate; inspect neighbouring Unity object if promoted
9	level3:no_path	ui	bait (2) N			ignore-technical	level3:raw_ascii@167816	type=raw_bytes	RandomDayBox | FoundFlower | OptionMode || umbrella (broken) | Cancel | Text (TMP)	ignore unless runtime evidence shows this helper/object name is displayed	none: likely internal object/helper name	raw byte fallback candidate; inspect neighbouring Unity object if promoted
9	level3:no_path	ui	bait N			ignore-technical	level3:raw_ascii@139224	type=raw_bytes	Directional Light | JournalHolder | ShowItemIcons || Particle System | ducttape N | Text (TMP)	ignore unless runtime evidence shows this helper/object name is displayed	none: likely internal object/helper name	raw byte fallback candidate; inspect neighbouring Unity object if promoted
9	level3:no_path	ui	bait N			ignore-technical	level3:raw_ascii@177080	type=raw_bytes	Text (TMP) | Point Light (2) | energyicon (2) || Energy1 | Particle System | Foods	ignore unless runtime evidence shows this helper/object name is displayed	none: likely internal object/helper name	raw byte fallback candidate; inspect neighbouring Unity object if promoted
9	level3:no_path	unknown	barrelToClick			ignore-technical	level3:raw_ascii@213608	type=raw_bytes	mixamorig:LeftHandThumb1 | Item Background | DayGameMusic || mixamorig:LeftHandIndex1 | mixamorig:Spine2 | mixamorig:LeftHandThumb1	ignore unless runtime evidence shows this helper/object name is displayed	none: likely internal object/helper name	Same English item text exists in both versions but serialized locations differ. v1.1.2 locations=level3::raw_ascii@211768:; v1.1.3 locations=level3::raw_ascii@213608:. Use source text plus neighbouring object context, not path_id/list index.
9	level3:no_path	unknown	FishedInfoHolder			ignore-technical	level3:raw_ascii@153900	type=raw_bytes	friendIcon (1) | ClickToContinue | Text (TMP) || Energy3 | ScubaSearchHud | energyicon (1)	ignore unless runtime evidence shows this helper/object name is displayed	none: likely internal object/helper name	Same English item text exists in both versions but serialized locations differ. v1.1.2 locations=level3::raw_ascii@152716:; v1.1.3 locations=level3::raw_ascii@153900:. Use source text plus neighbouring object context, not path_id/list index.
9	level3:no_path	notification	Item Background			ignore-technical	level3:raw_ascii@212896	type=raw_bytes	Item Label | mixamorig:LeftHandIndex1 | mixamorig:LeftHandThumb1 || DayGameMusic | barrelToClick | mixamorig:LeftHandIndex1	ignore unless runtime evidence shows this helper/object name is displayed	none: likely internal object/helper name	raw byte fallback candidate; inspect neighbouring Unity object if promoted
9	level3:no_path	notification	Item Checkmark			ignore-technical	level3:raw_ascii@208720	type=raw_bytes	mixamorig:LeftHandIndex4 | Item | mixamorig:RightHandThumb1 || mixamorig:RightHandThumb4 | mixamorig:RightForeArm | Handle Slide Area	ignore unless runtime evidence shows this helper/object name is displayed	none: likely internal object/helper name	raw byte fallback candidate; inspect neighbouring Unity object if promoted
9	level3:no_path	notification	Item Label			ignore-technical	level3:raw_ascii@212704	type=raw_bytes	mixamorig:LeftArm | mixamorig:LeftForeArm | Fill Area || mixamorig:LeftHandIndex1 | mixamorig:LeftHandThumb1 | Item Background	ignore unless runtime evidence shows this helper/object name is displayed	none: likely internal object/helper name	raw byte fallback candidate; inspect neighbouring Unity object if promoted
9	level3:no_path	result/search	ResultsItems			ignore-technical	level3:raw_ascii@134684	type=raw_bytes	Text (TMP) | ScubaImage | THE BOAT || Baits | Particle System | ItemText	ignore unless runtime evidence shows this helper/object name is displayed	none: likely internal object/helper name	Same English item text exists in both versions but serialized locations differ. v1.1.2 locations=level3::raw_ascii@133500:; v1.1.3 locations=level3::raw_ascii@134684:. Use source text plus neighbouring object context, not path_id/list index.
9	level3:no_path	unknown	ScubaGoggles			ignore-technical	level3:raw_ascii@160720	type=raw_bytes	Energy3 | ScubaSearchHud | energyicon (1) || Sleep Button | Particle System | Continue	ignore unless runtime evidence shows this helper/object name is displayed	none: likely internal object/helper name	Same English item text exists in both versions but serialized locations differ. v1.1.2 locations=level3::raw_ascii@159536:; v1.1.3 locations=level3::raw_ascii@160720:. Use source text plus neighbouring object context, not path_id/list index.
9	level3:no_path	unknown	ScubaImage			ignore-technical	level3:raw_ascii@129872	type=raw_bytes	energyicon (1) | ItemText | Text (TMP) || THE BOAT | ResultsItems | Baits	ignore unless runtime evidence shows this helper/object name is displayed	none: likely internal object/helper name	Same English item text exists in both versions but serialized locations differ. v1.1.2 locations=level3::raw_ascii@128688:; v1.1.3 locations=level3::raw_ascii@129872:. Use source text plus neighbouring object context, not path_id/list index.
9	level3:no_path	result/search	ScubaSearchHud			ignore-technical	level3:raw_ascii@154836	type=raw_bytes	Text (TMP) | FishedInfoHolder | Energy3 || energyicon (1) | ScubaGoggles | Sleep Button	ignore unless runtime evidence shows this helper/object name is displayed	none: likely internal object/helper name	Same English item text exists in both versions but serialized locations differ. v1.1.2 locations=level3::raw_ascii@153652:; v1.1.3 locations=level3::raw_ascii@154836:. Use source text plus neighbouring object context, not path_id/list index.
9	level3:no_path	unknown	scubaTaskCamera			ignore-technical	level3:raw_ascii@194832	type=raw_bytes	Point Light (1) | Text (TMP) | Text (TMP) || UseDuctTape | SettingsFade | mixamorig:LeftForeArm	ignore unless runtime evidence shows this helper/object name is displayed	none: likely internal object/helper name	Same English item text exists in both versions but serialized locations differ. v1.1.2 locations=level3::raw_ascii@193648:; v1.1.3 locations=level3::raw_ascii@194832:. Use source text plus neighbouring object context, not path_id/list index.
9	level3:no_path	result/search	SearchAccepted			ignore-technical	level3:raw_ascii@879400	type=raw_bytes	fish | Drifting Barrel | Food || SearchDenied | CloseJournal | Swim Ring	ignore unless runtime evidence shows this helper/object name is displayed	none: likely internal object/helper name	raw byte fallback candidate; inspect neighbouring Unity object if promoted
9	level3:no_path	result/search	SearchDenied			ignore-technical	level3:raw_ascii@880200	type=raw_bytes	Drifting Barrel | Food | SearchAccepted || CloseJournal | Swim Ring | Food	ignore unless runtime evidence shows this helper/object name is displayed	none: likely internal object/helper name	raw byte fallback candidate; inspect neighbouring Unity object if promoted
9	level4:1143	item	food_fish (3)			ignore-technical	level4:path_id=1143:m_Name	type=GameObject; name=food_fish (3); dump=level4/GameObject/1143__food_fish_3.json		ignore unless runtime evidence shows this helper/object name is displayed	none: likely internal object/helper name	UnityPy typetree string
9	level4:1304	item	food_fish (5)			ignore-technical	level4:path_id=1304:m_Name	type=GameObject; name=food_fish (5); dump=level4/GameObject/1304__food_fish_5.json		ignore unless runtime evidence shows this helper/object name is displayed	none: likely internal object/helper name	UnityPy typetree string
9	level4:1408	item	bait (2)			ignore-technical	level4:path_id=1408:m_Name	type=GameObject; name=bait (2); dump=level4/GameObject/1408__bait_2.json		ignore unless runtime evidence shows this helper/object name is displayed	none: likely internal object/helper name	UnityPy typetree string
9	level4:1851	item	food_fish (6)			ignore-technical	level4:path_id=1851:m_Name	type=GameObject; name=food_fish (6); dump=level4/GameObject/1851__food_fish_6.json		ignore unless runtime evidence shows this helper/object name is displayed	none: likely internal object/helper name	UnityPy typetree string
9	level4:197	item	food_fish (1)			ignore-technical	level4:path_id=197:m_Name	type=GameObject; name=food_fish (1); dump=level4/GameObject/197__food_fish_1.json		ignore unless runtime evidence shows this helper/object name is displayed	none: likely internal object/helper name	UnityPy typetree string
9	level4:2570	item	bait (1)			ignore-technical	level4:path_id=2570:m_Name	type=GameObject; name=bait (1); dump=level4/GameObject/2570__bait_1.json		ignore unless runtime evidence shows this helper/object name is displayed	none: likely internal object/helper name	UnityPy typetree string
9	level4:2599	item	food_fish (7)			ignore-technical	level4:path_id=2599:m_Name	type=GameObject; name=food_fish (7); dump=level4/GameObject/2599__food_fish_7.json		ignore unless runtime evidence shows this helper/object name is displayed	none: likely internal object/helper name	UnityPy typetree string
9	level4:3144	item	Item			ignore-technical	level4:path_id=3144:m_Name	type=GameObject; name=Item; dump=level4/GameObject/3144__Item.json		ignore unless runtime evidence shows this helper/object name is displayed	none: likely internal object/helper name	UnityPy typetree string
9	level4:3149	notification	Item Checkmark			ignore-technical	level4:path_id=3149:m_Name	type=GameObject; name=Item Checkmark; dump=level4/GameObject/3149__Item_Checkmark.json		ignore unless runtime evidence shows this helper/object name is displayed	none: likely internal object/helper name	UnityPy typetree string
9	level4:3244	notification	Item Label			ignore-technical	level4:path_id=3244:m_Name	type=GameObject; name=Item Label; dump=level4/GameObject/3244__Item_Label.json		ignore unless runtime evidence shows this helper/object name is displayed	none: likely internal object/helper name	UnityPy typetree string
9	level4:3246	notification	Item Background			ignore-technical	level4:path_id=3246:m_Name	type=GameObject; name=Item Background; dump=level4/GameObject/3246__Item_Background.json		ignore unless runtime evidence shows this helper/object name is displayed	none: likely internal object/helper name	UnityPy typetree string
9	level4:598	item	food_fish (2)			ignore-technical	level4:path_id=598:m_Name	type=GameObject; name=food_fish (2); dump=level4/GameObject/598__food_fish_2.json		ignore unless runtime evidence shows this helper/object name is displayed	none: likely internal object/helper name	UnityPy typetree string
9	level4:837	item	food_fish (4)			ignore-technical	level4:path_id=837:m_Name	type=GameObject; name=food_fish (4); dump=level4/GameObject/837__food_fish_4.json		ignore unless runtime evidence shows this helper/object name is displayed	none: likely internal object/helper name	UnityPy typetree string
9	level4:no_path	ui	bait (1) N			ignore-technical	level4:raw_ascii@438440	type=raw_bytes	EnergyCostShower | Particle System (1) | mixamorig:LeftHandIndex3 || FriendSick | TraderLamp | mixamorig:LeftHandThumb2	ignore unless runtime evidence shows this helper/object name is displayed	none: likely internal object/helper name	raw byte fallback candidate; inspect neighbouring Unity object if promoted
9	level4:no_path	ui	bait (2) N			ignore-technical	level4:raw_ascii@362856	type=raw_bytes	mixamorig:RightHandIndex4 | mixamorig:LeftHandIndex3 | GoBackToSleep || Particle System (3) | mixamorig:RightHandIndex1 | mixamorig:LeftShoulder	ignore unless runtime evidence shows this helper/object name is displayed	none: likely internal object/helper name	raw byte fallback candidate; inspect neighbouring Unity object if promoted
9	level4:no_path	ui	bait N			ignore-technical	level4:raw_ascii@298360	type=raw_bytes	Spot Light | mixamorig:RightHandIndex2 | Text (TMP) || mixamorig:Head | GoBackToSleep | mixamorig:RightArm	ignore unless runtime evidence shows this helper/object name is displayed	none: likely internal object/helper name	raw byte fallback candidate; inspect neighbouring Unity object if promoted
9	level4:no_path	ui	bait N			ignore-technical	level4:raw_ascii@319264	type=raw_bytes	TraderCanvas | mixamorig:Spine2 | mixamorig:RightArm || TraderHandLeft | fishpivot (3) | mixamorig:RightHandThumb2	ignore unless runtime evidence shows this helper/object name is displayed	none: likely internal object/helper name	raw byte fallback candidate; inspect neighbouring Unity object if promoted
9	level4:no_path	unknown	itemReceived			ignore-technical	level4:raw_ascii@386632	type=raw_bytes	mixamorig:RightLeg | mixamorig:RightShoulder | mixamorig:Neck || mixamorig:RightHandIndex2 | mixamorig:Spine | compass (broken) N	ignore unless runtime evidence shows this helper/object name is displayed	none: likely internal object/helper name	Same English item text exists in both versions but serialized locations differ. v1.1.2 locations=level4::raw_ascii@356120:; v1.1.3 locations=level4::raw_ascii@386632:. Use source text plus neighbouring object context, not path_id/list index.
9	level4:no_path	unknown	itemToGive			ignore-technical	level4:raw_ascii@331832	type=raw_bytes	Point Light | mixamorig:RightUpLeg | FriendText || mixamorig:RightHandIndex4 | mixamorig:RightShoulder | mixamorig:LeftHandIndex3	ignore unless runtime evidence shows this helper/object name is displayed	none: likely internal object/helper name	Same English item text exists in both versions but serialized locations differ. v1.1.2 locations=level4::raw_ascii@307016:; v1.1.3 locations=level4::raw_ascii@331832:. Use source text plus neighbouring object context, not path_id/list index.
9	level5:496	item	Item			ignore-technical	level5:path_id=496:m_Name	type=GameObject; name=Item; dump=level5/GameObject/496__Item.json		ignore unless runtime evidence shows this helper/object name is displayed	none: likely internal object/helper name	UnityPy typetree string
9	level5:498	notification	Item Checkmark			ignore-technical	level5:path_id=498:m_Name	type=GameObject; name=Item Checkmark; dump=level5/GameObject/498__Item_Checkmark.json		ignore unless runtime evidence shows this helper/object name is displayed	none: likely internal object/helper name	UnityPy typetree string
9	level5:535	notification	Item Label			ignore-technical	level5:path_id=535:m_Name	type=GameObject; name=Item Label; dump=level5/GameObject/535__Item_Label.json		ignore unless runtime evidence shows this helper/object name is displayed	none: likely internal object/helper name	UnityPy typetree string
9	level5:536	notification	Item Background			ignore-technical	level5:path_id=536:m_Name	type=GameObject; name=Item Background; dump=level5/GameObject/536__Item_Background.json		ignore unless runtime evidence shows this helper/object name is displayed	none: likely internal object/helper name	UnityPy typetree string
9	level5:no_path	notification	Item Background			ignore-technical	level5:raw_ascii@85872	type=raw_bytes	Fill Area | mixamorig:LeftFoot | Item Label || mixamorig:Head | DayGameMusic | Settings	ignore unless runtime evidence shows this helper/object name is displayed	none: likely internal object/helper name	raw byte fallback candidate; inspect neighbouring Unity object if promoted
9	level5:no_path	notification	Item Checkmark			ignore-technical	level5:raw_ascii@83344	type=raw_bytes	UniStorm Windzone | UniStorm Sun | Item || Handle Slide Area | mixamorig:Spine2 | Text (TMP)	ignore unless runtime evidence shows this helper/object name is displayed	none: likely internal object/helper name	raw byte fallback candidate; inspect neighbouring Unity object if promoted
9	level5:no_path	notification	Item Label			ignore-technical	level5:raw_ascii@85808	type=raw_bytes	Restore | Fill Area | mixamorig:LeftFoot || Item Background | mixamorig:Head | DayGameMusic	ignore unless runtime evidence shows this helper/object name is displayed	none: likely internal object/helper name	raw byte fallback candidate; inspect neighbouring Unity object if promoted
9	resources.assets:273	notification	Item Checkmark			ignore-technical	resources.assets:path_id=273:m_Name	type=GameObject; name=Item Checkmark; dump=resources.assets/GameObject/273__Item_Checkmark.json		ignore unless runtime evidence shows this helper/object name is displayed	none: likely internal object/helper name	UnityPy typetree string
9	resources.assets:325	notification	Item Label			ignore-technical	resources.assets:path_id=325:m_Name	type=GameObject; name=Item Label; dump=resources.assets/GameObject/325__Item_Label.json		ignore unless runtime evidence shows this helper/object name is displayed	none: likely internal object/helper name	UnityPy typetree string
9	resources.assets:379	item	Item			ignore-technical	resources.assets:path_id=379:m_Name	type=GameObject; name=Item; dump=resources.assets/GameObject/379__Item.json		ignore unless runtime evidence shows this helper/object name is displayed	none: likely internal object/helper name	UnityPy typetree string
9	resources.assets:400	notification	Item Background			ignore-technical	resources.assets:path_id=400:m_Name	type=GameObject; name=Item Background; dump=resources.assets/GameObject/400__Item_Background.json		ignore unless runtime evidence shows this helper/object name is displayed	none: likely internal object/helper name	UnityPy typetree string
9	sharedassets3.assets:no_path	unknown	fishTO			ignore-technical	sharedassets3.assets:raw_ascii@847096	type=raw_bytes	THE BOAT | GoToSleep | GoToSleepL || fishTO | fishTO | FishingAnimator	ignore unless runtime evidence shows this helper/object name is displayed	none: likely internal object/helper name	Same English item text exists in both versions but serialized locations differ. v1.1.2 locations=sharedassets3.assets::raw_ascii@1264072:; sharedassets3.assets::raw_ascii@1264832:; sharedassets3.assets::raw_ascii@1265592:; v1.1.3 locations=sharedassets3.assets::raw_ascii@847096:; sharedassets3.assets::raw_ascii@847864:; sharedassets3.assets::raw_ascii@848632:. Use source text plus neighbouring object context, not path_id/list index.
9	sharedassets3.assets:no_path	ui	talkClickArrow			ignore-technical	sharedassets3.assets:raw_ascii@883284	type=raw_bytes	SleepBtnLayer | Healthy | JournalLayer || clickToArrow | X1A | X1A	ignore unless runtime evidence shows this helper/object name is displayed	none: likely internal object/helper name	raw byte fallback candidate; inspect neighbouring Unity object if promoted
9	sharedassets4.assets:no_path	result/search	RollFriendSearch			ignore-technical	sharedassets4.assets:raw_ascii@3650908	type=raw_bytes	KA4R | DD A | DD0A || EndNightEvent | s0Y | DD A	ignore unless runtime evidence shows this helper/object name is displayed	none: likely internal object/helper name	raw byte fallback candidate; inspect neighbouring Unity object if promoted
9	sharedassets4.assets:no_path	result/search	RollFriendSearch			ignore-technical	sharedassets4.assets:raw_ascii@3659348	type=raw_bytes	DD A | DD0A | DD8A || EndNightEvent | DD A | ?DD0A	ignore unless runtime evidence shows this helper/object name is displayed	none: likely internal object/helper name	raw byte fallback candidate; inspect neighbouring Unity object if promoted
9	sharedassets4.assets:no_path	result/search	RollFriendSearch			ignore-technical	sharedassets4.assets:raw_ascii@3668740	type=raw_bytes	?DD0A | ?DD8A | ww3A || EndNightEvent | StartChoiceMode | BDD(A	ignore unless runtime evidence shows this helper/object name is displayed	none: likely internal object/helper name	raw byte fallback candidate; inspect neighbouring Unity object if promoted
